sample_id,text,label,persona_id,talk_id,profile_id,z_0,z_1,z_2,z_3,z_4,z_5,z_6,z_7,z_8,z_9,z_10,z_11,z_12,z_13,z_14,z_15,z_16,z_17,z_18,z_19,z_20,z_21,z_22,z_23,z_24,z_25,z_26,z_27,z_28,z_29,z_30,z_31,z_32,z_33,z_34,z_35,z_36,z_37,z_38,z_39,z_40,z_41,z_42,z_43,z_44,z_45,z_46,z_47,z_48,z_49,z_50,z_51,z_52,z_53,z_54,z_55,z_56,z_57,z_58,z_59,z_60,z_61,z_62,z_63,dopamine,serotonin,norepinephrine,melatonin,dominant_branch_len
s_000000,내 탓이지 모든 게 내 탓이야.  건강관리를 못 한 내 탓이지. [SEP] 좀 더 자세히 말씀해 주시겠어요? [SEP] 난 십 년 전에 위암 수술을 했어. 식단관리를 잘 안 하고 아무거나 먹었던 게 후회돼. [SEP] 건강이 악화되셔서 많이 힘드셨겠어요. 이런 상황에서 무엇을 해볼 수 있을까요? [SEP] 과거가 후회되지만 앞으로라도 열심히 건강관리를 해서 회복해야겠어. [SEP] 식단관리로 건강이 회복되길 바라요.,E55,Pro_12226,Pro_12226_00022,Pro_12226,-0.0658011361956596,-0.2149090468883514,-0.2727297842502594,-0.2606721222400665,0.1228796169161796,0.0953516289591789,-0.1461239606142044,-0.0509237572550773,0.0388745963573455,0.2555328905582428,0.033690258860588,-0.1806432157754898,-0.1049582138657569,-0.0616680607199668,-0.0805022418498992,0.0524128712713718,-0.0739439576864242,-0.272346168756485,-0.208046555519104,0.0667196065187454,-0.0499578602612018,0.0397843271493911,-0.0776114761829376,-0.1406138092279434,-0.101479671895504,-0.0852799415588378,-0.3536407053470611,0.2006402760744094,-0.2433745115995407,0.2374187111854553,-0.2753005921840668,-0.0881672501564025,-0.2272577583789825,-0.0852915719151496,0.0813100039958953,0.359290063381195,0.0467575453221797,0.0987510383129119,-0.1534226983785629,-0.0024874717928469,-0.2224095910787582,0.2348247766494751,-0.1448184996843338,-0.0986108183860778,-0.0909825190901756,-0.0568909496068954,0.1093354746699333,-0.0918692052364349,0.0464879311621189,-0.115565501153469,-0.5194346308708191,0.1319867670536041,0.1942384392023086,-0.3284627795219421,-0.1118512749671936,-0.0612763948738575,0.0692088082432746,-0.1818684339523315,0.2761877179145813,0.03310476988554,-0.0035047200508415,0.1823388785123825,0.1642811000347137,0.1381823271512985,0.1928153187036514,0.3095727562904358,0.4524437189102173,0.3164675235748291,1
s_000001,상사는 매번 제출한 보고서는 제대로 보지도 않고 나를 불러서 물어봐. 정말 화가 나. [SEP] 상사가 보고서를 읽지도 않고 직접 불러서 물어봐 화가 나시는군요. [SEP] 아예 보고서를 제출할 때 설명을 다 하고 돌아갈지 요약표를 만들어서 보여줄지 고민이야. [SEP] 두 가지 방법 중 어떤 방법이 더 합리적일까요? [SEP] 매번 다 설명을 할 수는 없으니 요약표를 만들어서 보여드리는 게 낫겠어. [SEP] 요약표도 추가로 제출해 앞으로는 매번 가서 설명하지 않기를 바라요.,E19,Pro_07390,Pro_07390_00009,Pro_07390,0.0025999525096267,-0.2631949186325073,-0.2860783040523529,-0.3090167045593261,0.1845356523990631,0.0758118107914924,-0.2088738679885864,-0.042986512184143,0.0536672696471214,0.2824064493179321,0.021695390343666,-0.1899675279855728,-0.1310603022575378,-0.102557249367237,-0.1566973030567169,0.0145966093987226,-0.1367968022823333,-0.2819344401359558,-0.2290687263011932,0.140714630484581,0.0073342160321772,-0.004367584362626,-0.0947870761156082,-0.1852403730154037,-0.1978803277015686,-0.1318836659193039,-0.341634064912796,0.1709525436162948,-0.3007115423679352,0.2638336420059204,-0.318398505449295,-0.0408652424812316,-0.2220962047576904,0.0020820817444473,0.0720500200986862,0.384236067533493,0.1081086918711662,0.0821315944194793,-0.1641444265842437,0.0170874129980802,-0.2541857063770294,0.2830812931060791,-0.1048487350344657,-0.0361065007746219,-0.0967177599668502,-0.0039956243708729,0.0625423640012741,-0.1201374605298042,0.0853957831859588,-0.0972857698798179,-0.5686253309249878,0.1130290031433105,0.2617974877357483,-0.4329681694507599,-0.1740932315587997,-0.0194375440478324,0.167371928691864,-0.1788263320922851,0.2936237454414367,0.025554833933711,-0.0410560965538024,0.2632744312286377,0.1592984944581985,0.1238342151045799,0.1734092533588409,0.2188754379749298,0.5671969056129456,0.3638138771057129,1
s_000002,병원비 때문에 자식들을 차마 볼 수 없어 속상해. [SEP] 사랑하는 자식들을 병원비 때문에 보지 못해서 속상하시겠어요. [SEP] 자식들에게 부끄럽고 자식들을 못 보니 너무 슬퍼. [SEP] 자식들과 다시 편하게 보려면 어떻게 해야 할까요? [SEP] 내 지금 상황을 솔직하게 말할래. [SEP] 생각대로 일이 진행되면 좋겠네요.,E56,Pro_12407,Pro_12407_00006,Pro_12407,-0.0606736242771148,-0.2268972694873809,-0.2723899483680725,-0.2643114924430847,0.1277955770492553,0.0987550392746925,-0.1510935872793197,-0.0518010146915912,0.0419307835400104,0.2564900517463684,0.0333559550344944,-0.18303944170475,-0.1033747494220733,-0.0690665766596794,-0.0896044000983238,0.0553444847464561,-0.0821919068694114,-0.2742286622524261,-0.2057956308126449,0.0708148032426834,-0.0420943461358547,0.03622467815876,-0.0747565925121307,-0.1477973461151123,-0.1141485720872879,-0.0950635075569152,-0.3503220975399017,0.1946742534637451,-0.251762717962265,0.239649161696434,-0.2847859561443329,-0.0858956202864646,-0.2276629656553268,-0.0757217034697532,0.0785476118326187,0.3573540151119232,0.0527887567877769,0.1023724600672721,-0.1499778479337692,-0.0030323844403028,-0.2215505391359329,0.2362358719110489,-0.1406767219305038,-0.0923548713326454,-0.086978904902935,-0.0516628623008728,0.1031358018517494,-0.0949453935027122,0.0551977343857288,-0.113812431693077,-0.5198456645011902,0.1238279268145561,0.1966999322175979,-0.3379755914211273,-0.1154632940888404,-0.0507759526371955,0.0733669847249984,-0.1804151684045791,0.2791741192340851,0.0356742553412914,-0.0098970243707299,0.1923864334821701,0.1657147258520126,0.1338043957948684,0.1895814836025238,0.3011772930622101,0.4652964174747467,0.3101967275142669,1
s_000003,어느 날 거울을 보니 내가 너무 늙어있는 걸 보고 슬퍼졌어. [SEP] 자신의 모습을 보고 슬퍼지셨군요. [SEP] 집안일과 아이들이 우선이었지 나는 뒷전이었던 것 같아. 나 자신이 너무 불쌍해. [SEP] 기분이 나아지려면 무엇을 해야 할까요? [SEP] 나에게 나 관심을 가지고 내 삶을 다시 살아가고 싶어. [SEP] 자신의 삶을 찾아 이 상황을 잘 극복하시길 바라요.,E29,Pro_08600,Pro_08600_00021,Pro_08600,-0.0305371861904859,-0.2099137157201767,-0.2800970077514648,-0.3217358589172363,0.1622654795646667,0.0668026283383369,-0.1372562050819397,-0.0175759084522724,0.0410228669643402,0.265003353357315,0.0558983907103538,-0.1463055461645126,-0.1033189967274665,-0.0898465886712074,-0.1203157603740692,0.0011105122976005,-0.0812587738037109,-0.2433371096849441,-0.194931074976921,0.1317655444145202,0.0004946328117512,0.0350301228463649,-0.0890125334262847,-0.092384472489357,-0.1110602691769599,-0.0765259489417076,-0.3245559930801391,0.2067326307296753,-0.2371610254049301,0.2058324515819549,-0.2894134223461151,-0.0747855007648468,-0.195921778678894,-0.0003156787424813,0.0701503604650497,0.3622864782810211,0.0339307747781276,0.0972922816872596,-0.1479651629924774,0.0232519153505563,-0.2354144752025604,0.2328337281942367,-0.1150942295789718,-0.0948266610503196,-0.0945788845419883,-0.0305852051824331,0.0684806704521179,-0.0846152901649475,0.0673358663916587,-0.0972973927855491,-0.5218663215637207,0.1334517300128936,0.2527576684951782,-0.3745299279689789,-0.079773724079132,-0.0109803769737482,0.1255369484424591,-0.1929698139429092,0.255939245223999,0.0123274913057684,-0.0087918499484658,0.2425676584243774,0.1625041216611862,0.1412532031536102,0.1104882806539535,0.2749868929386139,0.478250503540039,0.3416879177093506,1
s_000004,내가 지적장애가 있는데 부모님이 너무 무관심한 거 같아 마음이 아파. [SEP] 부모님이 무관심하셔서 마음이 아프시겠어요. [SEP] 친구도 없는데 부모님까지 무관심하니 너무 슬퍼. [SEP] 무관심에서 벗어나려면 어떻게 해야 할까요? [SEP] 부모님께 진심을 담아서 편지를 써봐야겠어. [SEP] 진심을 담은 편지가 부모님의 관심이 생기도록 했으면 좋겠어요.,E23,Pro_01634,Pro_01634_00013,Pro_01634,-0.0560916773974895,-0.1995341330766677,-0.2749959826469421,-0.2728536128997803,0.1310420632362365,0.079568475484848,-0.1426649391651153,-0.0405327752232551,0.0361715629696846,0.2565761208534241,0.0361512340605258,-0.1690652966499328,-0.1085005849599838,-0.0629824325442314,-0.0856702551245689,0.0305865015834569,-0.0696782693266868,-0.2606162130832672,-0.2089384198188781,0.0851557478308677,-0.0424593053758144,0.0383302643895149,-0.086428701877594,-0.1226002052426338,-0.0965495929121971,-0.0745191797614097,-0.346527099609375,0.204832911491394,-0.2345950007438659,0.2279336005449295,-0.267273485660553,-0.0808811709284782,-0.215974360704422,-0.067850649356842,0.0804428160190582,0.3622214198112488,0.0426070168614387,0.0909278765320777,-0.1562593579292297,0.0074013462290167,-0.226346418261528,0.236219897866249,-0.1369977444410324,-0.0972801744937896,-0.0979903787374496,-0.0513680651783943,0.101507730782032,-0.0879212096333503,0.0427934452891349,-0.1101567596197128,-0.5204150676727295,0.1408497989177703,0.2105820477008819,-0.3358541131019592,-0.1053374484181404,-0.0586849935352802,0.0869543552398681,-0.1841722279787063,0.2663953006267547,0.0236356239765882,0.0004501528746914,0.1900323331356048,0.1594840288162231,0.1418154090642929,0.173977792263031,0.298600435256958,0.4487626254558563,0.3337756991386413,1
s_000005,나 오늘 학교 갔다 왔는데 혼란스러운 일이 생겼어. [SEP] 학교에서 혼란스러울 만한 일이 있었나요? [SEP] 내가 서울대를 넣은 줄 알았는데 서강대로 넣었어. [SEP] 학교에서 대학 이름을 잘못 넣어서 혼란스러우시군요.,E59,Pro_00230,Pro_00230_00002,Pro_00230,-0.1346677541732788,-0.1774279028177261,-0.2502537667751312,-0.1551591902971267,0.0413175448775291,0.1240873038768768,-0.1096272841095924,-0.0856072753667831,0.0253150723874568,0.2155597358942031,0.0098788728937506,-0.2020798623561859,-0.0847271755337715,-0.0127289649099111,0.0037758133839815,0.1170941665768623,-0.0222574882209301,-0.2777701616287231,-0.2002038210630417,-0.0384230390191078,-0.1301967203617096,0.068366602063179,-0.057196382433176,-0.1524437218904495,-0.0330061763525009,-0.0655053183436393,-0.3700082302093506,0.2004643231630325,-0.2047736793756485,0.2423437088727951,-0.22105672955513,-0.1186466664075851,-0.246373638510704,-0.20992511510849,0.0919784978032112,0.3242948949337005,0.0250372216105461,0.1075916364789009,-0.142514944076538,-0.0346197634935379,-0.1705985069274902,0.199351280927658,-0.1854880601167678,-0.1275234371423721,-0.0833759233355522,-0.1092708706855773,0.1668617725372314,-0.0767118111252784,-5.389004945755005e-05,-0.1361893415451049,-0.4609214067459106,0.1373479068279266,0.0856319665908813,-0.2017149776220321,-0.1008935570716857,-0.1292929798364639,-0.0485926419496536,-0.162749171257019,0.2714232802391052,0.0571244060993194,0.0256925895810127,0.0644183084368705,0.1600355058908462,0.1353468000888824,0.2744387090206146,0.3740716576576233,0.3373649716377258,0.2499788403511047,1
s_000006,싫었던 친구가 있는데 막상 그 친구가 왕따가 되니까 미안해. [SEP] 왕따를 당하는 친구에게 미안함을 느끼시는군요. [SEP] 말다툼 때문에 잠깐 욱했던 거지만 왕따는 나쁜 거잖아. 친구한테 그러면 안 되는 건데. [SEP] 지금 상황을 변화시키기 위해서 할 수 있는 행동은 어떤 것이 있을까요? [SEP] 내일 밥부터 같이 먹자고 해야겠어. 밥 먹으면서 오해를 풀고 다시 친하게 지내야지. [SEP] 오해를 풀고 친구와 좋은 관계가 되길 바라요.,E57,Pro_01908,Pro_01908_00014,Pro_01908,-0.1032758951187133,-0.1694693714380264,-0.2771512567996979,-0.1867556422948837,0.0790307968854904,0.0963776111602783,-0.1695050001144409,-0.0842903181910514,0.0243709161877632,0.2592502534389496,-0.0006552039994858,-0.2172492742538452,-0.1403534114360809,0.0036578462459146,-0.0134566407650709,0.0735454633831977,-0.0500016696751117,-0.3084376752376556,-0.2603196203708648,0.0008741763886064,-0.1359322220087051,0.0410306118428707,-0.0964218378067016,-0.1865355372428894,-0.0646766498684883,-0.0575398951768875,-0.4125925004482269,0.2187457382678985,-0.2337569445371627,0.2850034832954407,-0.2187309861183166,-0.0912205576896667,-0.266086608171463,-0.2085936665534973,0.1120897233486175,0.3926986157894134,0.0636276602745056,0.0611818209290504,-0.1974230259656906,-0.020001295953989,-0.240162044763565,0.2652083039283752,-0.1897589117288589,-0.1080169826745987,-0.1210118606686592,-0.0942037925124168,0.179104596376419,-0.1008710786700248,-0.0186710376292467,-0.1421628147363662,-0.5563192367553711,0.1788974851369857,0.1476040184497833,-0.2752761840820312,-0.1755492240190506,-0.178609549999237,0.0351962745189666,-0.1781305521726608,0.2974626719951629,0.0363476686179637,0.0239513739943504,0.0843928903341293,0.1543564796447754,0.1588083356618881,0.3179702460765838,0.3590626418590545,0.4106491804122925,0.3689678907394409,1
s_000007,나이가 들면서 나 자신이 더는 쓸모 있게 느껴지지 않아. [SEP] 노화로 인한 위기감으로 스트레스를 받고 계시는군요. [SEP] 주변 사람들도 나를 그렇게 보는 것 같아서 너무 힘들어. [SEP] 비록 힘든 상황이지만 무엇을 할 수 있을까요? [SEP] 나 자신이 쓸모없다고 생각하지 않고 생산성 있는 일을 하며 시간을 보낼래. [SEP] 생산성 있는 일을 하시면서 슬픔을 이겨내시길 바라요.,E25,Pro_08836,Pro_08836_00009,Pro_08836,-0.0069019519723951,-0.1760005503892898,-0.2989024221897125,-0.3353708684444427,0.1839656382799148,0.0301803201436996,-0.1750544309616089,-0.0123069593682885,0.0338921174407005,0.2913293838500976,0.0426999107003212,-0.1504447907209396,-0.1487371176481247,-0.0675205215811729,-0.12249556183815,-0.047096237540245,-0.0877703949809074,-0.2552711963653564,-0.2440557777881622,0.1624042987823486,-0.0133617306128144,0.0158980954438447,-0.1274092048406601,-0.1034594476222992,-0.11769700050354,-0.0538465268909931,-0.3546376824378967,0.2244105488061905,-0.2420468032360077,0.2318746894598007,-0.2647994458675384,-0.0480186454951763,-0.2023365348577499,-0.0063061476685106,0.0875919461250305,0.411750465631485,0.0580954700708389,0.0507796481251716,-0.1934611946344375,0.040254071354866,-0.2826832234859466,0.2806037366390228,-0.1169880405068397,-0.080697476863861,-0.1322327852249145,-0.02219576574862,0.0814277455210685,-0.0966295450925827,0.0370288752019405,-0.0995316803455352,-0.5831564664840698,0.1785487681627273,0.2955136299133301,-0.4112870395183563,-0.1335053294897079,-0.0648012608289718,0.1883742362260818,-0.2023754864931106,0.2640781104564667,-0.0104993404820561,0.0005798600031994,0.2410143464803695,0.1498723775148391,0.1628421545028686,0.1428938210010528,0.2598563432693481,0.5076764822006226,0.4444793462753296,1
s_000008,얼마 전에 가입한 펀드가 너무 많이 떨어져서 화가 나. [SEP] 펀드 손실률이 높아서 아주 속상하시겠어요. 펀드 만기가 가까운가요? [SEP] 아니 아직 만기까지는 일 년 이상 남아있기는 해. [SEP] 앞으로 경기가 좋아져서 펀드 손실을 만회할 수 있으시길 바랄게요.,E18,Pro_08709,Pro_08709_00018,Pro_08709,-0.01724399253726,-0.255019873380661,-0.2817313373088836,-0.2851226329803467,0.164320096373558,0.0851247832179069,-0.2002896964550018,-0.0523370690643787,0.0503532700240612,0.2748910784721374,0.017539408057928,-0.1963798850774765,-0.1270815730094909,-0.0885991528630256,-0.1340822726488113,0.0327312014997005,-0.1239226683974266,-0.286371648311615,-0.2286795973777771,0.1126986742019653,-0.0149328410625457,0.004037179518491,-0.089515596628189,-0.1888600885868072,-0.1792676150798797,-0.125786006450653,-0.3499322831630707,0.1739815473556518,-0.2919405400753021,0.2665877640247345,-0.3065512180328369,-0.0513441115617752,-0.2297980189323425,-0.0334891155362129,0.0762080401182174,0.3787489533424377,0.1011670306324958,0.0846912190318107,-0.1635036319494247,0.007869878783822,-0.2448648512363433,0.2753700911998749,-0.1183519512414932,-0.046897392719984,-0.0952109917998313,-0.0191969461739063,0.0802100375294685,-0.1168580651283264,0.073098786175251,-0.1044399663805961,-0.559106707572937,0.1161292940378189,0.2360450476408004,-0.4046869277954101,-0.1715030670166015,-0.0392488203942775,0.1374605000019073,-0.176060602068901,0.2947436571121216,0.0316749066114425,-0.0331044569611549,0.2344993352890014,0.1598796099424362,0.1252353340387344,0.1966994553804397,0.2413034439086914,0.5400619506835938,0.349695086479187,1
s_000009,친구가 약속 시각에 늦는다는데 뭘 하면 좋을까? [SEP] 친구분이 약속시간에 늦으셨군요. [SEP] 한 시간 정도 기다리면 될 것 같아. 어디를 가야 할지 고민 중이야. [SEP] 친구를 기다리면서 어디를 가야 할지 고민하고 계시는군요. 근처에 가볼 곳이 있을까요? [SEP] 서점에 가서 책을 볼까 해. [SEP] 친구를 기다리면서 독서를 하는 것은 좋은 생각 같아요!,E66,Pro_05157,Pro_05157_00037,Pro_05157,-0.1085851937532424,-0.2045781165361404,-0.2615773677825928,-0.1801077276468277,0.0707282498478889,0.1207607388496398,-0.1478231698274612,-0.0867243185639381,0.0326209440827369,0.2378492802381515,0.0056137824431061,-0.2141452133655548,-0.1050720363855362,-0.0242408774793148,-0.0267215799540281,0.1052201017737388,-0.054980956017971,-0.2960864901542663,-0.2209041565656662,-0.0105801671743392,-0.1128721684217453,0.0480709262192249,-0.0671204179525375,-0.1841060519218444,-0.0780147761106491,-0.0859832689166069,-0.3812005221843719,0.1946208626031875,-0.2384727299213409,0.2661424875259399,-0.2451192140579223,-0.1018816605210304,-0.2561677098274231,-0.1856540143489837,0.0940087810158729,0.3503903150558471,0.0558812953531742,0.0968480855226516,-0.1582381427288055,-0.0295444354414939,-0.2000046819448471,0.2316941320896148,-0.1775355637073516,-0.1046709343791008,-0.0897978395223617,-0.0899383947253227,0.1570387780666351,-0.0947972536087036,0.013968457467854,-0.1346705853939056,-0.5058808922767639,0.1356041729450225,0.1200798153877258,-0.2597725093364715,-0.1414616852998733,-0.1245677396655082,-0.0013275436358526,-0.1666458696126938,0.2904282808303833,0.0542002022266387,0.0090903891250491,0.099946528673172,0.1617051661014557,0.1353033930063247,0.2842478454113006,0.3480429649353027,0.4020665884017944,0.2868225574493408,1
s_000010,애들이 자꾸 괴롭혀. 너무 짜증 나. [SEP] 친구들이 괴롭혀서 짜증 나셨군요. 어떻게 괴롭히나요? [SEP] 계속 의도적으로 밀치고 가서 너무 화나. [SEP] 친구들이 자꾸 밀치고 괴롭히시는군요. 어떻게 대응하고 싶은 마음이 들었나요? [SEP] 친구들한테 하지 말라고 화내고 싶은 마음이야. 하지만 막상 괴롭힘 당하는 상황에서 화내지 못해. [SEP] 화가 나지만 이를 표출하기 두렵군요. 용기를 가지기 위해 무엇을 하면 도움이 될까요?,E11,Pro_00302,Pro_00302_00017,Pro_00302,0.5605126023292542,0.9327486157417296,0.904094934463501,0.9988076090812684,0.9913213849067688,0.979882836341858,-0.7671912908554077,-0.6138965487480164,0.0284576509147882,0.385602056980133,0.9603118896484376,-0.439199835062027,0.9998862743377686,-0.9105396270751952,0.973053812980652,0.9189869165420532,-0.9988638162612916,0.6063966155052185,0.9992830753326416,-0.0411371551454067,0.7889018058776855,-0.4007064998149872,-0.7870786190032959,-0.9993207454681396,0.6322187781333923,-0.9852482080459596,0.2080841213464737,0.9592437148094176,-0.8005162477493286,-0.998879611492157,-0.9899421334266664,0.9995527863502502,-0.9814565777778624,0.6687576770782471,-0.9304989576339722,0.9994580149650574,0.9996298551559448,0.9899569153785706,0.6731263399124146,0.2831336259841919,-0.2708344757556915,-0.5147382020950317,-0.7551654577255249,0.5548138618469238,0.9100981950759888,-0.8613350987434387,0.6570034027099609,-0.714850127696991,0.9869757890701294,-0.8249981999397278,-0.1275170743465423,0.8449335694313049,0.8869176506996155,0.6529456973075867,-0.9499728083610536,-0.6031261086463928,0.6276612281799316,0.9868016839027404,-0.7410531044006348,-0.9784212112426758,-0.969033181667328,-0.995998740196228,-0.1963447034358978,0.8720110058784485,0.0466890186071395,0.1458552777767181,0.730847954750061,0.3967292904853821,4
s_000011,아무렇지도 않다가 실적 얘기만 나오면 예민해지는 상사 비위 맞추기가 힘들어. [SEP] 상사의 행동으로 어떤 감정을 느끼시나요? [SEP] 갑자기 예민해지는 상사를 보면 혼란스러움을 느껴. [SEP] 그럴 때 어떻게 행동하면 좋을까요? [SEP] 실적이 잘 나와야 하니까 업체에 다녀오겠다고 하고 나와야지. [SEP] 실적이 잘 나와서 상사와 사용자님 모두 즐거웠으면 좋겠어요.,E34,Pro_05125,Pro_05125_00028,Pro_05125,-0.0785104483366012,-0.1709343940019607,-0.2789461612701416,-0.2276489734649658,0.1049654856324195,0.0793614462018013,-0.1605855822563171,-0.0619996190071105,0.0270676407963037,0.2608905732631683,0.0136974304914474,-0.1935576349496841,-0.1334417015314102,-0.0209672637283802,-0.0441356301307678,0.0425943359732627,-0.0561222918331623,-0.2855208218097687,-0.2449733465909958,0.0449671447277069,-0.0975042507052421,0.0377286672592163,-0.0998986586928367,-0.1542993634939193,-0.0752220824360847,-0.0571146868169307,-0.3865514099597931,0.2168064564466476,-0.2302804589271545,0.2607473134994507,-0.2317061573266983,-0.0815630331635475,-0.2420282810926437,-0.1470858305692672,0.1008683890104293,0.3864270150661468,0.0554890446364879,0.0651605650782585,-0.1866020858287811,-0.0032827849499881,-0.2406031638383865,0.2586048543453216,-0.1658957302570343,-0.1020783334970474,-0.1185188442468643,-0.0743404477834701,0.146615669131279,-0.0949610024690628,0.0008864642586559,-0.1274130642414093,-0.5481770634651184,0.1720833778381347,0.1836988478899002,-0.3058578372001648,-0.1498048305511474,-0.1357118487358093,0.0690116584300994,-0.1823473274707794,0.281523734331131,0.0250432547181844,0.0175056643784046,0.1292681992053985,0.1530167311429977,0.1557310968637466,0.2558776140213012,0.3291824162006378,0.4260601997375488,0.3720071017742157,1
s_000012,나에게도 조카가 생겼어. 정말 기뻐. [SEP] 축하 드려요. 조카가 생겨서 기쁘시겠어요. [SEP] 언니가 나랑 닮아서 조카도 나를 닮아서 더 이뻐보이네. [SEP] 조카가 나를 닮아서 더욱 사랑스러우시군요. 이 기쁜 마음을 어떻게 표현하면 좋을까요? [SEP] 어린 조카가 입을만한 옷을 사주고 싶어. [SEP] 조카에게 옷을 사줘서 사용자의 기쁨을 전달할 수 있길 바랄게요.,E60,Pro_01671,Pro_01671_00006,Pro_01671,-0.2006241530179977,-0.1594830304384231,-0.2333151698112487,0.0010739016579464,-0.0477299503982067,0.1634985357522964,-0.1324619948863983,-0.154029294848442,0.0143213933333754,0.1889067143201828,-0.0519035495817661,-0.2702652513980865,-0.0981019213795661,0.057852990925312,0.0954822599887847,0.2044585645198822,0.0022468529641628,-0.3276898860931396,-0.2385002821683883,-0.1709130853414535,-0.243667259812355,0.0723882019519805,-0.0466363430023193,-0.2487659454345703,-0.0068849613890051,-0.0724220424890518,-0.4253523647785187,0.1846948713064193,-0.2071146667003631,0.308383047580719,-0.1622186154127121,-0.1309618502855301,-0.3024545311927795,-0.3808760643005371,0.1182109788060188,0.3194649815559387,0.0604580827057361,0.0919092521071434,-0.1619185507297516,-0.0813914313912391,-0.1388852000236511,0.2113437205553054,-0.2414340227842331,-0.1236657872796058,-0.088915154337883,-0.1623019129037857,0.2523731887340545,-0.0901900306344032,-0.0629531592130661,-0.1703794598579406,-0.4538186192512512,0.1485492885112762,-0.0444939248263835,-0.0853016376495361,-0.181987315416336,-0.2532682120800018,-0.1573671698570251,-0.1323246508836746,0.3039557635784149,0.0936373770236969,0.0450583808124065,-0.0874664485454559,0.1509494632482528,0.1299485862255096,0.4590492248535156,0.4284143149852752,0.2635204792022705,0.2176601886749267,1
s_000013,날 아무 데서도 원치 않는 것 같아. 취업이 왜 이리 힘들까? [SEP] 취업이 되지 않아 슬프군요. [SEP] 매일 집에만 있으니까 우울증이 온 거 같아. 너무 힘들어. [SEP] 예전에는 우울한 상황에서 어떻게 벗어났나요? [SEP] 이전에는 그냥 잠을 잤던 것 같아. 너무 우울해서 한숨 자야겠어. [SEP] 잠을 푹 자고 나서 기분이 나아졌으면 좋겠어요.,E20,Pro_05351,Pro_05351_00005,Pro_05351,0.0203972794115543,-0.0745174884796142,-0.3302986919879913,-0.3783936202526092,0.2154382765293121,-0.0480990409851074,-0.194643348455429,0.0201486479490995,0.0127199431881308,0.3291102349758148,0.0453134216368198,-0.122647613286972,-0.2123362869024276,-0.022640872746706,-0.1088885217905044,-0.1523733586072921,-0.0637124553322792,-0.2463704496622085,-0.3074578642845154,0.2228332757949829,-0.0346517637372016,0.0063133183866739,-0.1950281709432602,-0.0525514222681522,-0.0726010873913765,0.0269154105335474,-0.3926745355129242,0.2807206809520721,-0.2065933942794799,0.235221192240715,-0.2010170370340347,-0.0192920342087745,-0.1912616342306137,-0.004243426490575,0.1163841411471366,0.4841822683811188,0.0504231639206409,-0.0250853709876537,-0.2637223899364471,0.0798939689993858,-0.356620043516159,0.3328456878662109,-0.1223027929663658,-0.0934291630983352,-0.1995655000209808,-0.0200664978474378,0.1021505519747734,-0.0936929285526275,-0.0272560901939868,-0.1005844101309776,-0.6561217308044434,0.2725378572940826,0.3746907413005829,-0.4459041953086853,-0.1629494726657867,-0.148488774895668,0.2824437022209167,-0.2308986932039261,0.2502495348453522,-0.064791165292263,0.0384385548532009,0.2346246242523193,0.1285318285226822,0.2140700072050094,0.1461757719516754,0.2639493346214294,0.507001519203186,0.6230596303939819,1
s_000014,회사에서 동기한테 지기 싫어서 남의 의견을 가로채서 내 걸로 만들었어. 그런데 마음이 괴로워. [SEP] 동기한테 지기 싫어서 했던 행동 때문에 마음이 괴로우시군요. [SEP] 이렇게까지 할 필요가 있나 싶어서 너무 죄책감 들어. 이 경쟁 사회가 문제야. [SEP] 죄책감 때문에 힘드시군요. 지금의 감정을 떨칠 수 있는 좋은 방법이 없을까요? [SEP] 죄책감이 들어도 어쩔 수 없어. 동기한테 뒤처질 순 없어. [SEP] 결정한 일에 후회가 없길 바랄게요.,E56,Pro_05387,Pro_05387_00052,Pro_05387,-0.138372391462326,-0.2167790234088897,-0.2554439902305603,-0.135264903306961,0.0403442494571208,0.1491289436817169,-0.1505860090255737,-0.1117679253220558,0.032889749854803,0.2310124337673187,-0.0057534165680408,-0.2391459941864013,-0.1012328341603279,-0.0064964797347784,0.0024777636863291,0.1503017097711563,-0.0507093630731105,-0.3190717697143554,-0.225150465965271,-0.0629281848669052,-0.1469145715236663,0.0548778027296066,-0.052965760231018,-0.2182703167200088,-0.0703966617584228,-0.095715694129467,-0.4018220901489258,0.1908728927373886,-0.244903028011322,0.2869986891746521,-0.2424163669347763,-0.1181821748614311,-0.2808426320552826,-0.2447393238544464,0.1009470522403717,0.3453307151794433,0.0608199425041675,0.1054054573178291,-0.1580964028835296,-0.0516712181270122,-0.1888598799705505,0.228225752711296,-0.2012155503034591,-0.1126419827342033,-0.0818175002932548,-0.1109823286533355,0.1862497478723526,-0.0996961966156959,0.0043733920902013,-0.1494518965482711,-0.5010712742805481,0.1290622800588607,0.0720830261707305,-0.2217032462358474,-0.1575616151094436,-0.1534533500671386,-0.0504715591669082,-0.1600383222103119,0.3072585761547088,0.0725350677967071,0.0109803956001997,0.0575989559292793,0.1673162281513214,0.1322100311517715,0.3410577178001404,0.3813505172729492,0.3853857219219208,0.2574563026428222,1
s_000015,결혼할 사람도 생겼고 이제 나도 따로 가정을 꾸려야 하는데 겁이 나네. [SEP] 결혼을 앞두고 부모님과 따로 사는 것에 걱정이 되는군요. [SEP] 아직 내 가정을 꾸린다는 게 책임감이 무거워. 자꾸 부모님께 의존하게 되고. [SEP] 부모님께 의존하지 않고 가정을 꾸리려면 어떻게 해야 할까요? [SEP] 내가 잘해야지 부모님하고 정서적으로 떨어져야 하고 이것에 관한 대화도 많이 하고 그래야지. [SEP] 부모님과 이야기할 시간을 가지며 두려움을 잘 극복하길 바라요.,E58,Pro_05149,Pro_05149_00003,Pro_05149,-0.0787035748362541,-0.1965731382369995,-0.2683663368225097,-0.2429502010345459,0.106928527355194,0.0941648781299591,-0.1330082565546035,-0.0530325546860694,0.0338859260082244,0.2460754364728927,0.0307214427739381,-0.1783638298511505,-0.1008302122354507,-0.0503176786005497,-0.0618057250976562,0.0565909184515476,-0.0575384423136711,-0.2664632797241211,-0.2052827328443527,0.0506784319877624,-0.0655361488461494,0.0473936274647712,-0.076859101653099,-0.1309558898210525,-0.0795146152377128,-0.0731895416975021,-0.3534613847732544,0.2041119784116745,-0.227531149983406,0.2316780537366867,-0.2576619982719421,-0.0932203605771064,-0.2253188043832779,-0.1066513210535049,0.0833379253745079,0.3517527878284454,0.0366320572793483,0.0976691022515297,-0.1516199856996536,-0.0050105405971407,-0.2115747928619384,0.2251947820186615,-0.1510886400938034,-0.1071716398000717,-0.0925057530403137,-0.0676353573799133,0.1194057986140251,-0.0849838256835937,0.0330736972391605,-0.1178290620446205,-0.5046745538711548,0.1383714079856872,0.1767383813858032,-0.3007183074951172,-0.1023042872548103,-0.075727179646492,0.0485359877347946,-0.1791247278451919,0.2688597440719604,0.0336322449147701,0.0065570804290473,0.1579408347606659,0.1611298173666,0.140010118484497,0.2003320008516311,0.3217503428459167,0.4201546311378479,0.308398425579071,1
s_000016,하필 오늘 야근이라 늦게 집에 가야해서 불안해. [SEP] 무엇 때문에 불안하신지 조금 더 자세히 이야기 해주실래요? [SEP] 우리 동네에 성폭행 사건이 일어나서 요즘 분위기도 안 좋고 무섭거든. [SEP] 동네에 생긴 성폭행 사건도 생겼는데 늦은 시간에 집에 가기 무서우신 거군요. [SEP] 아무래도 오늘은 택시를 타고 집 앞까지 가서 내려야 안심이 될 것 같아. [SEP] 오늘 꼭 집 앞까지 택시를 타고 가셔서 지금 두려운 마음이 해소되기를 바랄게요.,E31,Pro_05122,Pro_05122_00073,Pro_05122,-0.0554008036851882,-0.2567286789417267,-0.2737281322479248,-0.2538059949874878,0.1314603239297866,0.1128215789794921,-0.1790425181388855,-0.0672226101160049,0.0484570786356925,0.2633340954780578,0.0209235250949859,-0.2057931125164032,-0.111232616007328,-0.0729656442999839,-0.0997626557946205,0.0743332132697105,-0.105324849486351,-0.2962571084499359,-0.2175870239734649,0.0625882074236869,-0.0439433082938194,0.0234893970191478,-0.0709811449050903,-0.191799446940422,-0.1483728438615799,-0.1215448155999183,-0.3619806468486786,0.1804006993770599,-0.2806141674518585,0.2663357555866241,-0.3017925322055816,-0.079576089978218,-0.2448572814464569,-0.0855692774057388,0.0800563842058181,0.3646237850189209,0.0811583772301673,0.1025141179561615,-0.1544680744409561,-0.0117347855120897,-0.2274602502584457,0.2536904513835907,-0.1427700072526931,-0.073624663054943,-0.083126500248909,-0.0459273867309093,0.1063249632716178,-0.110367402434349,0.0647035166621208,-0.1177601590752601,-0.538031280040741,0.1110565066337585,0.1907898187637329,-0.3564628362655639,-0.1526321023702621,-0.0549240112304687,0.077719509601593,-0.174958273768425,0.2995791137218475,0.0463280528783798,-0.0241355840116739,0.1965340971946716,0.1685441583395004,0.126006081700325,0.2235573530197143,0.2901642918586731,0.5013361573219299,0.3079587519168854,1
s_000017,친구들이 자꾸 롤 하자고 불러내서 짜증 나. [SEP] 하기 싫은데 자꾸 불러내면 짜증이 나실 것 같아요. [SEP] 자꾸 섭섭하다고 난리야. 내가 안 와서 다섯 명이 안 된대. [SEP] 본인의 탓으로 돌리는 것 같아 더 화가 나시는군요. 그래서 어떻게 하셨나요? [SEP] 안 간다고 했지. 머릿수 채우려고 그냥 부르는 거야. [SEP] 그렇군요. 좋은 결정을 내리신 것 같아요.,E13,Pro_05104,Pro_05104_00089,Pro_05104,0.5925391316413879,0.990676760673523,0.9941375851631165,0.9999727606773376,0.9985542893409728,0.9943982362747192,-0.8738642930984497,-0.7882752418518066,-0.1683285981416702,-0.2032822221517563,0.9879990816116332,-0.690761148929596,0.9999975562095642,-0.9455098509788512,0.9946082830429076,0.9921792149543762,-0.9999457001686096,0.5594750046730042,0.9999819993972778,0.032569769769907,0.8176963925361633,-0.4742563962936401,-0.9056586623191832,-0.999950647354126,0.882483184337616,-0.9973098635673524,0.3281724452972412,0.9915998578071594,-0.6310057640075684,-0.999975860118866,-0.997812271118164,0.9999884963035583,-0.9954442977905272,0.6909206509590149,-0.98867529630661,0.9999751448631288,0.9999862909317015,0.9991644620895386,0.7289321422576904,0.5399858951568604,-0.3695473074913025,-0.6235907077789307,-0.7897082567214966,0.7714146375656128,0.9761154651641846,-0.9464067220687866,0.7948105335235596,-0.712440550327301,0.9975358843803406,-0.6491552591323853,0.0677865892648696,0.9079551696777344,0.8762621283531189,0.9131354093551636,-0.9856442213058472,-0.8838855624198914,0.6355994343757629,0.999339759349823,-0.9026698470115662,-0.9953251481056212,-0.9918295741081238,-0.9998213052749634,-0.4752072989940643,0.9832180142402648,0.1197026968002319,0.1545359194278717,0.6769850254058838,0.3990106582641601,4
s_000018,골다공증으로 행동에 제약이 많다 보니까 사람들이 나를 멀리해. [SEP] 골다공증 때문에 사람들이 멀리해서 상처받으셨겠어요. [SEP] 골다공증 때문에 외출이 쉽지가 않아서 사람들이랑 어울리기가 힘드니까 다들 나를 떠나가서 슬퍼. [SEP] 골다공증때문에 사람들이 나를 떠나가는 것이 힘든 기분을 나아지게 하기 위해서 무엇을 할 수 있을까요? [SEP] 아무것도 생각이 안 나. 나만 버려진 것 같고 외톨이가 된 것 같아. [SEP] 외롭고 무기력한 기분이 드시는군요. 하루빨리 기운을 내실 수 있었으면 좋겠어요.,E49,Pro_11320,Pro_11320_00001,Pro_11320,-0.0906234756112098,-0.1739808619022369,-0.2737170457839966,-0.2002377361059188,0.088600717484951,0.0902102217078208,-0.162122368812561,-0.0747569873929023,0.0265935510396957,0.2532786726951599,0.0034117342438548,-0.2057293951511383,-0.1306659430265426,-0.0131552601233124,-0.0306791011244058,0.0632769614458084,-0.0533753745257854,-0.2928469181060791,-0.2459160387516021,0.0199765730649232,-0.1141090244054794,0.0389854311943054,-0.0936312600970268,-0.1721829771995544,-0.0739480108022689,-0.0634783878922462,-0.3915655612945556,0.2098584622144699,-0.2322678714990615,0.270140677690506,-0.2260815352201461,-0.0849010422825813,-0.2507267594337463,-0.1753448247909546,0.1026582792401313,0.3794031143188476,0.0614614300429821,0.0677286386489868,-0.1840946972370147,-0.0130103221163153,-0.2292976081371307,0.2561434209346771,-0.173756256699562,-0.1000706776976585,-0.1146895661950111,-0.082670971751213,0.1583194434642791,-0.0968322828412056,-0.0048009869642555,-0.1322322189807891,-0.5400022268295288,0.1670680493116378,0.1575466841459274,-0.2854121327400207,-0.1598597466945648,-0.1494288742542266,0.0448339469730854,-0.1751149892807006,0.2865854501724243,0.0343777500092983,0.018153516575694,0.1057862117886543,0.1525071412324905,0.1509156674146652,0.2836549282073974,0.3361381888389587,0.413017064332962,0.3539393544197082,1
s_000019,오늘은 감사한 날이야. [SEP] 감사한 무슨 일이 있으셨나요? [SEP] 아내가 출산을 했어. [SEP] 아내의 출산에 감사한 마음이 드시는군요.,E61,Pro_03712,Pro_03712_00013,Pro_03712,-0.1705213785171508,-0.1672140657901764,-0.2430706024169922,-0.08075962215662,-0.0034100485499948,0.1448357105255127,-0.1188907846808433,-0.1190680116415023,0.0194483138620853,0.2043160945177078,-0.0176971182227134,-0.2353977411985397,-0.0917288139462471,0.0244428757578134,0.0522086098790168,0.1611877083778381,-0.0080906469374895,-0.3041872978210449,-0.2198383957147598,-0.1061349883675575,-0.1888746470212936,0.072764828801155,-0.0519761219620704,-0.1977757662534713,-0.0149936657398939,-0.0655056536197662,-0.4010605216026306,0.197091594338417,-0.2040889114141464,0.274791806936264,-0.1921485662460327,-0.1283050328493118,-0.2760265171527862,-0.2997332811355591,0.1064047589898109,0.3245613276958465,0.0384915880858898,0.1003227606415748,-0.1539012789726257,-0.0584010779857635,-0.1580889821052551,0.2047100067138672,-0.2164902985095977,-0.1308745592832565,-0.0867537334561348,-0.1382108926773071,0.212470456957817,-0.082629308104515,-0.0326658599078655,-0.1549274772405624,-0.4601866602897644,0.1456848084926605,0.0220508798956871,-0.1427206248044967,-0.1382015347480774,-0.1936797648668289,-0.1044176742434501,-0.1503604799509048,0.2884274125099182,0.0745218321681022,0.0371110625565052,-0.0118491724133491,0.1571376174688339,0.1355392783880233,0.3660222291946411,0.4087137579917907,0.2996492683887481,0.2366328537464141,1
s_000020,며느리가 우울증에 걸리더니 성격이 아예 변해버려서 당황스러워. [SEP] 며느님의 성격이 변해서 당황스러우셨겠군요. [SEP] 온순하던 애가 화도 내고 짜증도 많아져 버려서 걱정이야. [SEP] 화와 짜증이 늘어서 걱정이시군요. [SEP] 약을 먹기 시작한다고는 하는데 잘 모르겠구먼. [SEP] 약을 먹고 좀 나아지셨으면 좋겠네요.,E50,Pro_11381,Pro_11381_00039,Pro_11381,-0.1064060255885124,-0.1907891631126403,-0.2554081678390503,-0.1777790337800979,0.0670082047581672,0.111788161098957,-0.1312253475189209,-0.0791266933083534,0.0299674440175294,0.2250703126192093,0.0061268783174455,-0.2012888789176941,-0.0945527479052543,-0.0291598681360483,-0.0268902946263551,0.0963989123702049,-0.0441203191876411,-0.2764323055744171,-0.2070633769035339,-0.0046369922347366,-0.1061480492353439,0.0517195202410221,-0.0659012645483017,-0.1624892503023147,-0.0679433271288871,-0.0798168256878852,-0.361813485622406,0.1899872571229934,-0.2233286798000335,0.2480902820825576,-0.234952762722969,-0.0987370312213897,-0.2399345785379409,-0.1721835136413574,0.0876325517892837,0.3331990540027618,0.0462685190141201,0.0995844230055809,-0.1461565494537353,-0.0240932367742061,-0.1823398768901825,0.2169880270957946,-0.1676271855831146,-0.1037156134843826,-0.0871090665459632,-0.0877814814448356,0.146380677819252,-0.0855090171098709,0.0138015942648053,-0.1271843463182449,-0.4791820347309112,0.1321887224912643,0.1164878532290458,-0.2465343624353408,-0.1208276227116584,-0.1116537675261497,-0.006744282785803,-0.1617852598428726,0.2739023268222809,0.0515213459730148,0.0128771029412746,0.0984921306371688,0.1564221829175949,0.1304346323013305,0.2596513032913208,0.3357725739479065,0.3775067925453186,0.2708982229232788,1
s_000021,나는 의사에게 아내의 폐 수술이 잘 진행됐는지 물어봤어. 마음이 안 좋아. [SEP] 아내의 수술 때문에 마음이 편하지 않을 것 같아요. 많이 불안하시겠어요. [SEP] 응. 그것도 그렇고 내가 아는 게 많지가 않아서 잘 돌볼 수 있을지 걱정이 크게 돼. [SEP] 지금의 걱정되는 기분에서 벗어나기 위해 무언가 할 수 있는 것은 있을까요? [SEP] 일단 자녀들에게 전화부터 걸어야지. [SEP] 정성어린 간호로 지금 상황을 잘 극복하기 바라요.,E38,Pro_09749,Pro_09749_00002,Pro_09749,-0.0661188215017318,-0.2705850303173065,-0.2741007506847381,-0.227807268500328,0.1200253441929817,0.1287678927183151,-0.1984278857707977,-0.0868386626243591,0.050233494490385,0.2669785916805267,0.0073266508989036,-0.2299572080373764,-0.1199138686060905,-0.0611360520124435,-0.0883500203490257,0.099842868745327,-0.113854095339775,-0.3202381134033203,-0.2329646646976471,0.035151794552803,-0.0661457255482673,0.0188021883368492,-0.0678314864635467,-0.2307790368795395,-0.1596632152795791,-0.1343863308429718,-0.3834567368030548,0.175328180193901,-0.2969942986965179,0.2931992709636688,-0.3037029206752777,-0.0817772299051284,-0.2670111358165741,-0.1247464194893837,0.087457463145256,0.3733038902282715,0.0997032448649406,0.0998094454407692,-0.1638401299715042,-0.0249804630875587,-0.2319199442863464,0.2669703364372253,-0.1574108302593231,-0.0679849982261657,-0.083249345421791,-0.0539545603096485,0.126338705420494,-0.1215780153870582,0.0585219375789165,-0.128121793270111,-0.5533865690231323,0.109497457742691,0.1696704626083374,-0.3509500324726105,-0.1856856942176818,-0.0817320644855499,0.0629017055034637,-0.1706661283969879,0.3188052773475647,0.0573048703372478,-0.0275950953364372,0.1753080934286117,0.1709047108888626,0.1246338784694671,0.2748094797134399,0.3018003702163696,0.512363076210022,0.3076355457305908,1
s_000022,직장을 그만두고 수능을 준비할 때 집에서 아무 지원도 못 해줬어. [SEP] 수능 공부에 집으로부터의 지원이 없어서 속상하시겠어요. [SEP] 형편을 잘 알지만 다른 집들이랑 비교돼서 더 비참해. [SEP] 형편을 잘 알지만 다른 집들이랑 비교돼서 더 비참하군요. 어떻게 하면 사용자님의 기분이 나아질 수 있을까요? [SEP] 가족들에게 내 감정을 솔직하게 털어놔야겠어. [SEP] 가족들에게 서운한 마음을 전하려고 하시는군요.,E45,Pro_03816,Pro_03816_00034,Pro_03816,-0.0946151614189148,-0.1812116801738739,-0.2642982900142669,-0.2216465324163437,0.0887618213891983,0.0968648120760917,-0.1222613379359245,-0.0583865419030189,0.0293092858046293,0.2377384454011917,0.0268242284655571,-0.1800791025161743,-0.0977060794830322,-0.0367665588855743,-0.0404655374586582,0.0661188960075378,-0.0422020219266414,-0.2654009461402893,-0.2046897709369659,0.0291309393942356,-0.0849842429161071,0.0551891326904296,-0.0749318823218345,-0.1272758394479751,-0.0581020787358284,-0.0627898424863815,-0.3578625917434692,0.2079522609710693,-0.2142255306243896,0.2302443087100982,-0.2411459535360336,-0.1002928987145423,-0.2278827577829361,-0.135119691491127,0.0868364870548248,0.3460424542427063,0.028103981167078,0.0971089377999305,-0.1513947397470474,-0.0102794235572218,-0.2021262794733047,0.2171242833137512,-0.1608765423297882,-0.1167080402374267,-0.093607097864151,-0.0805721506476402,0.1335291266441345,-0.079768069088459,0.0189219638705253,-0.1224619299173355,-0.4928061962127685,0.1445737332105636,0.155436024069786,-0.2709165513515472,-0.0968180820345878,-0.0943534448742866,0.0241068080067634,-0.1765277236700058,0.26533043384552,0.0361792296171188,0.0162539947777986,0.1299449205398559,0.1592871993780136,0.1422508060932159,0.2160892784595489,0.3387560844421386,0.3897798359394073,0.2997654378414154,1
s_000023,에스컬레이터가 멈춰있다 움직여서 다들 넘어졌는데 나만 다쳐서 당황스러워. [SEP] 에스컬레이터의 갑작스러운 작동으로 다쳐서 당황스러우시군요. [SEP] 다 넘어졌는데 왜 나만 다쳤지? 나만 뼈가 부러졌어. [SEP] 그런 일이 있으셨군요. 어떻게 대처하실 계획이신가요? [SEP] 나만 다친 상황을 에스컬레이터 관리자와 얘기해 보고 보상을 받아야겠어. [SEP] 꼭 더 좋은 상황으로 발전하면 좋겠네요.,E54,Pro_10605,Pro_10605_00021,Pro_10605,-0.146771490573883,-0.1888708174228668,-0.2480315715074539,-0.1078252792358398,0.0218316651880741,0.1400078386068344,-0.136813148856163,-0.1131026372313499,0.0258708130568265,0.2148088067770004,-0.0159742794930934,-0.2348492741584777,-0.0970309600234031,0.0053016119636595,0.0213684793561697,0.1480911821126938,-0.0310095492750406,-0.3055140376091003,-0.2218939214944839,-0.0763146504759788,-0.1629651337862014,0.0595705099403858,-0.0553538464009761,-0.2069076597690582,-0.0489181354641914,-0.0824386775493621,-0.39400315284729,0.1882527619600296,-0.2244185805320739,0.2788505554199219,-0.214253082871437,-0.1152084097266197,-0.2722510099411011,-0.2631513774394989,0.1011876985430717,0.3316245675086975,0.0548327043652534,0.0994435772299766,-0.1541187316179275,-0.0509591959416866,-0.1695859432220459,0.217809185385704,-0.2014843821525573,-0.1129344180226326,-0.0856172367930412,-0.1188882961869239,0.1925465613603592,-0.0910292863845825,-0.0133685544133186,-0.1476808190345764,-0.4766603410243988,0.1359229981899261,0.0509784407913684,-0.1874706894159317,-0.15077506005764,-0.1696300506591797,-0.0694474130868911,-0.1516233831644058,0.293359637260437,0.0716376155614852,0.0225834362208843,0.0264878440648317,0.158014178276062,0.1304749995470047,0.3475329875946045,0.3792215585708618,0.3425845205783844,0.2483171671628952,1
s_000024,언니 친구가 보험 설계사인데 좋은 상품이 있다며 계속 전화가 와서 조금 성가셔. [SEP] 계속 연락이 오니 귀찮으시군요. [SEP] 평소 친한 언니라서 딱 거절하기가 좀 어려워. [SEP] 친분이 있으면 거절하기가 곤란하지요.,E19,Pro_08710,Pro_08710_00013,Pro_08710,0.0001970343291759,-0.2376458495855331,-0.2858736217021942,-0.3417229652404785,0.1899534910917282,0.0614674687385559,-0.1684646904468536,-0.0162160750478506,0.048957522958517,0.277599960565567,0.04971519485116,-0.1536184251308441,-0.1147181168198585,-0.1096279397606849,-0.1560055464506149,-0.0115849208086729,-0.1128700226545333,-0.2508216798305511,-0.2044983804225921,0.1627720892429351,0.0267893821001052,0.0141265830025076,-0.0948405042290687,-0.1186088696122169,-0.1592785567045211,-0.1020835191011428,-0.3200553655624389,0.1912395507097244,-0.2674301266670227,0.220915600657463,-0.312555193901062,-0.0538532324135303,-0.1960597038269043,0.0382187515497207,0.0656682848930358,0.3732946217060089,0.0645719319581985,0.0916071459650993,-0.1520500630140304,0.0302317626774311,-0.2494921088218689,0.2556652128696441,-0.0974482968449592,-0.0650088787078857,-0.0952848270535469,-0.0062417993322014,0.0473580434918403,-0.0992269814014434,0.0874842852354049,-0.0896701067686081,-0.5453743934631348,0.1216448917984962,0.2808272540569305,-0.4226365089416504,-0.1113400161266326,0.009422262199223,0.1681678742170334,-0.1909109652042389,0.2668395340442657,0.0111413961276412,-0.0281207580119371,0.2795454263687134,0.1614084094762802,0.1332262903451919,0.1051220819354057,0.2337352037429809,0.5347534418106079,0.359548419713974,1
s_000025,나 지난주에 초등학교 친구랑 통화하다 언성을 높였어. [SEP] 친구랑 갈등이 있으셨군요. [SEP] 사실 별일 아닌데 내가 너무 흥분한 거 같아서 어제 전화로 사과했거든. [SEP] 먼저 사과를 하셨군요. 잘 해결되셨나요? [SEP] 응. 내가 요즘 힘들다 보니 화풀이 한 거 같다고 미안하다고 하니 자기도 미안하다고 하더라고. [SEP] 대화로 서로간의 오해를 푸셨군요.,E67,Pro_05158,Pro_05158_00005,Pro_05158,-0.1123248934745788,-0.1498217284679412,-0.2647560238838196,-0.1697003692388534,0.0615574605762958,0.0924206674098968,-0.1389048546552658,-0.0790544301271438,0.0198722649365663,0.2355770021677017,-0.0006059929146431,-0.202502816915512,-0.119581289589405,0.0015745597193017,-0.0021450598724186,0.0752544030547142,-0.0281666796654462,-0.2828920185565948,-0.2366972267627716,-0.0081955520436167,-0.1361654698848724,0.0520629435777664,-0.0882484167814254,-0.1578199118375778,-0.0408344604074955,-0.0484116151928901,-0.3879218995571136,0.2121986895799636,-0.208111971616745,0.2594467997550964,-0.2012141346931457,-0.0947952792048454,-0.2472317814826965,-0.2065911889076233,0.1037168428301811,0.3622587025165558,0.0446514971554279,0.0709495022892952,-0.1762877255678177,-0.0188509281724691,-0.206997275352478,0.2367649674415588,-0.1826634854078292,-0.1134281232953071,-0.1127983182668685,-0.0995147749781608,0.1718929708003997,-0.0854204669594764,-0.0218392480164766,-0.1352743804454803,-0.5107787251472473,0.1712390631437301,0.1249405220150947,-0.2375046461820602,-0.141031727194786,-0.165414497256279,0.0062717418186366,-0.1692512780427932,0.2748201191425323,0.0380252189934253,0.0320319682359695,0.0676681846380233,0.1487637460231781,0.1507340669631958,0.2926385998725891,0.3549843728542328,0.3610245287418365,0.3299374878406524,1
s_000026,나 어제 자궁근종 판정을 받았어. [SEP] 저런. 많이 걱정되시겠어요. 기분은 어떠세요? [SEP] 불안하고 우울해지는 것 같아. [SEP] 몸에 문제가 생겨서 마음이 많이 안 좋으시군요.,E39,Pro_08850,Pro_08850_00003,Pro_08850,-0.0452061146497726,-0.2866319119930267,-0.2783236503601074,-0.2830299735069275,0.1505388617515564,0.1226859241724014,-0.1859234124422073,-0.0626880750060081,0.0564975701272487,0.274816632270813,0.0341723822057247,-0.2052427381277084,-0.1081394329667091,-0.0916129648685455,-0.1230671927332878,0.0767506957054138,-0.1242965012788772,-0.3032242059707641,-0.2115599066019058,0.0795297622680664,-0.0193622037768363,0.0203900672495365,-0.0645380020141601,-0.1959912478923797,-0.170125275850296,-0.1372906416654586,-0.3603341281414032,0.1794032007455825,-0.2984140515327453,0.2665984332561493,-0.3321107029914856,-0.0832757204771041,-0.247584581375122,-0.0543984919786453,0.0753296539187431,0.3692538738250732,0.0830864906311035,0.1145034283399581,-0.1501570045948028,-0.0113924546167254,-0.2386436611413955,0.2562536597251892,-0.1372788250446319,-0.0729980990290641,-0.0742367729544639,-0.0353347063064575,0.092080682516098,-0.1160659343004226,0.0888440683484077,-0.1161318495869636,-0.5495051741600037,0.0970441550016403,0.2106425464153289,-0.3862391710281372,-0.1482993513345718,-0.0242219492793083,0.0938956961035728,-0.1818698495626449,0.3086000382900238,0.0481170564889907,-0.0377204604446888,0.2326767146587371,0.1782685071229934,0.123796597123146,0.2021592855453491,0.2871392965316772,0.5408781170845032,0.3037271201610565,1
s_000027,내 친구가 주변 지인들한테 내 욕을 하고 다녔어. [SEP] 친구가 지인들에게 안 좋은 얘기를 했군요. 그 친구가 어떤 욕을 했나요? [SEP] 내 행동에 관해 이야기도 하고 내 비밀 이야기도 했더라고. [SEP] 속이 많이 상하셨겠네요. 그 친구와 대화를 해 보셨나요? [SEP] 응. 왜 내 욕을 하고 다녔냐고 물었더니 그런 적 없다고 거짓말을 하다가 내 연락을 무시하고 있어. [SEP] 친구분이 잘못을 인정하지 않고 피하는군요.,E36,Pro_05127,Pro_05127_00008,Pro_05127,-0.0669164285063743,-0.2223948538303375,-0.2726421058177948,-0.2581792175769806,0.1223127543926239,0.1004859805107116,-0.150148406624794,-0.0545557625591754,0.0404164008796215,0.256589412689209,0.0323911495506763,-0.1854781806468963,-0.1050494909286499,-0.0624088980257511,-0.0813203677535057,0.0590171031653881,-0.0780025944113731,-0.277496725320816,-0.2090189754962921,0.0626309067010879,-0.0508835278451442,0.0386307090520858,-0.0751998424530029,-0.1492344588041305,-0.1069153174757957,-0.0908395573496818,-0.3564652502536773,0.198354423046112,-0.2489814460277557,0.2423275560140609,-0.2799330353736877,-0.0891906395554542,-0.2316217422485351,-0.0889158397912979,0.0815501287579536,0.3598059117794037,0.0506910383701324,0.1007680296897888,-0.1532911211252212,-0.0054572946391999,-0.2228232324123382,0.2365973442792892,-0.1465596854686737,-0.0969719588756561,-0.0888651981949806,-0.0570863522589206,0.1108852922916412,-0.0945720896124839,0.0490894019603729,-0.1171102598309516,-0.5218521356582642,0.1284099668264389,0.1910304725170135,-0.3301157653331756,-0.1170864924788475,-0.0612872242927551,0.0666565597057342,-0.1811491996049881,0.2808140516281128,0.0362294130027294,-0.0063023366965353,0.1825193017721176,0.1659689247608184,0.1366249620914459,0.1996713280677795,0.3107457756996155,0.4585947394371032,0.3127325475215912,1
s_000028,한 달 후에 있는 막내딸의 결혼식에 나는 가지 못할거야. 너무 슬프네. [SEP] 막내딸의 결혼식에 참석하지 못해 슬프시군요. 결혼식에 참석하지 못하는 이유가 있으신가요? [SEP] 다음 주에 다리를 절단하는 수술을 받고 회복 기간이 무척 기니까. [SEP] 건강 문제로 기쁜 자리에 함께하지 못해 무척이나 비통하시겠어요.,E22,Pro_07273,Pro_07273_00031,Pro_07273,-0.0419004447758197,-0.2498961240053177,-0.2882678806781769,-0.3395460546016693,0.1692787259817123,0.0967758893966674,-0.1490524262189865,-0.0262500420212745,0.0496263653039932,0.2849579751491546,0.0718244463205337,-0.1616050750017166,-0.1049968525767326,-0.0932509079575538,-0.1243816539645195,0.029002096503973,-0.0993942469358444,-0.2749276757240295,-0.1993851959705352,0.1197293773293495,0.0023575567174702,0.0389283820986747,-0.0771677196025848,-0.1158666536211967,-0.1228362023830413,-0.091439314186573,-0.35113325715065,0.2175912708044052,-0.261686623096466,0.2234035581350326,-0.3245269358158111,-0.0961361825466156,-0.2224684506654739,-0.0097444551065564,0.0752390325069427,0.3800786733627319,0.0327455140650272,0.1128855645656585,-0.1542942076921463,0.0098651135340332,-0.2587129175662994,0.2402023375034332,-0.1331167519092559,-0.1113640815019607,-0.0851981937885284,-0.0365746244788169,0.0798261538147926,-0.0954639762639999,0.0842871442437172,-0.1103976890444755,-0.5511276125907898,0.125362366437912,0.2567604482173919,-0.3920910358428955,-0.085322268307209,-0.0049536158330738,0.1199463307857513,-0.2061873525381088,0.283338725566864,0.0215663760900497,-0.0191778223961591,0.2600420713424682,0.1814928352832794,0.1474310755729675,0.1261754333972931,0.3118818402290344,0.5212774276733398,0.3399658799171448,1
s_000029,친구들 사이에서 따돌림 당하는 기분이었는데 느낌 탓이 아니었어. [SEP] 왜요? 무슨 일 있으셨나요? [SEP] 나는 백수기 때문에 직장인 모임에 껴주지 않는다는 친구들 말을 들었어. [SEP] 어떤 생각이 들었어요? [SEP] 눈물이 나더라. 나만 친구라고 생각했나 봐. [SEP] 더 좋은 친구들이 사용자님 곁에 나타나길 바랄게요.,E51,Pro_03822,Pro_03822_00026,Pro_03822,-0.0855587050318718,-0.2204766422510147,-0.2688027620315552,-0.2294935882091522,0.1021082401275634,0.1128048673272132,-0.1494136899709701,-0.0683577582240104,0.0384103767573833,0.2509096562862396,0.0241200476884841,-0.1983764022588729,-0.104154035449028,-0.0480274073779583,-0.0598564893007278,0.0816484540700912,-0.0705468133091926,-0.2881534695625305,-0.2130663692951202,0.0313835144042968,-0.0751618519425392,0.0434809923171997,-0.0697444826364517,-0.1651334017515182,-0.0961754620075225,-0.0908113867044448,-0.3687574565410614,0.1980197876691818,-0.2472455352544784,0.2530232965946197,-0.2707760632038116,-0.0975315496325492,-0.244253933429718,-0.1287151575088501,0.0867468193173408,0.3570366501808166,0.0516726002097129,0.1021085083484649,-0.1549773514270782,-0.0169507898390293,-0.2154833078384399,0.2342279702425003,-0.1610703468322754,-0.1026477143168449,-0.0873292386531829,-0.0712189748883247,0.1304280161857605,-0.0954920798540115,0.0376651026308536,-0.1256143897771835,-0.5175054669380188,0.1295013725757599,0.1625087857246399,-0.3035451769828796,-0.1257934719324112,-0.0846947953104972,0.0373905412852764,-0.1768663972616195,0.28748819231987,0.0448703579604625,-0.0014123572036623,0.1519757807254791,0.1668172180652618,0.1364961862564087,0.2341509312391281,0.3306291699409485,0.4400860369205475,0.2999748885631561,1
s_000030,나는 옛날부터 내 죽음을 준비해왔어. [SEP] 죽음이 준비해온 자세가 정말 멋있어요. [SEP] 죽음은 별거 아니지만 사실 조금은 두려워. [SEP] 주변 사람들에게 죽음에 대해 함께 나눠보는 건 어떨까요? [SEP] 자식들에게 죽음에 대해 이야기하면서 마음도 비워볼 생각이야. [SEP] 주변 사람들에게도 알리면서 준비하면 주변 사람들의 후유증이 크지 않을 거예요!,E69,Pro_12240,Pro_12240_00005,Pro_12240,-0.1460369080305099,-0.1950376331806183,-0.2648517787456512,-0.2084469646215438,0.0582500956952571,0.1396651566028595,-0.0997080206871032,-0.0740116983652114,0.0295594669878482,0.2427778840065002,0.0479614846408367,-0.1928404718637466,-0.0853968113660812,-0.0149191198870539,0.0014616426778957,0.1184574291110038,-0.0248421411961317,-0.2940720617771148,-0.198919415473938,-0.0296196341514587,-0.1186636015772819,0.0838261023163795,-0.0528112649917602,-0.1295446455478668,-0.0145492227748036,-0.0521597489714622,-0.3930577337741852,0.2350311428308487,-0.2071173042058944,0.2357069253921508,-0.2520405054092407,-0.1486326605081558,-0.2596653997898102,-0.1981987357139587,0.0981777012348175,0.350635290145874,-0.0063472152687609,0.1217877268791198,-0.1527538448572158,-0.0365405082702636,-0.2078542411327362,0.197775512933731,-0.2029971331357956,-0.167844146490097,-0.0810133665800094,-0.1177383512258529,0.1736994832754135,-0.0756327286362648,0.0125424638390541,-0.1472001820802688,-0.4954579174518585,0.1473056077957153,0.1166495233774185,-0.2231775969266891,-0.070213571190834,-0.1157450005412101,-0.0407888069748878,-0.1910353600978851,0.2849083542823791,0.0510598495602607,0.0271644182503223,0.097047708928585,0.181379348039627,0.1565133780241012,0.2493735253810882,0.4293413758277893,0.3678776621818542,0.2708584368228912,1
s_000031,나와 같이 입사한 동기가 먼저 승진을 했어. 정말 부러워. [SEP] 먼저 승진한 동기 때문에 열등감이 드시는군요. 힘드시겠어요. [SEP] 동기가 아니라 내가 승진할 줄 알았는데. 난 어디가 부족했던 걸까 봐 죄의식도 느껴져. [SEP] 죄의식이 느껴지셨군요. 어떻게 하면 마음이 나아질 수 있을까요? [SEP] 생각을 바꿔보아야겠어. 내가 부족했던 게 아니었을 거야. [SEP] 앞으로의 행보에 행운을 빌어요.,E52,Pro_03823,Pro_03823_00004,Pro_03823,-0.108670674264431,-0.1825195997953415,-0.2591194212436676,-0.1987531632184982,0.0723901316523552,0.1079069599509239,-0.1181054264307022,-0.068389393389225,0.0285137593746185,0.2299128025770187,0.0211307685822248,-0.1884025186300277,-0.0922889038920402,-0.0295741725713014,-0.0260090921074152,0.0857106372714042,-0.0363940335810184,-0.2703249454498291,-0.2021877467632293,0.0050757089629769,-0.0998514667153358,0.0596974156796932,-0.0675659626722335,-0.1374002248048782,-0.0509967319667339,-0.0655986815690994,-0.3616965115070343,0.2043803930282592,-0.2122963517904281,0.2347505241632461,-0.2361616939306259,-0.10715152323246,-0.2347971200942993,-0.1607248783111572,0.0881244987249374,0.3376286923885345,0.0275060124695301,0.1021546721458435,-0.1472396850585937,-0.0194197949022054,-0.1904942542314529,0.2104604542255401,-0.1693044751882553,-0.1201070547103881,-0.0887958258390426,-0.0902788713574409,0.1445666849613189,-0.0790857002139091,0.0139900315552949,-0.1272539943456649,-0.4811737835407257,0.1401840597391128,0.1305293142795562,-0.2476537078619003,-0.0981263145804405,-0.1046094521880149,-0.0021330383606255,-0.171479046344757,0.26816326379776,0.0444125942885875,0.0184782445430755,0.1083947345614433,0.1601654440164566,0.1389887034893036,0.2361899018287658,0.350854218006134,0.3730572164058685,0.2798023223876953,1
s_000032,노인정에서 다 같이 요통에 좋다는 온천에 가기로 해서 너무 흥분돼! [SEP] 다 같이 온천에 가신다니 정말 기쁘시겠어요. [SEP] 응. 요즘 허리가 아팠는데 온천에 갔다 오면 허리도 많이 좋아질 거야. [SEP] 그랬으면 좋겠어요. 온천에 가기 전에 무얼 준비하실 계획이세요? [SEP] 다 같이 먹을 도시락을 한 번 준비해보려고. [SEP] 준비 잘하시고 좋은 시간 보내고 오셨으면 좋겠어요.,E65,Pro_12176,Pro_12176_00004,Pro_12176,-0.1851264387369156,-0.1745408624410629,-0.2398973256349563,-0.028399696573615,-0.0264439452439546,0.1602852642536163,-0.1434139907360077,-0.1468932330608368,0.0188856404274702,0.2014779597520828,-0.0444020517170429,-0.2672936022281647,-0.1033169031143188,0.0450575612485408,0.0738447457551956,0.1925559788942337,-0.0133168417960405,-0.330298364162445,-0.2409819513559341,-0.1470050066709518,-0.2243519872426986,0.0654827132821083,-0.0501122698187828,-0.2494771033525467,-0.0262486562132835,-0.0798266604542732,-0.4244377315044403,0.1855480521917343,-0.2203508913516998,0.3096235990524292,-0.1810791045427322,-0.1257735788822174,-0.3011138439178467,-0.354451835155487,0.1160940751433372,0.3303526043891907,0.0663230493664741,0.0916992574930191,-0.1652404516935348,-0.0752260237932205,-0.1547297686338424,0.2212588787078857,-0.2335916012525558,-0.1179392859339714,-0.0894709974527359,-0.1500192433595657,0.2398542910814285,-0.0955291390419006,-0.0490504540503025,-0.1668473482131958,-0.4727658629417419,0.1457708925008773,-0.0167254395782947,-0.1216566115617752,-0.1859361082315445,-0.2363688498735427,-0.1293568313121795,-0.1385073065757751,0.3086320757865906,0.0890925228595733,0.0362030044198036,-0.0554695539176464,0.1543174237012863,0.1310663074254989,0.4411520957946777,0.416309505701065,0.2978983223438263,0.2335186898708343,1
s_000033,노인네들이 다 오늘내일 한다지만 멀쩡한 친구였는데. 갑자기 쓰러져서 병원이라니. [SEP] 친구 분이 쓰러지셔서 걱정이시겠어요. [SEP] 그 양반은 어제도 정정해서 막 걸어 다녔어. 도움 없이도 말이야. [SEP] 어제도 그러셨는데 오늘 쓰러지셨군요. 속상하시겠어요. [SEP] 병원 소식 오기만을 기다리는 중이야. [SEP] 부디 좋은 연락이 왔으면 좋겠어요.,E31,Pro_09802,Pro_09802_00014,Pro_09802,-0.0761072486639022,-0.1793546825647354,-0.266851931810379,-0.232944056391716,0.103055715560913,0.0829400420188903,-0.1326894313097,-0.0521598644554615,0.0299555547535419,0.2410236448049545,0.0226869471371173,-0.1761030703783035,-0.1046482250094413,-0.0442857183516025,-0.0566739998757839,0.0467758476734161,-0.050748985260725,-0.2592181861400604,-0.2094679325819015,0.0520673729479312,-0.0719890668988227,0.0451518893241882,-0.0836094692349433,-0.1271886676549911,-0.0741695389151573,-0.0659182220697403,-0.3500659763813019,0.2023096233606338,-0.2194426953792572,0.2304365336894989,-0.2414695471525192,-0.0851292759180069,-0.2195863723754882,-0.1114927008748054,0.0843674838542938,0.3503810167312622,0.0395073480904102,0.0881605073809623,-0.1544148623943328,-0.0010084953391924,-0.207259863615036,0.2271106392145156,-0.1480840742588043,-0.1014650985598564,-0.0990851446986198,-0.0674720853567123,0.1205964237451553,-0.0827370285987854,0.0223105512559413,-0.1153259202837944,-0.5003116726875305,0.1457888036966323,0.1746172606945037,-0.2934878468513489,-0.1073328703641891,-0.0873354375362396,0.0513989627361297,-0.1749335825443267,0.2618340253829956,0.02988170273602,0.0118541233241558,0.1461311280727386,0.1537611186504364,0.1401548236608505,0.2046570181846618,0.3118590712547302,0.4054429233074188,0.3168896436691284,1
s_000034,다이어트하려고 식단 조절하기로 했는데 그걸 못 참고 빵을 먹어버린 나 자신한테 너무 화가 나. [SEP] 스스로 만든 룰을 깨서 나 자신한테 화가 많이 나시겠어요. [SEP] 밀가루가 너무 먹고 싶은 나머지 집에 있는 빵을 나도 모르게 먹게 돼버렸어. [SEP] 밀가루가 너무 먹고 싶은 나머지 집에 있는 빵을 나도 모르게 먹게 됐군요. 어떻게 하면 지금의 상황을 변화시킬 수 있을까요? [SEP] 집에 있는 군것질 거리들을 다 치워야겠어. [SEP] 의지로 다이어트에 성공하길 바랄게요.,E10,Pro_10621,Pro_10621_00003,Pro_10621,0.0261872373521327,-0.2962437570095062,-0.2955852746963501,-0.3585447669029236,0.2190712392330169,0.0779285430908203,-0.2203690409660339,-0.0296001248061656,0.0635222271084785,0.3017741441726684,0.0413517169654369,-0.1826652288436889,-0.1322705894708633,-0.1295219361782074,-0.1945219486951828,0.0009964589262381,-0.1631911098957061,-0.2861689627170563,-0.224601000547409,0.1791444718837738,0.0477345772087574,-0.0118583431467413,-0.0936836525797844,-0.1822361350059509,-0.2281672805547714,-0.1476537734270095,-0.336722582578659,0.172752633690834,-0.3225172460079193,0.2608087062835693,-0.3564042150974273,-0.0391884967684745,-0.2196676880121231,0.0593517906963825,0.0656655877828598,0.3963803350925445,0.111153557896614,0.0914759337902069,-0.1629079729318618,0.0250504370778799,-0.2763054370880127,0.2916217446327209,-0.091427132487297,-0.0322917215526104,-0.0907159820199012,0.0163098108023405,0.036941111087799,-0.1273761391639709,0.1168254390358924,-0.0914613381028175,-0.5897791385650635,0.1007998138666153,0.3030434250831604,-0.4807975590229034,-0.1686882376670837,0.0239656623452901,0.2066199481487274,-0.1908496618270874,0.3018729388713836,0.0207648873329162,-0.0584646575152874,0.3194361627101898,0.1696699559688568,0.1240478008985519,0.1327766627073288,0.205214187502861,0.6266366243362427,0.3759579360485077,1
s_000035,요즘 공부 잘하는 친구들 눈치가 보여. 난 공부를 못해서 모여 있으면 벌 받는 것 같아. [SEP] 친구들 눈치가 보이고 벌 받는 느낌이 드시는군요. [SEP] 여고에 올라오니 애들이 공부를 훨씬 잘하는 데 나만 못해. 같이 있으면 죄책감이 들어. [SEP] 친구들이 공부를 너무 잘해 죄책감이 드시는군요. 어떻게 하면 상황을 해결할 수 있을까요? [SEP] 빨리 공부를 열심히 해서 애들하고 친해질 수 있게 만들어야겠어. [SEP] 성적이 얼른 올라서 친구들 사이의 문제가 해결되길 바라요.,E51,Pro_01902,Pro_01902_00019,Pro_01902,-0.1735614836215973,-0.2144495248794555,-0.2445100396871566,-0.0518522150814533,-0.0072769820690155,0.1740320026874542,-0.1612126231193542,-0.1488943397998809,0.0287246704101562,0.2146404683589935,-0.0380076095461845,-0.275541752576828,-0.1037699356675148,0.0263849403709173,0.0481746979057788,0.2014988213777542,-0.0401114076375961,-0.3444890677928924,-0.2403201013803482,-0.1347240060567855,-0.2036740481853485,0.0571918152272701,-0.0430214144289493,-0.2702290415763855,-0.0608416907489299,-0.1050094589591026,-0.4268613755702972,0.1783112287521362,-0.2486883699893951,0.3201313018798828,-0.2170061767101287,-0.1258160769939422,-0.3096657395362854,-0.3325781524181366,0.1122855022549629,0.3372930288314819,0.0800348594784736,0.1022259443998336,-0.1630312800407409,-0.0781104266643524,-0.1671044528484344,0.2308414578437805,-0.2290481775999069,-0.1090352013707161,-0.0800569355487823,-0.137958824634552,0.2283629179000854,-0.106899045407772,-0.0234220083802938,-0.1666093915700912,-0.4914132952690124,0.1280165463685989,-0.0004606125585269,-0.1606829017400741,-0.1971978992223739,-0.2115216851234436,-0.112619049847126,-0.1421828866004943,0.3243961334228515,0.0948488786816597,0.0181337688118219,-0.0196231883019208,0.1638422608375549,0.1256012171506881,0.4353554546833038,0.4077564477920532,0.3478796780109405,0.2288572788238525,1
s_000036,일찍 퇴직하게 됐는데 아내가 나 몰래 노후 자금을 준비하고 있었다니 너무 다행이야. [SEP] 아내가 노후 자금을 미리 준비하고 있어서 다행이셨군요. [SEP] 생각도 못했는데 현명한 아내를 둬서 너무 고마워. [SEP] 현명한 아내에게 감사하시는군요. 아내에게 고마운 마음을 어떻게 전하면 좋을까요? [SEP] 돌아오는 결혼기념일은 평소보다 특별하게 준비해야겠어. [SEP] 결혼기념일 준비가 잘 되어서 고마운 마음이 전해지면 좋겠어요.,E61,Pro_07192,Pro_07192_00019,Pro_07192,-0.207779124379158,-0.157592162489891,-0.2356165051460266,0.0008241658215411,-0.0509050711989402,0.1672357767820358,-0.1311816424131393,-0.1556012779474258,0.0134440194815397,0.1928814500570297,-0.0484210215508937,-0.272016167640686,-0.1003679633140564,0.064315415918827,0.1032186523079872,0.2082667499780655,0.0055530099198222,-0.3334327936172485,-0.2421298921108245,-0.1777905076742172,-0.2506882548332214,0.0763250663876533,-0.046705674380064,-0.2484285533428192,0.0019385901978239,-0.0669455602765083,-0.4343269169330597,0.1926306635141372,-0.2052938193082809,0.3109243810176849,-0.1613751053810119,-0.1377078741788864,-0.3083146214485168,-0.3911137282848358,0.1221334785223007,0.3259105086326599,0.0552147403359413,0.0917911604046821,-0.1669396013021469,-0.0841315388679504,-0.1454959511756897,0.2122646421194076,-0.2493219226598739,-0.1328768581151962,-0.0906781405210495,-0.1684758961200714,0.2607018053531647,-0.0901232212781906,-0.0674600154161453,-0.1751190423965454,-0.4614480137825012,0.1543876975774765,-0.0462346337735652,-0.0801198706030845,-0.1810051798820495,-0.2619423866271972,-0.162447914481163,-0.1366507411003112,0.3077808618545532,0.0935133919119834,0.0485726818442344,-0.0934039652347564,0.1539112627506256,0.1354444175958633,0.4669943153858185,0.4446598291397095,0.2617261409759521,0.2235151827335357,1
s_000037,나도 오늘 시험 백 점 맞았는데 엄마 아빠가 언니만 칭찬하는 걸 보니까 너무 화가 났어. [SEP] 오늘 시험을 백 점 맞았는데 부모님이 언니만 칭찬해주셔서 화가 나셨겠어요. [SEP] 너무 화가 나는데 괜히 나서면 더 혼날 수 있으니까 그냥 가만히 있어야겠지? [SEP] 가만히 있어야 할지 고민이시군요. 어떤 것이 가장 좋은 방법일까요? [SEP] 혼자 끙끙 앓지 말고 부모님께 직접 가서 얘기해야겠어! [SEP] 부모님과의 대화를 통해 상황이 어떻게 달라지길 바라시나요?,E18,Pro_01629,Pro_01629_00007,Pro_01629,0.301522433757782,0.9658676385879515,-0.7489157915115356,0.9995672702789308,0.9819055795669556,0.9991384148597716,-0.5515133738517761,-0.907685935497284,0.5728371739387512,0.9401726722717284,0.9563720226287842,-0.6319311261177063,0.9999918937683104,-0.9938765168190002,0.9966750741004944,0.924729824066162,-0.9995826482772828,0.985693633556366,0.9994773268699646,-0.8535683155059814,0.968183934688568,-0.7331183552742004,-0.9723691940307616,-0.9999032616615297,0.0089300824329257,-0.9950432777404784,-0.0243490040302276,0.9543297290802002,-0.9804452061653136,-0.9975706338882446,-0.9972665309906006,0.999953269958496,-0.9974777102470398,0.7449418902397156,-0.655590295791626,0.999980926513672,0.9998661279678344,0.9917831420898438,0.9732999205589294,0.1212931424379348,-0.1963500380516052,-0.8218913078308105,-0.9513723254203796,0.5278335213661194,0.9863630533218384,-0.9914578199386596,0.9427676796913148,-0.9919183254241944,0.9903108477592468,-0.9900544285774232,0.5918517112731934,0.7402602434158325,0.9715093970298768,0.8532132506370544,-0.9684536457061768,-0.5360516309738159,0.6760525703430176,0.9962767958641052,-0.9385419487953186,-0.9882020354270936,-0.9915247559547424,-0.9990694522857666,-0.0503180138766765,0.1036544516682624,0.207412302494049,0.2308226376771927,0.6232993602752686,0.3512569069862366,3
s_000038,학교 안에 따돌림은 없어지지 않아. [SEP] 왕따가 없어 지지 않을거라고 생각하시는군요? [SEP] 물론 그런 일이 발생하지 않았으면 좋겠지만 계속 생겨날 거란거지. [SEP] 그런 안타까운 일이 더 이상 발생하지 않았으면 좋겠네요,E36,Pro_01887,Pro_01887_00021,Pro_01887,-0.0663555189967155,-0.211452916264534,-0.269707977771759,-0.2413879185914993,0.1153978034853935,0.0943905487656593,-0.1529573649168014,-0.0583562776446342,0.0376045405864715,0.2502282261848449,0.0210712812840938,-0.1885610520839691,-0.1079478934407234,-0.0564281642436981,-0.0753652825951576,0.0571848042309284,-0.0739611387252807,-0.2743349373340606,-0.2133737653493881,0.0574640333652496,-0.0600087530910968,0.0353151522576808,-0.07899871468544,-0.1547851413488388,-0.1063311249017715,-0.0894474536180496,-0.3545170724391937,0.1924698799848556,-0.2454496324062347,0.2457863837480545,-0.2662981748580932,-0.0815160498023033,-0.229651540517807,-0.0999153703451156,0.0824627950787544,0.3564034104347229,0.0580695457756519,0.0932803526520729,-0.1546636968851089,-0.004969835281372,-0.2156132906675338,0.2389840185642242,-0.145044058561325,-0.0884507596492767,-0.0929136276245117,-0.0577359534800052,0.1140556633472442,-0.0945119708776474,0.0397987216711044,-0.1158739626407623,-0.5164629817008972,0.1314685195684433,0.1819495260715484,-0.3209695219993591,-0.1275785565376281,-0.0740561410784721,0.063797503709793,-0.1744662076234817,0.2773895263671875,0.036458034068346,-0.0033387530129402,0.1674365401268005,0.1592879593372345,0.1339390277862548,0.2126771807670593,0.3006666302680969,0.4458362758159637,0.3141354024410248,1
s_000039,자식들 곱게 키워놨더니 다 커서는 연락도 없고 오지도 않아. [SEP] 자녀분들로 인해 기분이 안 좋으신 것 같아요. [SEP] 괘씸하고 배은망덕하기가 짝이 없어. [SEP] 자식들이 괘씸하시군요. 화난 마음이 조금이나마 해소될 만한 방법이 있을까요? [SEP] 전화가 어려우면 문자라도 하나 보내주면 될 텐데. 그게 그렇게 힘들까? [SEP] 자녀분들과 연락이 되어 기분이 풀리셨으면 좋겠어요.,E17,Pro_11348,Pro_11348_00035,Pro_11348,-0.0034443526528775,-0.2237546294927597,-0.2962009310722351,-0.3328976929187774,0.1887125372886657,0.0555787272751331,-0.1922779977321624,-0.0254995040595531,0.0447089225053787,0.2935623824596405,0.0393644906580448,-0.1692103743553161,-0.1418347805738449,-0.0850688219070434,-0.1407584846019745,-0.0170259866863489,-0.1140474155545234,-0.2732500731945038,-0.2383147627115249,0.1543502360582351,-0.0008601953741163,0.0078750262036919,-0.1113757714629173,-0.1417033970355987,-0.1558737009763717,-0.0904963240027427,-0.3544329404830932,0.2051846235990524,-0.2733794152736664,0.2483021318912506,-0.298057496547699,-0.0496476516127586,-0.2158439606428146,0.0002420917153358,0.0817131698131561,0.4052090048789978,0.0784650668501854,0.0679504126310348,-0.1826079189777374,0.0285969357937574,-0.2778234779834747,0.2837396562099457,-0.1147081926465034,-0.0658242031931877,-0.1151174157857894,-0.0142774889245629,0.0738334953784942,-0.1091459766030311,0.0633590072393417,-0.1008943021297454,-0.5847678780555725,0.1490226686000824,0.2862169444561004,-0.4280960857868194,-0.1505965739488601,-0.0409667640924453,0.1819379180669784,-0.1966713219881057,0.2827333807945251,0.005836930591613,-0.0202193669974803,0.2589923441410064,0.1587818264961242,0.1482523083686828,0.1549387872219085,0.2498827278614044,0.5463526248931885,0.4119234085083008,1
s_000040,나 정말 복잡한 심경이야. [SEP] 무언가 마음이 복잡한 일이 있으시군요. [SEP] 내가 아프기 시작하고 나서도 날 계속 있게 해준 직장에 너무 고맙고 감사하거든. 오래 다니기도 했고. [SEP] 오래 다니시고 상황도 이해해주었다니 좋은 직장인 것 같네요. [SEP] 그런데 최근 실수가 너무 많아 죄송스러워. 책임감 있게 그만둘 때가 된 것 같다는 생각이 들어. [SEP] 선생님은 어떻게 하고 싶으세요?,E58,Pro_12469,Pro_12469_00004,Pro_12469,-0.1438431143760681,-0.1752983629703521,-0.248745396733284,-0.1119952127337455,0.0235107205808162,0.1302539855241775,-0.1320922374725341,-0.107300691306591,0.0231073107570409,0.2138243168592453,-0.0149436118081212,-0.2275893837213516,-0.098688393831253,0.0072979452088475,0.0224703904241323,0.135822981595993,-0.0248485747724771,-0.2976816892623901,-0.2222998142242431,-0.068566046655178,-0.1620819568634033,0.0603762455284595,-0.0607945136725902,-0.1942271292209625,-0.0408739261329174,-0.0729562044143676,-0.3904178142547607,0.1920720338821411,-0.215635672211647,0.27228444814682,-0.2052887380123138,-0.1120645254850387,-0.2654848098754883,-0.2579220831394195,0.1013726666569709,0.3324739336967468,0.0500332117080688,0.0942164063453674,-0.1559734344482422,-0.0455134510993957,-0.1703690141439438,0.2169525176286697,-0.1985173821449279,-0.1143283396959304,-0.0904959216713905,-0.1180420368909835,0.1904347240924835,-0.0872482657432556,-0.0187855344265699,-0.1451369225978851,-0.4748415946960449,0.1431867629289627,0.0577776171267032,-0.1861800253391266,-0.1450742334127426,-0.1717229485511779,-0.0628085508942604,-0.1527619808912277,0.2861936092376709,0.0658618435263633,0.0273083671927452,0.0258603878319263,0.1545301377773285,0.1334849447011947,0.3381378650665283,0.3758432567119598,0.3337278664112091,0.2580471038818359,1
s_000041,내가 말을 더듬어서 친구들과 이야기를 잘하지 못해서 너무 서러워. [SEP] 친구들과 대화를 할 때 말을 자꾸 더듬어서 서러우시군요. [SEP] 나도 말을 잘하고 싶은데 생각처럼 잘 안 되어서 슬퍼. [SEP] 노력하는데도 잘 안 되어서 슬프시군요. 지금부터 무엇을 하면 좋을까요? [SEP] 부모님께 치료를 받고 싶다고 말씀드리고 싶어. [SEP] 치료를 받아서 친구들과 잘 대화할 수 있었으면 좋겠어요.,E21,Pro_03552,Pro_03552_00018,Pro_03552,-0.0097341109067201,-0.2572069466114044,-0.2868172228336334,-0.3068745136260986,0.1770717352628708,0.0805539414286613,-0.2007501125335693,-0.0439105294644832,0.0516330860555172,0.2832227945327759,0.0271542221307754,-0.1892294883728027,-0.1297860443592071,-0.0942798107862472,-0.1440169215202331,0.0204996243119239,-0.1279649138450622,-0.2849980592727661,-0.2290333211421966,0.1294538229703903,-0.0027093486860394,0.0036228699609637,-0.0930521711707115,-0.1784654706716537,-0.1811891049146652,-0.122444249689579,-0.3499099314212799,0.1810531616210937,-0.29330974817276,0.2619601488113403,-0.314490407705307,-0.0515503697097301,-0.2267591953277588,-0.0137096904218196,0.0758004933595657,0.3867287933826446,0.0965370535850524,0.084307849407196,-0.1667099744081497,0.0134889790788292,-0.2566203474998474,0.2784241437911987,-0.1149936839938163,-0.050743032246828,-0.0973150506615638,-0.0139384483918547,0.0732444375753402,-0.1168423444032669,0.0788738504052162,-0.1026525422930717,-0.5690864324569702,0.119569219648838,0.2555583417415619,-0.4205766022205353,-0.165050595998764,-0.0289954971522092,0.1546398103237152,-0.1832958310842514,0.2944694757461548,0.0256678164005279,-0.0345783196389675,0.252933531999588,0.1625795662403106,0.1300075054168701,0.1785636246204376,0.2412204444408416,0.5549971461296082,0.363948792219162,1
s_000042,나 오늘 위로가 필요해. [SEP] 오늘 무슨일 있으셨나요? [SEP] 학교 일진들에게 맞았어 너무 화가나. [SEP] 학교 폭력을 당해 화가 많이 나셨군요.,E17,Pro_01868,Pro_01868_00003,Pro_01868,0.004263412207365,-0.3033183217048645,-0.2967424690723419,-0.3974440395832062,0.2204359769821167,0.0956614166498184,-0.1753066480159759,-0.0106896301731467,0.0655839145183563,0.3046529591083526,0.0860129818320274,-0.1556402742862701,-0.1053435951471328,-0.1403970867395401,-0.1901682615280151,0.0089432559907436,-0.1462278664112091,-0.2756558954715729,-0.1909485608339309,0.1799801439046859,0.0669957920908927,0.0177432112395763,-0.0752099677920341,-0.1260999143123626,-0.1887121349573135,-0.1294208317995071,-0.3302826285362243,0.2008575797080993,-0.3017419576644897,0.222865417599678,-0.3779725134372711,-0.0785888880491256,-0.2128265798091888,0.0826914310455322,0.0603136122226715,0.3867703378200531,0.0555811449885368,0.1240739077329635,-0.1451925337314605,0.0229680407792329,-0.2772018611431122,0.2555510401725769,-0.1009674221277237,-0.0829788073897361,-0.0737308636307716,0.0031521364580839,0.0315741524100303,-0.1095843017101287,0.134826973080635,-0.0949717536568641,-0.5722361207008362,0.0955962240695953,0.3110785484313965,-0.4682626724243164,-0.0923622623085975,0.0655316933989524,0.1824115216732025,-0.2117386311292648,0.2926125526428222,0.018494127318263,-0.0520364604890346,0.3422184884548187,0.1895085275173187,0.1352607160806656,0.0701445639133453,0.2598680853843689,0.6111647486686707,0.3452804982662201,1
s_000043,내가 배달하다가 오토바이 사고를 당했는데 다리를 못 쓸 거 같다고 해. [SEP] 사고를 당해서 다리를 못 쓸 것 같은 상황이라 아주 슬프시겠어요. [SEP] 좌절할 가족들을 생각하면 마음이 너무 아파서 이 상황을 어떻게 해야 할지 모르겠어. [SEP] 지금 상황에서 어떻게 하는 것이 가장 좋을까요? [SEP] 솔직하게 지금의 상황을 얘기하고 가족들의 도움을 받아야겠어. [SEP] 가족들에게 솔직히 말씀드려서 지금의 어려움이 한결 나아지길 바라요.,E33,Pro_07284,Pro_07284_00015,Pro_07284,-0.0329933427274227,-0.2694595158100128,-0.2884468734264374,-0.3201563060283661,0.1705290824174881,0.1028812304139137,-0.1809442788362503,-0.0429888777434825,0.0537688061594963,0.2883239090442657,0.0505847632884979,-0.1857248842716217,-0.1172467246651649,-0.0929660201072692,-0.1321687549352646,0.041851207613945,-0.1202647760510444,-0.2936275899410248,-0.2163803726434707,0.1122764348983764,-0.0047627813182771,0.0221154689788818,-0.078779898583889,-0.1634239107370376,-0.1579731255769729,-0.1158303320407867,-0.3610077500343323,0.1994451284408569,-0.2879118323326111,0.252960056066513,-0.3303505182266235,-0.0814446657896041,-0.236882135272026,-0.0243314839899539,0.0776315256953239,0.3868845701217651,0.0681007876992225,0.1047901585698127,-0.1616341471672058,0.0036232946440577,-0.2615492641925812,0.2618261575698852,-0.1323537975549698,-0.0844696462154388,-0.0864539444446563,-0.0293749328702688,0.083906777203083,-0.1112186461687088,0.0862079858779907,-0.1124368086457252,-0.5673460960388184,0.1169306188821792,0.2488192617893219,-0.407107263803482,-0.1325707882642746,-0.0191822852939367,0.1279652863740921,-0.1962446719408035,0.300471544265747,0.0304400641471147,-0.031136991456151,0.2554816603660583,0.1782321184873581,0.1384018659591674,0.1681588739156723,0.2896705269813537,0.5502033233642578,0.3447075188159942,1
s_000044,고기를 많이 먹으면 심장병에 걸리기 쉽대. 좋아하는 고기를 먹을 수 없어서 화가 나! [SEP] 좋아하는 음식이 건강에 좋지 않다니 슬프겠어요. [SEP] 하지만 나이가 있으니 건강을 신경 써야겠어. [SEP] 건강을 유지하려면 어떻게 해야 할까요? [SEP] 고기는 조금만 먹고 운동을 열심히 할 거야. [SEP] 미세먼지가 심한 날에는 마스크를 끼거나 외출을 자제하는 것이 좋군요.,E14,Pro_10625,Pro_10625_00005,Pro_10625,-0.0314629487693309,-0.2587343156337738,-0.2787143588066101,-0.2746995985507965,0.1527618318796157,0.0972350463271141,-0.1925938874483108,-0.0581236332654953,0.0503909774124622,0.270965576171875,0.0196732077747583,-0.2003346979618072,-0.120279349386692,-0.0842513144016265,-0.1226566880941391,0.0499516241252422,-0.1184035837650299,-0.2908843159675598,-0.2235300242900848,0.0940327122807502,-0.0242638047784566,0.0113326190039515,-0.0813402608036995,-0.1909469962120056,-0.1694494187831878,-0.1260470747947693,-0.354239284992218,0.1758351773023605,-0.2892646789550781,0.2666403949260711,-0.3074378669261932,-0.062706135213375,-0.2360060811042785,-0.0515304021537303,0.0771401077508926,0.3730498254299164,0.0938165038824081,0.0930245071649551,-0.1591623723506927,-4.74192202091217e-05,-0.2383482903242111,0.2668807208538055,-0.1273823678493499,-0.0569652952253818,-0.0893536061048507,-0.0287653561681509,0.0891638547182083,-0.1148658469319343,0.0721151158213615,-0.1094879880547523,-0.5512809157371521,0.1123314797878265,0.2193351686000824,-0.3881780505180359,-0.1639156937599182,-0.0425072014331817,0.1148446649312973,-0.1758499592542648,0.2974733710289001,0.0379601195454597,-0.0309794656932353,0.2225076705217361,0.1640946120023727,0.1249100044369697,0.2057534754276275,0.2598549723625183,0.5280871391296387,0.3318338692188263,1
s_000045,얼굴과 몸에 주름살이 생긴 후로 거울 보기가 싫어. 노인 같고 내가 가치 없는 것 같아. [SEP] 아주 속상하고 세월이 야속하게 느껴질 것 같아요. [SEP] 내가 늙어가는 걸까. 다들 날 그렇게 볼 것 같아. [SEP] 어떻게 해야 지금의 기분과 상황에서 나아질까요? [SEP] 있는 그대로 받아들이고 이럴수록 건강을 위해 운동을 해야겠어. [SEP] 사람들과 함께 운동하고 지금의 감정을 나눌 사람이 있었으면 좋겠어요.,E19,Pro_07270,Pro_07270_00026,Pro_07270,-0.0678282082080841,-0.2589588761329651,-0.2864171862602234,-0.3124741315841675,0.1475469321012497,0.1202351972460746,-0.151813805103302,-0.0453456230461597,0.0496725849807262,0.2845859825611114,0.0668512880802154,-0.1817061305046081,-0.1048726439476013,-0.0766425803303718,-0.0997403487563133,0.0641649365425109,-0.0957240909337997,-0.297217458486557,-0.2060959190130233,0.0789983570575714,-0.0266812220215797,0.0459824167191982,-0.0674335733056068,-0.1418801397085189,-0.1130459904670715,-0.0952917709946632,-0.3742626309394836,0.221014529466629,-0.2667278945446014,0.2417133897542953,-0.3239958584308624,-0.1125840619206428,-0.2457099705934524,-0.0612206570804119,0.0833008959889411,0.3827731311321258,0.0333820953965187,0.1187525540590286,-0.1587909162044525,-0.0078337825834751,-0.2576966285705566,0.2399327307939529,-0.1562689691781997,-0.1234647706151008,-0.0809627100825309,-0.055552776902914,0.107219859957695,-0.0998269319534301,0.0752531662583351,-0.1247091591358184,-0.5554558634757996,0.1249570921063423,0.2251179069280624,-0.3671483397483825,-0.0976745411753654,-0.0321381315588951,0.0838053226470947,-0.2053673416376114,0.2995234131813049,0.0344256460666656,-0.0161297377198934,0.2296744436025619,0.1881773173809051,0.1495961397886276,0.1725733280181884,0.3473882377147674,0.5120082497596741,0.3253282904624939,1
s_000046,다른 친구들은 다 취업을 했는데 왜 나만 취업을 못 하는 걸까? 나 자신이 너무 증오스러워. [SEP] 취업과 진로 고민으로 아주 힘드시군요. [SEP] 사실 내가 정말로 뭘 하고 싶은지도 모르겠어. 이 나이 먹도록 뭘 했는지도 모르겠어. [SEP] 이 문제를 해결하기 위해 어떤 좋은 방법이 있을까요? [SEP] 나를 정말 잘 아는 은사님께 조언을 구해야겠어. [SEP] 은사님과의 대화를 통해 좋은 해결책이 나왔으면 좋겠네요.,E10,Pro_05341,Pro_05341_00017,Pro_05341,0.2203337848186493,0.1539065688848495,-0.9277239441871644,0.6989675760269165,0.768911600112915,0.8879137635231018,-0.3743648529052734,-0.3326132893562317,0.4981151223182678,0.9009299874305724,0.4913316071033478,-0.0711175501346588,0.9548377990722656,-0.9057965278625488,0.8753398656845093,-0.1222327351570129,-0.8555671572685242,0.8138287663459778,0.5540063381195068,-0.6973456740379333,0.5548165440559387,-0.3106552362442016,-0.5773957967758179,-0.959069848060608,-0.2433937489986419,-0.7797816395759583,-0.2953788936138153,0.4425827860832214,-0.9478232860565186,-0.1978904604911804,-0.798427402973175,0.8875249028205872,-0.8988592624664307,0.4473168551921844,0.23794487118721,0.9518644213676452,0.862540066242218,0.5084848403930664,0.7236360311508179,-0.3059852123260498,-0.1622777730226516,-0.540560245513916,-0.7838854193687439,-0.125519186258316,0.5677856802940369,-0.5974618792533875,0.6894831657409668,-0.8846421241760254,0.6434573531150818,-0.9581179618835448,-0.0553525537252426,0.4854645729064941,0.8554312586784363,0.0966445952653884,-0.6126713156700134,0.2035502940416336,0.4484769403934479,0.2515101134777069,-0.0990914031863212,-0.7853579521179199,-0.6799625754356384,-0.6838399767875671,0.033665157854557,-0.644858181476593,0.2324133813381195,0.2328021228313446,0.5909676551818848,0.3754520416259765,1
s_000047,스펙이 낮아서 취업이 잘 안 돼. 더군다나 여성은 남성보다 취업 문이 작아서 더 힘들어. [SEP] 취업이 잘 안 돼서 힘드시군요. [SEP] 스펙을 높이기 위해 다른 사람보다 더 열심히 했어야 했는데 도대체 그동안 뭘 한 걸까. [SEP] 이 상황에서 할 수 있는 것이 무엇이 있을까요? [SEP] 다른 사람들과 차별화된 무언가를 찾아야 하는데 찾을 수 있을지 모르겠어. [SEP] 취업에 관한 다양한 정보를 접할 수 있길 바랄게요.,E11,Pro_05342,Pro_05342_00017,Pro_05342,-0.0293783172965049,-0.1737441420555114,-0.289717823266983,-0.2751491069793701,0.1502212882041931,0.0461245775222778,-0.1858709901571273,-0.0409182459115982,0.0308355186134576,0.2772439122200012,0.014081947505474,-0.1794242858886718,-0.1511711627244949,-0.0448954291641712,-0.0919331982731819,-0.0100932763889431,-0.0818437188863754,-0.2726837396621704,-0.2556378841400146,0.1120267510414123,-0.055345993489027,0.0141964703798294,-0.1212889999151229,-0.1472805291414261,-0.1163446903228759,-0.0639548301696777,-0.3701733648777008,0.2099667340517044,-0.2463887333869934,0.2583730816841125,-0.2441948652267456,-0.0482384264469146,-0.2222567796707153,-0.0743719115853309,0.0946790501475334,0.4036996066570282,0.0779787749052047,0.0462121479213237,-0.1958999037742614,0.0218617040663957,-0.2638870775699615,0.2840471267700195,-0.1341888457536697,-0.0707956403493881,-0.131337285041809,-0.0392300523817539,0.1105622127652168,-0.1028799042105674,0.0166525319218635,-0.1101102828979492,-0.5744843482971191,0.1757824718952179,0.2449974715709686,-0.3732692003250122,-0.1682383567094802,-0.1082406565546989,0.1462844014167785,-0.1858877688646316,0.2756772339344024,0.0063951821066439,0.0043162028305232,0.1862071305513382,0.1444499492645263,0.1548479497432708,0.213721677660942,0.2689655423164367,0.4802306294441223,0.4222866892814636,1
s_000048,단풍잎이 빨갛게 물들었네. 아름다운 가을이야. [SEP] 오래간만에 기분 좋아 보이시네요. [SEP] 요즘은 여러 가지로 감사해. 꾸준하게 노후준비를 했더니 이제부터는 받게 되고. [SEP] 노후 준비가 잘 되어서 행복하신가 보네요. [SEP] 힘들었던 시간도 지나가고 이제 건강하기만 바래야지. 주변도 살피고. [SEP] 축하드려요. 편안해 보이셔서 저도 기쁘네요.,E61,Pro_08752,Pro_08752_00008,Pro_08752,-0.1948326826095581,-0.1200904548168182,-0.2498439848423004,-0.0602824054658412,-0.0245040152221918,0.135498896241188,-0.1128121688961982,-0.1231241002678871,0.0070003969594836,0.2103713601827621,-0.0200623404234647,-0.2374140918254852,-0.1102322340011596,0.0649971440434455,0.0957989767193794,0.1549998372793197,0.0208502225577831,-0.3130691349506378,-0.2447057217359542,-0.1312174648046493,-0.2321033775806427,0.0844040364027023,-0.0678328797221183,-0.1871200650930404,0.0343504585325717,-0.0254864413291215,-0.4325554370880127,0.2270956486463546,-0.1780418008565902,0.2827202081680298,-0.1517129689455032,-0.1389773041009903,-0.288588672876358,-0.3536126017570495,0.1253700405359268,0.3493610918521881,0.0222362857311964,0.0783720016479492,-0.1817995458841323,-0.0606080964207649,-0.1772708743810653,0.2133157402276992,-0.2434442341327667,-0.1574736982583999,-0.1092293187975883,-0.1637296378612518,0.250302642583847,-0.0773186013102531,-0.0754527524113655,-0.1694387644529342,-0.4830042421817779,0.1872428208589553,0.0116595597937703,-0.1051333248615264,-0.1446512639522552,-0.2552374601364136,-0.1182888224720954,-0.1598203033208847,0.2893064022064209,0.0650430768728256,0.0637700408697128,-0.0625715404748916,0.1533890962600708,0.1595671772956848,0.4079065322875976,0.4555084109306335,0.2604029178619385,0.2819842398166656,1
s_000049,조금 있으면 나도 퇴직할 나이인데 그땐 뭐하면서 살지 막막해. [SEP] 퇴직하시게 되면 할 일도 없어지고 막막하시겠어요. [SEP] 좀 더 나이 들면 이곳저곳 성한 곳 없고 돈벌이도 없을 텐데. 자식들 보기도 그렇네. [SEP] 앞으로 더 걱정되시겠어요. 그런 걱정을 좀 덜기 위해서 어떻게 해야 할까요? [SEP] 퇴직 전까진 열심히 일하고 건강관리도 잘해야겠지. [SEP] 건강관리에 신경쓰셔서 건강한 노후생활 하시길 바라요.,E12,Pro_07263,Pro_07263_00037,Pro_07263,-0.0436477027833461,-0.2131930142641067,-0.275469571352005,-0.2910277247428894,0.1445881724357605,0.0785587206482887,-0.1436184644699096,-0.0336894579231739,0.0403668880462646,0.2586150467395782,0.0421937368810176,-0.163113534450531,-0.1038838773965835,-0.0788323953747749,-0.104729026556015,0.0241606626659631,-0.0798434168100357,-0.2551943659782409,-0.2006426155567169,0.1033814698457717,-0.0211775340139865,0.0346294827759265,-0.0839272513985633,-0.1179362088441848,-0.1117538139224052,-0.0839737951755523,-0.3345757722854614,0.1992967575788498,-0.2418040484189987,0.2212706357240677,-0.2824170291423797,-0.0770447328686714,-0.2086960822343826,-0.0369263477623462,0.0739277899265289,0.3582938313484192,0.0443081296980381,0.0971524119377136,-0.1488369107246399,0.0120000783354043,-0.2261972874403,0.2345267534255981,-0.1255526840686798,-0.0909025892615318,-0.0924688354134559,-0.0400817953050136,0.0845042020082473,-0.0887751728296279,0.0588304139673709,-0.1039096936583519,-0.518129825592041,0.1301125735044479,0.2249986678361892,-0.35495525598526,-0.098238319158554,-0.0323914550244808,0.1013132259249687,-0.1850185841321945,0.2644233703613281,0.022622613236308,-0.0081074433401227,0.2154566347599029,0.1614871621131897,0.136891558766365,0.1488433480262756,0.2827900648117065,0.4672040343284607,0.3275886476039886,1
s_000050,이번에 업무 분장을 새로 했어. [SEP] 업무 분장 결과는 만족하시나요? [SEP] 아니. 잡다한 일이 나에게 다 와서 참 성가실 것 같아. [SEP] 잡무를 배당 받으셨다니 번거로우시겠군요.,E19,Pro_08950,Pro_08950_00015,Pro_08950,-0.0587347000837326,-0.2079001069068908,-0.271571010351181,-0.2728564739227295,0.128909945487976,0.0863032639026641,-0.1358355432748794,-0.0405929833650589,0.0381233096122741,0.2519929111003876,0.0394879467785358,-0.1675464361906051,-0.0994013547897338,-0.0693843588232994,-0.0879857838153839,0.0387303791940212,-0.0699974671006202,-0.2577868998050689,-0.1986264288425445,0.08191679418087,-0.0368887111544609,0.0413457825779914,-0.0788775831460952,-0.1200405657291412,-0.0975524708628654,-0.0801383331418037,-0.339384526014328,0.2007717192173004,-0.2348297536373138,0.222275897860527,-0.2741394340991974,-0.0853474587202072,-0.2138790339231491,-0.0624308921396732,0.0763087645173072,0.3523237109184265,0.0384024120867252,0.1004493832588195,-0.1467495709657669,0.0048392633907496,-0.2174791395664215,0.2270565032958984,-0.1350969970226287,-0.0990222245454788,-0.0901654511690139,-0.0513393208384513,0.0967621505260467,-0.0858710184693336,0.0507490150630474,-0.1089108511805534,-0.5081735849380493,0.1308781057596206,0.2044290602207183,-0.3314997553825378,-0.0944302305579185,-0.0449953190982341,0.0771071165800094,-0.1825742274522781,0.2647328674793243,0.0277670435607433,-0.002549639204517,0.1939967274665832,0.1621714234352111,0.1371124237775802,0.1645231544971466,0.2992787361145019,0.4461041092872619,0.3138391673564911,1
s_000051,친구한테 백만 원을 빌려줬는데 친구가 아직 갚지도 않았는데 연락까지 안 받아. [SEP] 빌려준 돈을 아직 못 받으셨군요. 답답하시겠어요. [SEP] 안 갚고 날 피하는 거라면 앞으로 그 친구랑은 관계를 끊고 신경 쓰지 않을 거야. [SEP] 그 친구에 대해서 이제 신경도 쓰기 싫으신 지경에 이르셨군요. [SEP] 백만 원이 적은 돈도 아닌데 벌어서 메워야지 뭐. [SEP] 일이 잘 해결되면 좋겠네요.,E32,Pro_05123,Pro_05123_00080,Pro_05123,-0.0704397857189178,-0.225538358092308,-0.2660323977470398,-0.20497927069664,0.1028259545564651,0.1063734665513038,-0.176177829504013,-0.0799629390239715,0.0395626127719879,0.246891051530838,-0.0019839231390506,-0.2146184146404266,-0.115175537765026,-0.0484946928918361,-0.0687144175171852,0.0815526023507118,-0.0852378755807876,-0.2932753264904022,-0.2270003110170364,0.0320123173296451,-0.0797368288040161,0.0249587502330541,-0.0760571658611297,-0.2007770538330078,-0.1280069649219513,-0.1096323281526565,-0.3666040897369385,0.1754362732172012,-0.2643224596977234,0.2737431228160858,-0.2644243240356445,-0.0740731284022331,-0.2467981427907943,-0.1344462931156158,0.0862974673509597,0.3566970229148865,0.0866973549127578,0.0885038077831268,-0.1590230911970138,-0.0168185047805309,-0.2095281034708023,0.2526063621044159,-0.151654452085495,-0.0690131187438964,-0.0918618664145469,-0.0601785220205783,0.1275627464056015,-0.1067070290446281,0.0348534770309925,-0.1215506568551063,-0.5227565765380859,0.1235123500227928,0.1556259840726852,-0.3151944875717163,-0.1683585345745086,-0.0974175259470939,0.0503762997686862,-0.1621443480253219,0.2931964993476867,0.0493655428290367,-0.0100263459607958,0.1440262347459793,0.1563055366277694,0.1248488947749137,0.2651287317276001,0.2921740114688873,0.4541563093662262,0.3055410981178283,1
s_000052,여유를 가지고 하신다면 분명히 가능하실겁니다. [SEP] 그렇게 얘기해줘서 고맙지만 나는 매우 지치기도 했고 힘들어서 울적해지면서도 성적도 포기하고 싶어. [SEP] 걱정마세요 저와 같이 열심히 노력해봐요. [SEP] 오늘 테스트 결과가 나왔는데 지난 테스트보다 성적이 안 좋아. [SEP] 시험 성적이 낮아지셔서 속상하시겠어요. [SEP] 부모님께 어떻게 얘기드려야할지 모르겠어.,E26,Pro_00197,Pro_00197_00023,Pro_00197,-0.0483102686703205,-0.1561440378427505,-0.2824024558067322,-0.2719978094100952,0.1339539885520935,0.0492829270660877,-0.149740532040596,-0.0333987362682819,0.0264894422143697,0.2627686858177185,0.0274149682372808,-0.1623842865228653,-0.1311481148004531,-0.0424457117915153,-0.07431211322546,-0.0047222217544913,-0.0566958561539649,-0.2543239295482635,-0.2330454736948013,0.0992232412099838,-0.0584383681416511,0.0334257706999778,-0.1115302070975303,-0.1096674427390098,-0.0790111199021339,-0.0460880734026432,-0.357197642326355,0.2188755720853805,-0.2183861583471298,0.2310616374015808,-0.2335891127586364,-0.0659433379769325,-0.210459753870964,-0.0784970745444297,0.0906450599431991,0.3836038708686828,0.044961966574192,0.0604297406971454,-0.1802385300397873,0.0203488189727067,-0.2441729754209518,0.2543967068195343,-0.1380761414766311,-0.0953567624092102,-0.1234222054481506,-0.0524020418524742,0.1117815300822258,-0.0860781893134117,0.0130363637581467,-0.1096731051802635,-0.5416649580001831,0.1750693768262863,0.2286125123500824,-0.337367832660675,-0.122241236269474,-0.0976634323596954,0.1140025630593299,-0.1876673400402069,0.2581718862056732,0.0063847890123724,0.0162027198821306,0.1728985905647277,0.1467781066894531,0.1564878672361374,0.1862975060939788,0.2929380536079407,0.4342992901802063,0.3912828266620636,1
s_000053,남편이 은퇴하게 되었어. 남편이 은퇴하게 되니 그동안 힘들게 회사에 다닌 것에 대해 감사한 마음이 들어. [SEP] 남편의 은퇴로 남편에 대한 감사한 마음이 생기셨군요. 은퇴 후 계획을 세우셨나요? [SEP] 일단 남편을 편안하게 쉬게 하고 싶어. [SEP] 남편을 쉬게 하고 싶으시다는 생각이 드셨군요.,E61,Pro_08752,Pro_08752_00003,Pro_08752,-0.1736832708120346,-0.1321478486061096,-0.2623279988765716,-0.1373838186264038,0.015381496399641,0.1251766234636306,-0.1036135926842689,-0.0940503776073455,0.0123270275071263,0.2315412163734436,0.0152804059907794,-0.2098779082298278,-0.1082482039928436,0.0396546758711338,0.0613137036561965,0.121383711695671,0.0100673539564013,-0.3019371628761291,-0.2333177179098129,-0.0783056914806366,-0.1878238022327423,0.0872267037630081,-0.0720478072762489,-0.1449736803770065,0.0303352661430835,-0.0175389666110277,-0.4227484762668609,0.2457620203495025,-0.179048091173172,0.2582300007343292,-0.183979719877243,-0.143827810883522,-0.2737400531768799,-0.2887903153896332,0.1190547496080398,0.3633913099765777,-9.188055992126463e-05,0.086816020309925,-0.1810102015733719,-0.0435720309615135,-0.204945221543312,0.2114351689815521,-0.2296797633171081,-0.1722423285245895,-0.1082838177680969,-0.1469976007938385,0.2226872891187667,-0.0730367600917816,-0.0494366474449634,-0.1612229943275451,-0.5018447041511536,0.188860073685646,0.0726928487420082,-0.1585036516189575,-0.107710987329483,-0.2089450359344482,-0.0722677558660507,-0.1814858466386795,0.2832562923431396,0.0485619977116584,0.057418867945671,0.004706151317805,0.1638767123222351,0.1701141595840454,0.3341560959815979,0.454727292060852,0.3008274435997009,0.3067624568939209,1
s_000054,검사를 해보니 내 아들이 내 자식이 아니래. [SEP] 아들이 알고 보니 친아들이 아니었군요. 기분은 좀 괜찮으신가요? [SEP] 혼란스러워서 어떻게 와이프와 아들을 대해야 할 지 모르겠어. [SEP] 그러게요. 어떻게 하면 이 상황이 해결될까요? [SEP] 아무래도 변호사하고 얘기를 해서 문제를 해결해야겠어. [SEP] 변호사와 상담해서 문제를 해결하고자 하시는군요.,E34,Pro_03685,Pro_03685_00001,Pro_03685,-0.097950778901577,-0.2822272479534149,-0.2795610129833221,-0.2346387058496475,0.1083247065544128,0.1563278287649154,-0.1864871680736541,-0.0932184606790542,0.0513819046318531,0.2790160179138183,0.0286580510437488,-0.2361021637916565,-0.1160877272486686,-0.0477288998663425,-0.0651068836450576,0.1286937296390533,-0.1059236451983451,-0.3424323499202728,-0.232840210199356,0.0046324101276695,-0.0837895274162292,0.0381078720092773,-0.0558891333639621,-0.2286902219057083,-0.1316922754049301,-0.1244882345199585,-0.4121159613132477,0.2013628780841827,-0.2952010631561279,0.2972882390022278,-0.317146897315979,-0.1165435165166854,-0.2899884581565857,-0.1596180945634842,0.0969349145889282,0.3862168192863464,0.0739948749542236,0.1152832433581352,-0.1704093813896179,-0.0402437634766101,-0.2482959777116775,0.2592518925666809,-0.1871957778930664,-0.1077045425772667,-0.0773838311433792,-0.0774139240384101,0.1528096348047256,-0.1203229427337646,0.0567431040108203,-0.1459244936704635,-0.5676427483558655,0.116070419549942,0.1578642725944519,-0.3331950008869171,-0.1672930270433426,-0.0941351354122161,0.0311883464455604,-0.1871738135814666,0.3348245024681091,0.0634582862257957,-0.0208656638860702,0.1650350689888,0.188926100730896,0.1397776454687118,0.2911161184310913,0.3684518337249756,0.5112279653549194,0.3025834858417511,1
s_000055,나의 노후를 생각하면 불안한 마음을 지울 수가 없어. [SEP] 많이 불편해 보이시는데 어떤 일로 그러시는지요? [SEP] 은퇴하고 나면 어떻게 살아가야 할지 막막하고 불안해서 안달이 나곤 해. [SEP] 그런 이유에서 걱정이 많이 되는군요. 어떤 면에서 그런 걱정이 되나요? [SEP] 미래를 생각하지 않고 수중에 돈이 들어오는 대로 다 써 버리고 절제를 못 하는 성격이라 후회가 돼. [SEP] 저축하지 않고 살아서 후회가 되시는군요.,E16,Pro_08707,Pro_08707_00002,Pro_08707,0.0056347250938415,-0.2692670822143554,-0.2912327349185943,-0.3563959896564483,0.2028435617685318,0.0757966861128807,-0.1854906678199768,-0.0207864455878734,0.0565801486372947,0.2910005152225494,0.0548499524593353,-0.1645606160163879,-0.1184160932898521,-0.1196171194314956,-0.1715247333049774,-0.0003259516961406,-0.1340129524469375,-0.269212007522583,-0.208869069814682,0.1670779734849929,0.0378998070955276,0.0082716392353177,-0.089763231575489,-0.1411800980567932,-0.183972880244255,-0.1207628399133682,-0.3305309414863586,0.189249575138092,-0.29120534658432,0.2351316064596176,-0.3391803801059723,-0.0568998791277408,-0.2093470245599746,0.0478431060910224,0.0658221542835235,0.3841989636421203,0.0759019330143928,0.0986549630761146,-0.155054897069931,0.0254186913371086,-0.2641744613647461,0.2665974497795105,-0.0994793325662612,-0.0613573379814624,-0.0894809290766716,-3.607198596000672e-05,0.0445329807698726,-0.1100964620709419,0.1045854315161705,-0.0931589901447296,-0.5658546090126038,0.1110227108001709,0.2911463975906372,-0.4473459422588348,-0.1254805475473404,0.0217195115983486,0.1791577637195587,-0.1957953870296478,0.2845203876495361,0.0164713989943265,-0.0412973091006279,0.3014371395111084,0.170633316040039,0.1319563686847686,0.1110101193189621,0.2358616888523101,0.5768764019012451,0.3613829910755157,1
s_000056,요즘 일하기가 너무 힘들어. [SEP] 일하기가 힘드시군요. 무슨 일 있으세요? [SEP] 일할 때 다른 사람보다 실수가 적다는 이유로 많은 일을 나에게만 주잖아. 다른 사람들은 쉬엄쉬엄하는데. [SEP] 다른 동료보다 일을 많이 줘서 힘드시겠어요.,E28,Pro_07399,Pro_07399_00011,Pro_07399,-0.0428274795413017,-0.1549250781536102,-0.2903212606906891,-0.3009127378463745,0.1487003713846206,0.0437344126403331,-0.1482029855251312,-0.022284435108304,0.0269867107272148,0.2754599750041961,0.0421881452202796,-0.1525081247091293,-0.1360798776149749,-0.0454097352921962,-0.0820787623524665,-0.0204812716692686,-0.0584043189883232,-0.2543330192565918,-0.2355318367481231,0.1179229617118835,-0.0471970587968826,0.0356706492602825,-0.1170705407857894,-0.0927245393395423,-0.0741693377494812,-0.0362755879759788,-0.3620763421058655,0.233343631029129,-0.217003509402275,0.2249530851840973,-0.2417818009853363,-0.0698987320065498,-0.2087212949991226,-0.0594361573457717,0.0925083458423614,0.397383451461792,0.0344516262412071,0.058949064463377,-0.1875370293855667,0.0269678607583045,-0.2629599869251251,0.258394181728363,-0.1382114440202713,-0.1064164489507675,-0.1280587464570999,-0.0494920425117015,0.1078249514102935,-0.0850564613938331,0.0165831819176673,-0.1097816973924636,-0.5581107139587402,0.1843518316745758,0.253790944814682,-0.3555194735527038,-0.1115562915802002,-0.0905332416296005,0.1340034902095794,-0.1996989101171493,0.2585105299949646,-0.0025747846812009,0.0175456013530492,0.1933731585741043,0.1513567566871643,0.1664658784866333,0.1656637191772461,0.3022500872611999,0.4500125646591186,0.4147227108478546,1
s_000057,아직까지 인수인계를 받지 못했어. 언제 업무를 하라는 건지 화가 나네. [SEP] 인수인계가 이뤄지지 않아 화가 나시는군요. [SEP] 인수인계도 제대로 안 해주고 이것 때문에 야근을 하게 되면 어떡해? [SEP] 이 상황에서 벗어나기 위해 무언가 하실 수 있는 일이 있을까요? [SEP] 최대한 오늘 내로 일처리하고 퇴근해야지. [SEP] 부하 직원이 업무를 알아서 진행하도록 잘 대화가 되었으면 좋겠네요.,E12,Pro_07383,Pro_07383_00011,Pro_07383,0.3225006461143493,-0.3310649991035461,-0.7233210802078247,0.1089723259210586,0.7819733023643494,0.4263679683208465,-0.4795069396495819,0.100386694073677,0.3466754257678985,0.7412805557250977,0.3521896004676819,0.0947324559092521,0.6838335990905762,-0.7632843255996704,0.5894306898117065,-0.3509314954280853,-0.6591972708702087,0.3208025097846985,0.0800217688083648,-0.3186239004135132,0.0786506533622741,-0.0648039802908897,-0.1064167395234108,-0.810990571975708,-0.1197888106107711,-0.5677988529205322,-0.2684147357940674,0.2335206717252731,-0.8755682110786438,0.0841181874275207,-0.5384715795516968,0.4783604145050049,-0.6793756484985352,0.4796184003353119,0.0756592825055122,0.6071739196777344,0.5285298824310303,0.2810986042022705,0.3035763800144195,-0.2786096632480621,-0.2191729992628097,-0.3216535747051239,-0.4942808747291565,-0.2030529081821441,0.098865233361721,0.1886056810617447,0.3311754763126373,-0.5432586669921875,0.4379783570766449,-0.8358468413352966,-0.3847064077854156,0.42106893658638,0.7527043223381042,-0.3355947136878967,-0.3599430024623871,0.3777180910110473,0.3996126353740692,-0.3382849097251892,0.3802709579467773,-0.6289120316505432,-0.3109757900238037,0.0073887770995497,-0.0778632014989852,-0.4675750732421875,0.1406312584877014,0.1964596211910247,0.6284973621368408,0.3645721971988678,1
s_000058,오늘은 날씨가 흐려서 우울해! [SEP] 어젠 정말 화창했는데 오늘은 좀 흐리네요! 기분이 울적해지셨나 봐요. [SEP] 게다가 오는 길에 사고가 나서 늦었어! [SEP] 사고로 인해 길이 막혀서 답답하셨겠어요.,E35,Pro_08606,Pro_08606_00040,Pro_08606,-0.0556703805923461,-0.272020936012268,-0.2758166491985321,-0.2613495886325836,0.136031687259674,0.1216918975114822,-0.1838763952255249,-0.0692726969718933,0.0520690232515335,0.2690934836864471,0.0254491288214921,-0.2101016044616699,-0.1108148172497749,-0.0775658339262008,-0.1053713262081146,0.0820973888039588,-0.1136351898312568,-0.3045863509178161,-0.2173914313316345,0.0621919706463813,-0.0391734912991523,0.0230027046054601,-0.0667252093553543,-0.1998698860406875,-0.156850516796112,-0.1294357627630233,-0.3668228089809418,0.1808238923549652,-0.2902581393718719,0.2710988819599151,-0.3152835369110107,-0.0840983167290687,-0.251298189163208,-0.0824419558048248,0.0799668729305267,0.3683933913707733,0.0830476656556129,0.1082800552248954,-0.1544220447540283,-0.0150775099173188,-0.2333542257547378,0.2559895515441894,-0.1452008932828903,-0.0753475502133369,-0.0788981094956398,-0.0448527187108993,0.1058968156576156,-0.1143218427896499,0.0733134299516677,-0.1201200187206268,-0.5456610918045044,0.1053351759910583,0.1938403397798538,-0.3657882511615753,-0.1547950357198715,-0.0478112734854221,0.0787857770919799,-0.1780300885438919,0.3074850142002105,0.0495348498225212,-0.0296824499964714,0.2065603137016296,0.1741596013307571,0.1257761567831039,0.2246992588043213,0.2957742512226105,0.5184316635131836,0.3049640655517578,1
s_000059,딸아이가 자존감이 낮은 게 내가 그렇게 만든 것 같아서 속상해. [SEP] 자녀분의 자존감이 낮은 것이 사용자님 때문인 것 같아서 속상하시군요. [SEP] 딸이 자신의 가치를 인정하지 못하는 게 내 강압적인 양육방식 탓인 거 같아. [SEP] 이 문제를 해결하기 위해 무엇을 할 수 있을까요? [SEP] 지금부터라도 딸을 인정해주고 칭찬해주는 노력을 해야겠어. [SEP] 사용자님의 노력으로 자녀분의 자존감이 높아지길 바라요.,E19,Pro_05110,Pro_05110_00017,Pro_05110,-0.0339049249887466,-0.263292908668518,-0.2846441566944122,-0.2795491814613342,0.156018778681755,0.1011456623673439,-0.2025772929191589,-0.0614929161965847,0.0511212013661861,0.2817915678024292,0.0215648505836725,-0.2072168439626693,-0.1296525448560714,-0.0781245306134224,-0.1202900782227516,0.0522536970674991,-0.1233044043183326,-0.3043074309825897,-0.2351695001125335,0.0914765894412994,-0.0305757820606231,0.0102068735286593,-0.084590308368206,-0.2012088298797607,-0.1710847169160843,-0.1249782741069793,-0.3705959916114807,0.1839474290609359,-0.2964811623096466,0.278006762266159,-0.3118186593055725,-0.066162534058094,-0.2473462671041488,-0.0622844658792018,0.083262100815773,0.38841313123703,0.097035177052021,0.0889292508363723,-0.1707459688186645,-0.0025450161192566,-0.2544641196727752,0.277774304151535,-0.13621586561203,-0.0616225600242614,-0.09395182877779,-0.0317874625325202,0.0988335087895393,-0.1202975064516067,0.069117933511734,-0.1155975684523582,-0.571612536907196,0.1198879405856132,0.2252907902002334,-0.3963970243930816,-0.1761503219604492,-0.0553946308791637,0.1208896711468696,-0.1818459928035736,0.3081908822059631,0.0372713804244995,-0.0309398435056209,0.222806304693222,0.1678909361362457,0.1318801343441009,0.2218219488859176,0.2731414437294006,0.5435389876365662,0.3504101932048797,1
s_000060,코로나때문에 가게 문을 닫아서 집에만 있는데 아무것도 하지를 않네. [SEP] 집에서 할 수 있는 다른 일은 없을까요? [SEP] 내 능력으로 무슨 다른 일. 나이도 있고 쉽지가 않아. [SEP] 앞으로 어떻게 해야할지 가족들과 상의해보셨나요? [SEP] 가족의 반대를 무릅쓰고 개업을 했는데 이렇게 실패해버리니 내 자신이 한심스럽기 그지없어. [SEP] 개업 한 지 얼마 되지 않아 코로나로 가게 문도 닫게되고 가족의 환영을 받으며 개업한게 아니라 더 눈치보이고 속상하시군요.,E11,Pro_10862,Pro_10862_00033,Pro_10862,-0.0228736586868762,-0.2346516400575637,-0.2846936881542206,-0.3078296184539795,0.1670075207948684,0.0761951655149459,-0.1759122312068939,-0.0359384007751941,0.0461137816309928,0.2766273915767669,0.0373781435191631,-0.1747364401817321,-0.1215622872114181,-0.0865745097398758,-0.1278277039527893,0.0154310390353202,-0.1063662022352218,-0.2718780934810638,-0.2192455530166626,0.1238758414983749,-0.0091755324974656,0.0176615864038467,-0.0923905149102211,-0.1465624272823333,-0.1480209678411483,-0.1006878092885017,-0.3458321392536163,0.1945132464170456,-0.2693822681903839,0.2429370582103729,-0.300369918346405,-0.0630867332220077,-0.2183098047971725,-0.0199237801134586,0.0764191001653671,0.3800523579120636,0.0707445666193962,0.0873575508594513,-0.1628947854042053,0.015452935360372,-0.2501600384712219,0.2617779374122619,-0.1201399639248848,-0.0717420205473899,-0.098384216427803,-0.0249601677060127,0.0782418251037597,-0.1041681468486785,0.0687638893723487,-0.1034372597932815,-0.553632915019989,0.1295389086008072,0.2503816485404968,-0.3970592319965362,-0.1341692507266998,-0.0317306369543075,0.1385736614465713,-0.1878489404916763,0.2810998857021332,0.0206266790628433,-0.0213385503739118,0.2406904101371765,0.1626110970973968,0.1371221244335174,0.1611159741878509,0.2623859643936157,0.5198241472244263,0.3589003980159759,1
s_000061,선생님은 내가 용기를 내서 얘기를 해도 무시를 하셔. 너무 화가 나. [SEP] 선생님들이 사용자님의 얘기를 들어주시지 않아서 화가 많이 나셨군요. [SEP] 이게 한 두 번이 아니야. 나 말고도 다른 친구한테도 그랬다고. [SEP] 그 전에는 어떻게 해결이 되었나요? [SEP] 그 친구는 괴로워서 전학 갔어. 나도 그래야 하나 봐. [SEP] 좋은 해결 방법으로 지금의 상황이 잘 해결이 되었으면 좋겠어요.,E42,Pro_01893,Pro_01893_00019,Pro_01893,0.498363047838211,0.9829334020614624,0.9846521019935608,0.9999154806137084,0.9966517090797424,0.9934210181236268,-0.8306363821029663,-0.7826699018478394,-0.0817499905824661,0.012721667997539,0.9816486835479736,-0.6327589154243469,0.9999918937683104,-0.9294922351837158,0.9921136498451232,0.9845328330993652,-0.9998446702957152,0.5874909162521362,0.9999356865882874,-0.1135900169610977,0.789696216583252,-0.469370037317276,-0.8668579459190369,-0.999911367893219,0.823100209236145,-0.9956561326980592,0.1902808398008346,0.9854279160499572,-0.7463882565498352,-0.999910533428192,-0.9961543679237366,0.9999558329582214,-0.9941571950912476,0.5669885277748108,-0.975033402442932,0.999939262866974,0.9999682903289796,0.998226761817932,0.7320048213005066,0.4277633726596832,-0.3141756057739258,-0.5756835341453552,-0.8040930032730103,0.7053433060646057,0.95939302444458,-0.9302877187728882,0.794636607170105,-0.6754613518714905,0.9954816102981568,-0.7759588360786438,0.0034097933676093,0.8945663571357727,0.8721684813499451,0.8508958220481873,-0.9833104014396667,-0.8476616740226746,0.5114864706993103,0.9978089928627014,-0.8663609623908997,-0.9926490187644958,-0.98666250705719,-0.9995806217193604,-0.4001560807228088,0.966171145439148,0.2518508434295654,0.2212753146886825,0.6084364056587219,0.3571878671646118,3
s_000062,오랜만에 아내 손을 잡았는데 그간 고생했는지 손이 거칠어서 놀라고 슬펐어. [SEP] 아내분이 고생한 것 같아 놀라고 슬펐겠어요. [SEP] 아내가 그동안 가정에 신경 쓰느라 본인을 돌보지 못한 것 같아. [SEP] 아내분이 본인을 돌보지 못했다고 생각하시는군요. 놀란 마음을 어떻게 조금이나마 진정시켜야 좋을까요? [SEP] 아내를 위해서 좋은 피부제품을 선물하고 집안일도 도와줄 거야. [SEP] 아내분께 선물도 주고 집안일도 도와주려고 하시는군요.,E50,Pro_07061,Pro_07061_00015,Pro_07061,-0.1534628272056579,-0.1925223022699356,-0.269617885351181,-0.2142039090394973,0.0576394237577915,0.1428938806056976,-0.0995676293969154,-0.074330024421215,0.0285644419491291,0.2507719993591308,0.0542790368199348,-0.1941036134958267,-0.0904740542173385,-0.0069198845885694,0.0094607444480061,0.1199211776256561,-0.021849000826478,-0.3023050725460052,-0.2055341154336929,-0.0345285162329673,-0.1262454688549041,0.0883032381534576,-0.05474853515625,-0.1276118755340576,-0.0038192942738533,-0.0437471605837345,-0.4064613878726959,0.2473131120204925,-0.2055599689483642,0.2393199056386947,-0.2523680031299591,-0.1568786650896072,-0.2674961388111114,-0.2096956074237823,0.1038957089185714,0.3624738156795501,-0.0133977951481938,0.1202489286661148,-0.1616065800189972,-0.0386177785694599,-0.2206819653511047,0.201380580663681,-0.2131410092115402,-0.1802616119384765,-0.084878072142601,-0.1246605888009071,0.184167206287384,-0.0761002004146575,0.0070564881898462,-0.1533412188291549,-0.5097767114639282,0.1570225208997726,0.1201877892017364,-0.2220940738916397,-0.0694132894277572,-0.1273130774497985,-0.0419345051050186,-0.1985607296228408,0.2905715405941009,0.0490405783057212,0.0316228345036506,0.0934982597827911,0.1856191456317901,0.1654142439365387,0.2573378980159759,0.4505959153175354,0.3702047169208526,0.2848362326622009,1
s_000063,오늘 운동 가면서 마스크를 모르고 안 가져가서 죄책감이 들더군. [SEP] 마스크를 깜빡하셨군요. [SEP] 그래서 편의점에서 사입해 쓰고 다녔네. [SEP] 마스크는 잘 맞으시던가요? [SEP] 응 잘 맞더군. 이제 잊어버리지 말아야하는데. [SEP] 다음에는 잊지 않으시길 응원할게요.,E51,Pro_11382,Pro_11382_00032,Pro_11382,-0.1685620844364166,-0.1751078516244888,-0.2597961127758026,-0.1796090602874755,0.0331538207828998,0.144669309258461,-0.0850377008318901,-0.0816867277026176,0.0234856531023979,0.2324398756027221,0.0436360426247119,-0.1957610249519348,-0.0813575536012649,0.0041853985749185,0.0313887298107147,0.1325885504484176,-0.0040228446014225,-0.294216901063919,-0.1985689252614975,-0.0601524300873279,-0.1455867737531662,0.0950286909937858,-0.0497723147273063,-0.1250543594360351,0.015512453392148,-0.0377400070428848,-0.4006302654743194,0.2414457648992538,-0.189295157790184,0.2344845980405807,-0.2304979413747787,-0.1596192121505737,-0.2645368874073028,-0.2372229397296905,0.1035129055380821,0.3440645635128021,-0.0187486540526151,0.1215700209140777,-0.1531528085470199,-0.0444342494010925,-0.1963835656642913,0.1868666112422943,-0.2175208181142807,-0.1822358220815658,-0.0823848396539688,-0.1361000537872314,0.1938926875591278,-0.0687863230705261,-0.0067093279212713,-0.1543982475996017,-0.4807600677013397,0.1561278998851776,0.0870375260710716,-0.1807270348072052,-0.0625526905059814,-0.1416409760713577,-0.0748538970947265,-0.1884358376264572,0.2813750505447387,0.0547905415296554,0.0404671877622604,0.05825861915946,0.1798353344202041,0.1603723913431167,0.2720690667629242,0.4555982947349548,0.3275187015533447,0.259600281715393,1
s_000064,매일 밥 먹고 잠자고 하는 일들이 너무 지겹고 귀찮게 느껴져. [SEP] 매일 반복되는 같은 일상에 지치셨나 보군요. [SEP] 몸도 예전 같지 않아서 그런지 더 지치고 짜증이 나는 것 같아. [SEP] 건강하고 젊을 때에는 짜증과 스트레스를 어떻게 푸셨나요? [SEP] 그때는 운동을 정말 많이 했지. 운동을 하면 심신이 안정되거든! [SEP] 운동을 하고 나면 개운하고 정신이 맑아지는 느낌이 들 것 같아요!,E19,Pro_10810,Pro_10810_00003,Pro_10810,-0.0076938727870583,-0.2301843762397766,-0.3049032390117645,-0.3686124980449676,0.2015844136476516,0.0607372596859931,-0.1815125048160553,-0.0132479323074221,0.0467223823070526,0.3087126612663269,0.0659510418772697,-0.1571115404367447,-0.1403402090072631,-0.0891338586807251,-0.1448722928762436,-0.0231883488595485,-0.1132720038294792,-0.2769686579704284,-0.2339626550674438,0.1666083931922912,0.0117659987881779,0.0185117907822132,-0.1098441034555435,-0.1172700822353363,-0.1417252719402313,-0.0786929801106453,-0.363414466381073,0.2277946174144745,-0.2703457176685333,0.2373088300228119,-0.3153326511383056,-0.0674979910254478,-0.218296080827713,0.0176742672920227,0.0837622731924057,0.4184548258781433,0.054645586758852,0.0769933089613914,-0.1867403835058212,0.0309630818665027,-0.2986242175102234,0.2797123193740845,-0.1219342201948165,-0.0922866761684417,-0.1139847114682197,-0.0174861792474985,0.0731136351823806,-0.1056066453456878,0.0722125619649887,-0.1050367355346679,-0.5991975665092468,0.155936911702156,0.3089814484119415,-0.4405735433101654,-0.1237707659602165,-0.0262269061058759,0.1905643939971923,-0.2148994356393814,0.2858690619468689,-0.0009125207434408,-0.0182320121675729,0.2825819551944732,0.1710942536592483,0.1617011129856109,0.1267200857400894,0.2806471586227417,0.5620211362838745,0.4255335032939911,1
s_000065,건강이 나빠서 자꾸 회사에 병가를 내게 돼. [SEP] 어쩔 수 없는 상황이군요. [SEP] 그런데 직장 동료들이 눈치를 주는 것 같아서 고립된 기분이야. [SEP] 직장 동료들이 눈치를 주는 것 같아서 고립된 기분을 느끼시는군요. [SEP] 계속 진심으로 다가간다면 가능할 것 같아. [SEP] 진심이 꼭 통하길 바라요.,E14,Pro_00305,Pro_00305_00003,Pro_00305,-0.0716487988829612,-0.1807998120784759,-0.2665372192859649,-0.2512575685977936,0.1106450110673904,0.0802870988845825,-0.1208976432681083,-0.0418701097369194,0.0311188008636236,0.2401545792818069,0.0339809879660606,-0.1634342223405838,-0.0964297130703926,-0.0548210069537162,-0.0658770129084587,0.0386123359203338,-0.0492622405290603,-0.2481932789087295,-0.1971146315336227,0.0659164488315582,-0.0558293350040912,0.0490526333451271,-0.0809085369110107,-0.1066602692008018,-0.0708777606487274,-0.0634059309959411,-0.3378767967224121,0.204653263092041,-0.2139091938734054,0.214831992983818,-0.2488262057304382,-0.0880139023065567,-0.2092104405164718,-0.0866756737232208,0.0789525285363197,0.3439935147762298,0.0276168342679739,0.095597855746746,-0.1460646092891693,0.0040216380730271,-0.2046780288219452,0.217152863740921,-0.1407500356435775,-0.1068813651800155,-0.0945702940225601,-0.062937319278717,0.1079790070652961,-0.0772322341799736,0.0320651829242706,-0.1103576123714447,-0.4905629456043243,0.1412133425474167,0.1857793480157852,-0.299062967300415,-0.0849104523658752,-0.0648094564676284,0.0564698688685894,-0.1785561144351959,0.2536976039409637,0.0263905227184295,0.0106835030019283,0.1638454496860504,0.1560689210891723,0.1396688967943191,0.1729782819747924,0.3092799782752991,0.4054394662380218,0.3092478215694427,1
s_000066,친구들과 한강에 가서 치킨과 맥주를 마셔서 느긋하고 좋았어. [SEP] 친구들과 함께 여유로운 하루를 즐기셔서 행복하셨겠어요. [SEP] 너무 즐거웠고 친구들과 오랜만에 만나서 대화도 많이 했어. [SEP] 좋은 시간 보내셔서 다행이에요. [SEP] 날씨도 한강 가기에 딱 좋았고 모든 게 완벽한 하루였다. 다음에 또 가고 싶어. [SEP] 다음에도 친구들과 시간 맞춰서 꼭 다시 가셨으면 좋겠어요.,E66,Pro_05157,Pro_05157_00038,Pro_05157,-0.2379398494958877,-0.1409575641155243,-0.2373543083667755,-0.0032154531218111,-0.0681365504860878,0.1786448508501052,-0.1010934859514236,-0.152471661567688,0.0084317522123456,0.1944222450256347,-0.027053078636527,-0.2631741762161255,-0.0919110849499702,0.0813621282577514,0.1336112171411514,0.2196462750434875,0.0314395762979984,-0.3355109691619873,-0.2349061071872711,-0.2010713368654251,-0.268125981092453,0.1005399748682975,-0.0401788689196109,-0.2188990414142608,0.0518112368881702,-0.0390976034104824,-0.4487307071685791,0.2213660925626754,-0.1803263872861862,0.2972837090492248,-0.1538080722093582,-0.1682755053043365,-0.314907044172287,-0.4159481823444366,0.1292724460363388,0.3290599584579468,0.0160997714847326,0.1021429821848869,-0.1690645515918731,-0.0912626236677169,-0.1505795270204544,0.1928626298904419,-0.2718083262443542,-0.1754717230796814,-0.0896282568573951,-0.1926740407943725,0.2815349400043487,-0.0777125284075737,-0.0800531432032585,-0.186824232339859,-0.4565632045269012,0.1694865673780441,-0.058631844818592,-0.0412772744894027,-0.1432363986968994,-0.2745126485824585,-0.1951236128807068,-0.1510637700557708,0.3054652214050293,0.0919821187853813,0.0658381655812263,-0.1138720959424972,0.1642381101846695,0.1520021855831146,0.4632965624332428,0.5049475431442261,0.2274407148361206,0.218954861164093,1
s_000067,딸에게 심한 말을 했어. 잘 되길 바라는 마음에 자꾸 잔소리를 해. [SEP] 따님이 잘되길 바라는 마음에 잔소리를 심하게 하시는 군요. [SEP] 어떨 때에는 이렇게까지 예민하게 구는 내가 미워. [SEP] 이 상황을 더 나아지게 하도록 할 수 있는 일이 있을까요? [SEP] 내가 마음을 비우는 연습을 해야 할 것 같아. 딸이 잘못되기 전에. [SEP] 따님을 위한 마음으로 지금의 결심대로 잘 해나가셨으면 해요.,E15,Pro_07026,Pro_07026_00014,Pro_07026,-0.0246880389750003,-0.2497818171977996,-0.2859635651111603,-0.3103848695755005,0.1689349710941314,0.0861303955316543,-0.1815353333950042,-0.0401289016008377,0.0494610629975795,0.2810645699501037,0.0395407639443874,-0.1812078952789306,-0.1212716549634933,-0.0895296260714531,-0.1311687380075454,0.0258873924612998,-0.1141771301627159,-0.2813835144042969,-0.2198533713817596,0.1197595298290252,-0.0075162518769502,0.0169547852128744,-0.0877257362008094,-0.1579963415861129,-0.1564871519804,-0.1094153821468353,-0.351619690656662,0.1935964226722717,-0.2793182134628296,0.2496547847986221,-0.3121654987335205,-0.0674010515213012,-0.2261065393686294,-0.0217706132680177,0.0767731592059135,0.38291135430336,0.0742676928639411,0.0927188247442245,-0.16289983689785,0.0108072906732559,-0.2542607486248016,0.2642655968666076,-0.1236645281314849,-0.0724415332078933,-0.0941064953804016,-0.0250541809946298,0.0798416584730148,-0.1085481271147728,0.0757990628480911,-0.1064606755971908,-0.5600930452346802,0.1235497370362281,0.2493969649076461,-0.4031232297420501,-0.1390116512775421,-0.0278337746858596,0.1364487111568451,-0.1894758194684982,0.2897631824016571,0.0251018330454826,-0.026607159525156,0.2463514059782028,0.1676662564277649,0.1361301094293594,0.1674903482198715,0.2682030200958252,0.534584641456604,0.3540638387203216,1
s_000068,노후 준비를 위해선 재테크가 필수인 것 같은데 너무 어렵네. 나도 시작해야 하는데 너무 불안해. [SEP] 노후 준비로 재테크를 하려 하시는데 걱정이 되시는 군요. [SEP] 친구들은 잘만 하던데 말이야. 나는 왜 이리 어려운지 모르겠어. [SEP] 이 상황에서 벗어나기 위해 무엇을 할 수 있을까요? [SEP] 나도 재테크 공부를 해야겠어. 친구들한테도 좀 물어봐서 배워야지. [SEP] 친구들에게 물어 보며 재테크 공부를 시작해 보려 하시는군요.,E39,Pro_07170,Pro_07170_00005,Pro_07170,-0.0622373484075069,-0.2280647754669189,-0.2696950137615204,-0.2365320175886154,0.1180183142423629,0.1013455763459205,-0.166723221540451,-0.0656379908323288,0.0413361117243766,0.2526573836803436,0.0146419517695903,-0.199391707777977,-0.1105819121003151,-0.0605611056089401,-0.0826347097754478,0.0665481016039848,-0.0865413546562194,-0.2840012907981872,-0.2175207883119583,0.054834384471178,-0.058513194322586,0.0283472873270511,-0.0763667076826095,-0.1766820847988128,-0.1257104128599167,-0.1045398041605949,-0.357710987329483,0.1833472996950149,-0.2606239020824432,0.2580865323543548,-0.2761420905590057,-0.0773788169026374,-0.2368350625038147,-0.1013716459274292,0.0819695144891738,0.3579812943935394,0.0729839354753494,0.0943688005208969,-0.1549874693155288,-0.008942361921072,-0.2166733592748642,0.2467851191759109,-0.1441290825605392,-0.0773159340023994,-0.0898292809724807,-0.0533877424895763,0.1131840348243713,-0.1021420136094093,0.0465464107692241,-0.1167083978652954,-0.523361325263977,0.1228315904736518,0.1791464686393737,-0.3314410150051117,-0.1453264653682708,-0.0725545808672905,0.0664897114038467,-0.1708313226699829,0.2868107855319977,0.0421695113182067,-0.0116431629285216,0.1716686338186264,0.1604716777801513,0.1284795850515365,0.2268191426992416,0.2918057143688202,0.4645971357822418,0.3100656569004059,1
s_000069,금일 내 친구가 다른 반 친구에게 욕을 퍼붓고 폭행을 했다면서 내게 와서 말을 하더라. 자랑처럼 이야기 하는데 너무 한심했어. [SEP] 다른 벗들을 괴롭힌걸 와서 이야기하는 친구를 보고 한심하다고 생각하셨군요. [SEP] 응 내일은 내가 그 친구한테 그러지말라고 말하려고. [SEP] 정말 용감한 행동이네요. 그 친구가 이야기를 잘들어줬으면 좋겠어요.,E58,Pro_01909,Pro_01909_00003,Pro_01909,-0.1276741027832031,-0.169166624546051,-0.2536798119544983,-0.1505346745252609,0.0446698106825351,0.1146749183535575,-0.1235914230346679,-0.0876893997192382,0.0234553460031747,0.2201315611600875,0.0004847123927902,-0.2070239335298538,-0.0975739508867263,-0.0061026876792311,0.0036032975185662,0.1072087585926055,-0.0255479421466588,-0.2817504703998565,-0.2148703932762146,-0.0334907509386539,-0.1365454345941543,0.0606006197631359,-0.0673653483390808,-0.1629396826028823,-0.0395947024226188,-0.0634778439998626,-0.3769733905792236,0.1999671012163162,-0.2085780650377273,0.2530469000339508,-0.2119867503643036,-0.1080537810921669,-0.2488568127155304,-0.2156814932823181,0.0963484495878219,0.3357501029968261,0.0377486869692802,0.0937340185046196,-0.154127836227417,-0.031302984803915,-0.179723635315895,0.2141623944044113,-0.1849816441535949,-0.1177899837493896,-0.0932924896478653,-0.1063111424446106,0.1707914322614669,-0.0815698951482772,-0.0092604625970125,-0.1363746523857116,-0.4770562350749969,0.1471765339374542,0.0922949910163879,-0.210857942700386,-0.1226399093866348,-0.146514892578125,-0.0334182828664779,-0.1613792777061462,0.2743940055370331,0.0531944297254085,0.026929210871458,0.0590979643166065,0.1545956432819366,0.1380251199007034,0.2909333109855652,0.3638836443424225,0.3442837297916412,0.2742037773132324,1
s_000070,하반신 마비로 인해 취업할 수 있는 길이 좁아. 빨리 취직을 해야 부모님께 효도할 텐데. [SEP] 취직이 잘 안 되어 힘드시군요. [SEP] 내 장애로 인해 부모님이 희생을 많이 하셨어. 난 왜 이렇게 태어났을까 죄스러워. [SEP] 부모님께 죄송한 마음을 덜기 위한 방법이 무엇일까요? [SEP] 어디든 나를 고용해주는 곳으로 가서 일을 할 거야. 이런 나를 채용하는 것만으로도 감사해야지. [SEP] 하루빨리 좋은 직장에 들어가길 바랄게요.,E54,Pro_03825,Pro_03825_00045,Pro_03825,-0.1169913187623024,-0.2295363098382949,-0.2605780959129333,-0.1513218134641647,0.0603606663644313,0.1414487212896347,-0.1717540621757507,-0.1092723160982132,0.0369244255125522,0.2407548874616623,-0.0101953269913792,-0.242275595664978,-0.1117191016674041,-0.0174333974719047,-0.0206705518066883,0.1367238461971283,-0.0700840055942535,-0.3226910531520843,-0.234301209449768,-0.0390510410070419,-0.1310474127531051,0.040582425892353,-0.060300063341856,-0.2321820259094238,-0.1001495867967605,-0.1084853336215019,-0.4001828730106354,0.1829834133386612,-0.2626319825649261,0.2963365614414215,-0.2542715668678283,-0.1026640459895134,-0.2798652350902557,-0.2205876260995865,0.0992361903190612,0.355894386768341,0.0806942656636238,0.0977956056594848,-0.163968950510025,-0.0449693873524665,-0.2013594210147857,0.2456727772951126,-0.1897583901882171,-0.0932249948382377,-0.0856902077794075,-0.0949098765850067,0.1734799891710281,-0.1089181527495384,0.0142803872004151,-0.1442500054836273,-0.5203611850738525,0.1259777545928955,0.0956924930214881,-0.258475512266159,-0.1792792677879333,-0.1444022357463836,-0.0171754602342844,-0.1596343219280243,0.3129841387271881,0.0690797194838523,0.0002550333738327,0.0826889127492904,0.1651332676410675,0.1291474401950836,0.337492823600769,0.3534728288650512,0.4214507341384887,0.27745521068573,1
s_000071,속도위반으로 결혼식을 앞당기게 됐어. 다들 눈치 챘을 텐데 어떻게 생각할지 신경 쓰여. [SEP] 속도위반에 대해 초청객 분들이 어떻게 생각할까 신경 쓰이는군요. [SEP] 혹여나 우리들의 부모님과 태어날 아기에게까지 손가락질을 하는 건 아닐지 걱정이 돼. [SEP] 이 상황을 이겨낼 방법이 있을까요? [SEP] 손가락질 받는다면 그만큼 더욱 행복하게 살기 위해 노력할 거야. [SEP] 지금보다 더 좋은 사람을 만나시길 바라요.,E52,Pro_05263,Pro_05263_00028,Pro_05263,-0.1338244527578354,-0.1999271661043167,-0.2561742067337036,-0.1472037881612777,0.0446963347494602,0.1361700743436813,-0.1396659165620803,-0.1007400900125503,0.0296938251703977,0.2293381541967392,2.995133399963379e-06,-0.2253469824790954,-0.1000752374529838,-0.007397792302072,0.0012993470299988,0.1322759985923767,-0.041755836457014,-0.3053815364837646,-0.2209924906492233,-0.0488015636801719,-0.1405318230390548,0.0578570738434791,-0.0586544089019298,-0.1944656819105148,-0.0579345971345901,-0.0822862982749939,-0.3933397829532623,0.1970576047897339,-0.2313236892223358,0.2729221880435943,-0.2336431741714477,-0.1159144416451454,-0.2688003480434418,-0.2302448004484176,0.099352553486824,0.343961089849472,0.0496277511119842,0.1017588749527931,-0.1573623418807983,-0.0431792177259922,-0.1887833774089813,0.2230216115713119,-0.1953556984663009,-0.1172442361712455,-0.0862700790166854,-0.108866199851036,0.1795946359634399,-0.092632845044136,0.0007432511774823,-0.1447012722492218,-0.4949659407138824,0.1368452459573745,0.0842651799321174,-0.2211329340934753,-0.1415071189403534,-0.1484169512987136,-0.041199006140232,-0.1629948765039444,0.2952933311462402,0.0640149191021919,0.0169243887066841,0.0626943334937095,0.1639399826526641,0.136107712984085,0.3177329301834106,0.3774061203002929,0.3731901347637176,0.2666114866733551,1
s_000072,새벽에 일찍 빌딩 청소를 하는데 남이 잘 때 일하니 모두와 단절되는 것 같아 외로워. [SEP] 새벽에 일을 하여 모두와 단절되는 기분으로 외로우시군요. [SEP] 얘기 나눌 사람도 없으니 너무 인생이 허탈해. 내 인생이 실패한 것만 같네. [SEP] 허탈한 감정을 해소하려면 어떻게 해야 할까요? [SEP] 함께 일하는 동료들과 더 돈독하게 지내야지. 내가 유일하게 소통할 수 있는 사람들이야. [SEP] 동료들과 돈독하게 지내 허탈한 감정이 사라지길 바랄게요.,E44,Pro_11375,Pro_11375_00013,Pro_11375,-0.1306617707014084,-0.1619879603385925,-0.2712062299251556,-0.1981153637170791,0.0634550154209137,0.1106314063072204,-0.1220947280526161,-0.0736004337668418,0.0222475733608007,0.2485754340887069,0.0278984904289245,-0.1960918754339218,-0.1124299019575119,0.0023426667321473,0.0051982197910547,0.0873366966843605,-0.023120691999793,-0.2932828366756439,-0.2287489771842956,-0.0151845980435609,-0.1336760073900222,0.0693839266896247,-0.0786461308598518,-0.1383662521839141,-0.0176888462156057,-0.0377324484288692,-0.402773380279541,0.236784741282463,-0.2040312439203262,0.2507196068763733,-0.2214972376823425,-0.1239214465022087,-0.2575804591178894,-0.2087002992630005,0.107341393828392,0.3720644414424896,0.0146939866244792,0.0879902020096778,-0.1773772835731506,-0.0250297840684652,-0.2237992882728576,0.225648894906044,-0.1995409429073333,-0.1493162810802459,-0.1060867086052894,-0.1122946515679359,0.1810320168733596,-0.0809711217880249,-0.0138751771301031,-0.1451600492000579,-0.521544337272644,0.174588918685913,0.1324123740196228,-0.2350481003522873,-0.1090228706598281,-0.1556267738342285,-0.0071741007268428,-0.1878366321325302,0.2825904786586761,0.0379558727145195,0.035616960376501,0.08050037920475,0.1658337712287902,0.1642211228609085,0.2764119803905487,0.4052949845790863,0.3675122261047363,0.3272812664508819,1
s_000073,나 승진에서 떨어졌어. [SEP] 저런. 기분이 안 좋으시겠어요. [SEP] 내가 더 잘하는데 다른 사람이 승진했어. 그 사람은 배경이 좋아서 내가 밀려서 내가 사회 구조의 희생양처럼 느껴져. [SEP] 아주 속상하시겠어요. 어떻게 하면 기분이 나질까요?,E46,Pro_05377,Pro_05377_00004,Pro_05377,-0.0710216909646987,-0.2028732150793075,-0.2673194110393524,-0.2355446815490722,0.1092228218913078,0.0928593724966049,-0.1450259685516357,-0.057591512799263,0.0354374311864376,0.2451007813215255,0.0209283214062452,-0.1853050738573074,-0.1045289635658264,-0.0532214939594268,-0.0685942322015762,0.0573649331927299,-0.0661473497748375,-0.2691203653812408,-0.2098312228918075,0.0527006424963474,-0.064260758459568,0.0391136966645717,-0.0783112645149231,-0.1470267474651336,-0.0961854234337806,-0.0837545916438102,-0.3515137732028961,0.1936550140380859,-0.2371318638324737,0.2403741925954818,-0.2588410675525665,-0.0835581123828888,-0.2264152020215988,-0.1050966903567314,0.0821989998221397,0.3511477410793304,0.0519864857196807,0.0937905311584472,-0.1520317196846008,-0.0050524305552244,-0.2093062698841095,0.2328021228313446,-0.1460123509168625,-0.0923478528857231,-0.0928537249565124,-0.0615080371499061,0.1160167604684829,-0.0903515741229057,0.0352164767682552,-0.1156521737575531,-0.507141649723053,0.1333089470863342,0.1754496395587921,-0.3089647591114044,-0.1197618916630745,-0.0766708105802536,0.0552935600280761,-0.1732143610715866,0.2721452116966247,0.0361278429627418,0.0009954158449545,0.1589321196079254,0.1577279865741729,0.1341728568077087,0.2105995118618011,0.3042613863945007,0.4303978085517883,0.3086190521717071,1
s_000074,하던 일을 그만두고 퇴직해서 앞날이 너무 불안해. [SEP] 갑자기 하던 일을 그만둬서 많이 불안하시겠어요. [SEP] 앞으로 무얼 하며 살아야 할지 모르겠어. 경제적으로 너무 어려운 상황이야. [SEP] 이러한 상황에서 나아지려면 어떤 것을 할 수 있을까요? [SEP] 내 나이에서 할 수 있는 일을 찾아봐야겠어. [SEP] 할 수 있는 일을 찾으셔서 지금 상황을 잘 극복하길 바라요.,E49,Pro_12460,Pro_12460_00055,Pro_12460,0.5502669811248779,0.986027181148529,0.9875816702842712,0.999953269958496,0.9964631199836732,0.9942951798439026,-0.816962480545044,-0.7960795164108276,-0.132860466837883,0.1323802918195724,0.9873385429382324,-0.6130334138870239,0.999993860721588,-0.908122181892395,0.9929780960083008,0.9855125546455384,-0.999830961227417,0.556806743144989,0.9999576807022096,-0.0974641591310501,0.8133362531661987,-0.3766080141067505,-0.8769016861915588,-0.9999291896820068,0.8284239768981934,-0.9960017800331116,0.24018594622612,0.9888409972190856,-0.7044205665588379,-0.9999256730079652,-0.99702388048172,0.9999628663063048,-0.9943848848342896,0.4923723936080932,-0.9803317785263062,0.9999299645423888,0.9999767541885376,0.9981223940849304,0.720980167388916,0.3935554027557373,-0.1765758097171783,-0.5836052298545837,-0.8502306342124939,0.6711965799331665,0.965049922466278,-0.9576191902160645,0.7784454226493835,-0.7296894192695618,0.9965545535087584,-0.8366547226905823,0.0374606139957904,0.919944167137146,0.8566411137580872,0.8829247951507568,-0.9863861203193665,-0.8665448427200317,0.4746732711791992,0.9984182119369508,-0.8932215571403503,-0.9909867644309998,-0.9896159768104552,-0.9997592568397522,-0.1623870730400085,0.9703314304351808,0.3328034579753876,0.3017529547214508,0.5041710138320923,0.2896326780319214,4
s_000075,내가 실수한 게 있어서 그걸 무마하려고 문서를 조작했어. 그런데 그게 지금 밝혀질 위기야. [SEP] 실수를 덮으려는 문서 조작 행동이 밝혀질까 염려되는군요. [SEP] 그러니까. 어떻게 해야 좋을지 모르겠어. [SEP] 심적으로 많이 불안하시군요. 어떤 방법이 좋을까요?,E48,Pro_08979,Pro_08979_00006,Pro_08979,-0.0690829530358314,-0.2584989070892334,-0.2701605558395386,-0.2332819998264312,0.1168298721313476,0.1236863359808921,-0.1776157468557357,-0.0774227231740951,0.0477695874869823,0.2583561539649963,0.0155961755663156,-0.2151154428720474,-0.1084377020597457,-0.0646827816963195,-0.0856447964906692,0.0929745808243751,-0.1009157970547676,-0.303631067276001,-0.2180762588977813,0.0394810587167739,-0.0596337094902992,0.0273074600845575,-0.0650108382105827,-0.2035321295261383,-0.1422323733568191,-0.123833954334259,-0.3691141009330749,0.1786256730556488,-0.2803764343261719,0.2731371819972992,-0.2977703213691711,-0.0864452645182609,-0.2536872923374176,-0.1125179454684257,0.0826662331819534,0.3602943122386932,0.0816260203719139,0.1059855446219444,-0.1532737463712692,-0.0207770187407732,-0.2201409041881561,0.2501769661903381,-0.1525657027959823,-0.0775118693709373,-0.0798406898975372,-0.0557015724480152,0.1189499348402023,-0.1109557971358299,0.059087011963129,-0.1235411688685417,-0.5324563980102539,0.1087610945105552,0.1689003109931945,-0.3376170992851257,-0.1570101380348205,-0.0679241567850112,0.0546729601919651,-0.1713406890630722,0.3044292330741882,0.0538341887295246,-0.0219399034976959,0.1763734668493271,0.1699418723583221,0.1244167312979698,0.2463831454515457,0.3039937913417816,0.4887396693229675,0.2936170995235443,1
s_000076,어디 하소연할 데가 없네. [SEP] 하소연할 곳이 없다고 하시는데 무슨 고민 있으신가요? [SEP] 회사 사람들이 나를 왕따시키지 뭐야. 상사한테 보고했는데 더 심해. [SEP] 문제가 해결이 안 되어서 답답하시겠어요. [SEP] 회사를 그만두고 싶은 마음이 아주 커졌어. [SEP] 회사를 그만둘 생각을 하신다니 고립감이 심하신가 봐요.,E43,Pro_03814,Pro_03814_00019,Pro_03814,-0.0608273223042488,-0.2582894563674927,-0.2723951041698456,-0.2457185983657837,0.125801995396614,0.117630548775196,-0.1789989918470382,-0.0715758651494979,0.0483758598566055,0.2616303861141205,0.0187708735466003,-0.209966704249382,-0.1102253422141075,-0.0698240026831626,-0.0944084450602531,0.0822851806879043,-0.104118712246418,-0.2997769117355346,-0.2179568409919738,0.0532196797430515,-0.0501243099570274,0.0248366612941026,-0.0684232637286186,-0.197330966591835,-0.1466132700443267,-0.1230353191494941,-0.36517533659935,0.1795381754636764,-0.2811947762966156,0.269572764635086,-0.3008185923099518,-0.0823895335197448,-0.2488376945257187,-0.0964343696832656,0.08113294839859,0.3631369173526764,0.0817746296525001,0.1040689125657081,-0.1540745943784713,-0.0155734233558177,-0.2248256951570511,0.2526042759418487,-0.1468162089586258,-0.075002521276474,-0.0816460996866226,-0.0497429035604,0.1114353016018867,-0.1109329536557197,0.0628286898136138,-0.1202118173241615,-0.5363186597824097,0.1098199412226677,0.1820778101682663,-0.3494921028614044,-0.154956042766571,-0.060002826154232,0.0686043426394462,-0.1735468655824661,0.3020465672016144,0.0495653077960014,-0.023606015369296,0.188837930560112,0.1693177819252014,0.125279352068901,0.233206421136856,0.295759379863739,0.4973069429397583,0.3021436035633087,1
s_000077,애들이 계속 나를 괴롭히고 때려. 이게 다 내 탓인 것만 같아. [SEP] 친구들이 자꾸 괴롭혀서 너무나 힘드시군요. [SEP] 계속 나를 놀리고 때리니까 이러다 정신병이 걸리겠어. 너무 힘들어. [SEP] 지금의 기분에서 조금이라도 벗어나기 위해 가장 자신 있게 해 볼 수 있는 일은 무엇이 있을까요? [SEP] 선생님이나 엄마한테 이 상황에 대해 말하는 것도 좋을 것 같아. [SEP] 선생님 또는 부모님과 대화하셔서 어려움이 꼭 해결되시길 바라요.,E18,Pro_00309,Pro_00309_00018,Pro_00309,-0.0094734206795692,-0.2146571576595306,-0.2979805171489715,-0.3186497986316681,0.181269034743309,0.0546660795807838,-0.2004179656505584,-0.0329435393214225,0.0417840182781219,0.2957830727100372,0.0308203194290399,-0.1782300621271133,-0.1515918225049972,-0.0710946395993232,-0.1281538158655166,-0.0140745313838124,-0.110898807644844,-0.2822991609573364,-0.2518565058708191,0.1423779428005218,-0.0191880371421575,0.0063321674242615,-0.1168602257966995,-0.1542340219020843,-0.1510010361671447,-0.0854287147521972,-0.3684833943843841,0.2086498290300369,-0.273350328207016,0.2607555985450744,-0.2865202724933624,-0.0483495779335498,-0.2249666005373001,-0.0260843858122825,0.0888236165046691,0.4143471717834472,0.0848877802491188,0.0579655691981315,-0.1938429921865463,0.0254377275705337,-0.2836895287036896,0.2930324971675873,-0.1239602118730545,-0.0656510964035987,-0.1228054463863372,-0.0210142321884632,0.0888488516211509,-0.1124352365732193,0.0492392405867576,-0.106532521545887,-0.5951686501502991,0.159907579421997,0.2789086699485779,-0.4210716187953949,-0.1683117151260376,-0.0678709298372268,0.1785883158445358,-0.1958789974451065,0.2884886562824249,0.006010836455971,-0.0150597747415304,0.2401047348976135,0.1561653017997741,0.1528742313385009,0.1838448345661163,0.2580530941486358,0.541254997253418,0.427310049533844,1
s_000078,연애도 많이 해보고 내 생활을 즐기다가 늦게 결혼하는 것도 괜찮은 것 같아. [SEP] 늦게 결혼하면 무엇이 좋을까요? [SEP] 많은 경험도 쌓이고 난 후에 결혼해도 늦지는 않아. [SEP] 경험이 쌓이면 더 좋은 선택을 할 수 있겠군요. [SEP] 결혼을 늦게 하더라도 행복하게 잘 살면 그게 복이지. [SEP] 언제 결혼하셔도 꼭 행복한 결혼생활을 하실 거예요.,E66,Pro_03717,Pro_03717_00013,Pro_03717,-0.1749997735023498,-0.1977069079875946,-0.2554453313350677,-0.0689520388841629,-0.0002383682876825,0.1646811366081237,-0.1657947152853012,-0.1434518694877624,0.0248185954988002,0.2307526022195816,-0.0305124688893556,-0.2724493443965912,-0.1201618388295173,0.0404371879994869,0.0560962557792663,0.1851711571216583,-0.035059567540884,-0.3517233431339264,-0.2578171491622925,-0.1270928233861923,-0.2124349474906921,0.0593069270253181,-0.0566323101520538,-0.2611881792545318,-0.0450315400958061,-0.0845445170998573,-0.4458658695220947,0.2004734873771667,-0.2431446015834808,0.3245802223682403,-0.20900459587574,-0.1290014684200287,-0.3157404959201813,-0.3403220176696777,0.1225554719567298,0.3635989725589752,0.0726348459720611,0.0883413553237915,-0.1841332018375396,-0.0731999427080154,-0.1950691491365432,0.2445892095565796,-0.239252284169197,-0.1230969354510307,-0.0952223315834999,-0.1432352364063263,0.2406731992959976,-0.1076465770602226,-0.0378942303359508,-0.1726498007774353,-0.5224130749702454,0.1533432900905609,0.0206377673894166,-0.1703370511531829,-0.2020022571086883,-0.2342465072870254,-0.0946075469255447,-0.1553186625242233,0.3285710513591766,0.0836425721645355,0.0277349427342414,-0.0209073275327682,0.1651082038879394,0.1432607024908065,0.4425047934055328,0.4285944104194641,0.3542194366455078,0.2738881707191467,1
s_000079,오늘 직장에서 회사 동료에게 속 시원하게 한 마디를 했더니 속이 후련해! [SEP] 직장 동료 분께 한 마디를 하시고 속이 편안해지셔서 후련하셨을 것 같아요. [SEP] 당연하지! 속 시원하게 일을 끝내니까 좋더라고. 내일도 같으면 어떻게 해야 할까? [SEP] 오늘 하루를 잘 마무리한 것 같아서 다행이에요. 내일 동료에겐 어떻게 대할 생각인가요? [SEP] 동료의 행동에 따라서 달라질지도 몰라. 똑같이 트집을 잡으면 다시 후련하게 말할 거야. [SEP] 역시 그렇겠죠.의견을 존중하고 지지해요.,E68,Pro_05159,Pro_05159_00023,Pro_05159,-0.1773852854967117,-0.2155776470899582,-0.2524401545524597,-0.1039052605628967,0.0083426479250192,0.1756030321121215,-0.1369654089212417,-0.1285603642463684,0.0300022810697555,0.2276222705841064,-0.0025958435144275,-0.252829760313034,-0.095076248049736,0.0173649992793798,0.0418905802071094,0.1888076961040496,-0.033010859042406,-0.3376848399639129,-0.2258627712726593,-0.114643208682537,-0.1830647438764572,0.0731679797172546,-0.0398966819047927,-0.227222666144371,-0.0365756414830684,-0.0865307599306106,-0.4263827800750732,0.205055296421051,-0.2360152304172516,0.2955784201622009,-0.2353593707084655,-0.1469699591398239,-0.3031508922576904,-0.303646057844162,0.1108229085803031,0.3450058996677398,0.0431485697627067,0.1161388978362083,-0.1607412248849868,-0.071786418557167,-0.1849412322044372,0.2163104861974716,-0.231964573264122,-0.1425410062074661,-0.0764870196580886,-0.1404469162225723,0.2206401377916336,-0.0967485383152961,-0.0110781453549861,-0.1673014163970947,-0.4970179200172424,0.1343338638544082,0.0302155166864395,-0.1725719720125198,-0.1499233394861221,-0.1842431873083114,-0.1041777431964874,-0.1635279953479766,0.3187564015388489,0.084667183458805,0.0225665625184774,0.0137558188289403,0.1769450455904007,0.1400469541549682,0.382811427116394,0.4401776194572449,0.3543197810649872,0.2362263798713684,1
s_000080,요즘 아내가 우울증이 심해져서 걱정이야. [SEP] 어떤 계기로 우울증이 심해졌다는 걸 알게 되셨나요? [SEP] 나 없이는 외출도 안 하고 사소한 것에도 쉽게 우울해져서 알게 됐어. 내가 좀 더 신경 썼어야 하는데. [SEP] 어떤 점이 아내에게 신경 못쓰셔서 후회되는 부분이신가요? [SEP] 우울증 초기에 병원에 같이 갔으면 좋지 않았을지 후회돼. [SEP] 병원에 같이 갔어야 한다고 생각하시는군요. 앞으로 병원에 같이 가신다면 좋아질 수 있다고 생각하시나요?,E29,Pro_10640,Pro_10640_00040,Pro_10640,-0.0700753033161163,-0.2309235632419586,-0.2732238173484802,-0.2440295368432998,0.1177739650011062,0.1078823655843734,-0.1641593873500824,-0.0656328052282333,0.0416653640568256,0.2592717707157135,0.0230981446802616,-0.1998978704214096,-0.1115589961409568,-0.0565995015203952,-0.0773001685738563,0.0714263021945953,-0.084923930466175,-0.2913399636745453,-0.2192991822957992,0.0498281568288803,-0.0621347948908805,0.0338331274688243,-0.0747417509555816,-0.173917219042778,-0.1170969903469085,-0.0996239483356475,-0.368213802576065,0.1939390003681183,-0.2603130638599396,0.2592229545116424,-0.2812184989452362,-0.0876698419451713,-0.2438545227050781,-0.1087227463722229,0.0855672731995582,0.3657208383083343,0.0644354596734047,0.0975480005145073,-0.159442126750946,-0.0119792632758617,-0.2262263000011444,0.2466007024049759,-0.1531234085559845,-0.0904800742864608,-0.0898202434182167,-0.0595561936497688,0.1207382604479789,-0.1020750254392623,0.0460011176764965,-0.1221321821212768,-0.5326269268989563,0.1274282187223434,0.181289717555046,-0.3305777013301849,-0.1397184431552887,-0.0763653516769409,0.0623437091708183,-0.1780472695827484,0.2921874225139618,0.0419739000499248,-0.0093480413779616,0.1722723394632339,0.1663697659969329,0.1351982206106186,0.2292255461215973,0.3126964271068573,0.4682125449180603,0.3152586817741394,1
s_000081,나는 자식들과 함께 사는 것 외에는 바라는 게 없는데 자식들은 같이 사는 걸 싫어해서 너무 속상하고 슬퍼. [SEP] 그러시군요. 많이 속상하시고 슬프시겠어요. [SEP] 그래도 내 자식은 아닐 줄 알았는데 막상 이렇게 되고 보니 하루 종일 슬프기만 해. [SEP] 어떻게 해야 이 슬픔에서 벗어날 수 있을까요? [SEP] 자식들에게 이런 내 마음을 솔직하게 얘기해 볼까 해. 그럼 이해해주겠지. [SEP] 잘 대화하셔서 슬프지 않게 잘 지내셨으면 좋겠어요.,E20,Pro_11351,Pro_11351_00006,Pro_11351,-0.0259815566241741,-0.2319964468479156,-0.2949047386646271,-0.3601048290729522,0.1850030422210693,0.0747696161270141,-0.1518290340900421,-0.0125476345419883,0.0466320924460887,0.2926900684833526,0.0754924863576889,-0.1486029773950576,-0.1159460768103599,-0.09377471357584,-0.1337999850511551,-0.0032912895549088,-0.0982668623328208,-0.2649494111537933,-0.2074761539697647,0.1479814052581787,0.0124249290674924,0.0342673771083354,-0.0923945158720016,-0.0968315005302429,-0.1207303181290626,-0.0772979035973548,-0.3483189344406128,0.2261064946651458,-0.2550928294658661,0.2165208160877227,-0.3168658018112182,-0.0850118175148963,-0.2113922089338302,0.0139556201174855,0.0765982866287231,0.3927007913589477,0.0311694461852312,0.0986438915133476,-0.1645841598510742,0.023856334388256,-0.273280918598175,0.2498002797365188,-0.1242789700627327,-0.1087842658162117,-0.0979802682995796,-0.0277423504739999,0.0711956024169921,-0.0936360210180282,0.0789294093847274,-0.104704163968563,-0.5644363164901733,0.1411795169115066,0.2851610481739044,-0.410429447889328,-0.0849539190530777,-0.0060130679048597,0.1524942815303802,-0.2120925486087799,0.2751836478710174,0.0071530872955918,-0.0149716157466173,0.2739875912666321,0.1760318428277969,0.1553867906332016,0.1061866506934166,0.2982580661773681,0.5281405448913574,0.3762702643871307,1
s_000082,나는 우리 부서가 올해 최대 실적을 거둘 거라고 생각하고 있어. [SEP] 그렇게 생각하게 된 계기가 있나요? [SEP] 올해 우리 부서에서 획기적인 아이디어를 내서 회사 전체 매출이 십 퍼센트 정도 올랐거든. [SEP] 정말 대단하시네요. 그렇게 할 수 있었던 원동력이 뭔가요? [SEP] 팀원들과의 원활한 소통과 융화라고 생각해. [SEP] 오늘 한 업무에 대해 아주 만족스러우신 것 같아요.,E69,Pro_09000,Pro_09000_00001,Pro_09000,-0.1734459102153778,-0.1765636503696441,-0.2429521232843399,-0.0740455240011215,-0.0059526883997023,0.1522158086299896,-0.1252720206975937,-0.1253700703382492,0.021155385300517,0.2057536989450454,-0.0207723900675773,-0.2433416545391082,-0.0928458645939827,0.0255602430552244,0.0534145347774028,0.1713008880615234,-0.0129866227507591,-0.312472403049469,-0.2227774411439895,-0.1143655478954315,-0.193028524518013,0.0712459161877632,-0.0490025468170642,-0.2113154679536819,-0.0214899349957704,-0.0725985094904899,-0.406697928905487,0.194289818406105,-0.2118029445409774,0.2831231653690338,-0.1970169395208358,-0.1299165040254593,-0.2833084166049957,-0.3084445297718048,0.1077048629522323,0.3261634409427643,0.0446087718009948,0.1020915359258651,-0.1549810320138931,-0.0632963553071022,-0.1589473634958267,0.2080698311328888,-0.2203769534826278,-0.1288663446903228,-0.0845999717712402,-0.1397977471351623,0.2168862223625183,-0.0867156013846397,-0.0311209000647068,-0.1579746305942535,-0.4648207426071167,0.1420029550790786,0.0152995456010103,-0.1429805606603622,-0.1475787162780761,-0.1974556595087051,-0.1095746755599975,-0.1490655094385147,0.2955890297889709,0.0791867598891258,0.0340566933155059,-0.015164372511208,0.159199520945549,0.1338758766651153,0.3800088763236999,0.4120461344718933,0.3066478669643402,0.232540488243103,1
s_000083,최근에 올케가 유방암 진단을 받았어. 그래서 그런지 나도 암에 걸리면 어떻게 하나 걱정이 많이 들어. [SEP] 주변에서 아픈 분을 보니 그런 생각이 들었군요. 혹시 몸이 아프거나 불편한 곳이 있으세요? [SEP] 아직 실제로 몸이 아프거나 불편한 곳은 없어. 그런데 두려움만 커지네. [SEP] 두려움을 해소하기 위해 어떻게 하고 싶으세요? [SEP] 검진 종류를 알아보고 병원에 가야지. [SEP] 미래 검진 결과에서 좋은 결과 나오길 기원할게요.,E31,Pro_08842,Pro_08842_00023,Pro_08842,-0.0743837058544159,-0.2208386212587356,-0.272346168756485,-0.248778611421585,0.1152954697608947,0.1048547029495239,-0.1508180499076843,-0.0596662126481533,0.0394298806786537,0.2562947571277618,0.0299574173986911,-0.1906439810991287,-0.1064644455909729,-0.0555066466331481,-0.0723708942532539,0.0666997954249382,-0.0751096829771995,-0.2830525636672973,-0.2125790864229202,0.0510226562619209,-0.0612451881170272,0.0406130440533161,-0.0742511302232742,-0.155307188630104,-0.1017481610178947,-0.0892897993326187,-0.3637539446353912,0.2003829628229141,-0.2484105229377746,0.2475021928548813,-0.2762432992458343,-0.09292683750391,-0.2377042323350906,-0.1055268049240112,0.0846849903464317,0.3616470992565155,0.0506757125258445,0.1000857502222061,-0.1562042236328125,-0.0096988948062062,-0.2230786383152008,0.2373629510402679,-0.153500810265541,-0.1005500182509422,-0.0896271839737892,-0.0631176978349685,0.1199516952037811,-0.0953280925750732,0.0435229428112506,-0.1212353408336639,-0.5237902402877808,0.131121352314949,0.1819956451654434,-0.3211942911148071,-0.1215047463774681,-0.0727601796388626,0.057096816599369,-0.1808740496635437,0.2844211459159851,0.0387034118175506,-0.0037423681933432,0.170825570821762,0.1666850447654724,0.1383158415555954,0.2144058644771576,0.3208559453487396,0.4529975652694702,0.3122335076332092,1
s_000084,사회적 문제인 가족 간의 문제가 내게도 존재 하기에 뭘 얘기하고 뭘 얘기 안 해야 하는지를 모르겠네. 현 상황에 힘이 드는데. [SEP] 무슨 사연인지는 몰라도 얘기하시고 싶을 정도의 가족 간의 사연이 있으시군요. [SEP] 원천적인 것은 경제적 문제겠지. 내가 돈을 쥐고 있으면 이런 가족 간의 방기하는 경우가 적겠지. 가족들은 아픈 나를 돌봐주지 않아. [SEP] 아픈데 가족들이 잘 돌보아 주지 않는다는 거군요. [SEP] 예전에 내가 폭군처럼 부인과 애들을 대했기에 지금은 정이 없고 무서워 하는 거 같은데. 내가 잘못한 일이지. [SEP] 예전의 일을 반성하고 계시는군요.,E50,Pro_09761,Pro_09761_00022,Pro_09761,-0.0717315077781677,-0.2368029356002807,-0.2743757367134094,-0.2644479870796203,0.1237814351916313,0.1117950677871704,-0.1512676328420639,-0.0570407696068286,0.0435449257493019,0.261761337518692,0.0389228574931621,-0.1894284337759018,-0.1029071137309074,-0.0649743527173996,-0.0827416628599166,0.0699503421783447,-0.0832417979836463,-0.2864328622817993,-0.2073842585086822,0.0577127262949943,-0.0489553846418857,0.0412089042365551,-0.0693326592445373,-0.1548774540424347,-0.109807051718235,-0.0963515788316726,-0.3629696667194366,0.20137819647789,-0.2561449706554413,0.2457601279020309,-0.2928680181503296,-0.0977416336536407,-0.2392934262752533,-0.0906234085559845,0.0821339040994644,0.3628552556037903,0.0482124835252761,0.108473964035511,-0.1527223736047744,-0.0103880707174539,-0.2280057817697525,0.2359838634729385,-0.1520566195249557,-0.1036179736256599,-0.08378716558218,-0.0593918897211551,0.1134387701749801,-0.0970983058214187,0.0564048737287521,-0.1210536733269691,-0.5278476476669312,0.123515784740448,0.1906840801239013,-0.3341355621814728,-0.1148216426372528,-0.0557387545704841,0.0617286413908004,-0.1852820068597793,0.2887395024299621,0.040102407336235,-0.0100074233487248,0.1891150623559951,0.1728940904140472,0.1376927345991134,0.2015176564455032,0.323727399110794,0.4707375764846802,0.3068158030509949,1
s_000085,이번에 원하는 대학에 수시 지원을 했는데 떨어졌어. [SEP] 원하는 대학 수시 지원에서 떨어지셨군요. 앞으로 어떻게 하실 예정이세요? [SEP] 수능 준비를 철저히 해서 정시에 다시 도전해 보려고. [SEP] 수능 준비를 열심히 해서 정시에 도전하실 계획이군요.,E21,Pro_00192,Pro_00192_00020,Pro_00192,-0.0408630296587944,-0.2102493047714233,-0.2750969529151916,-0.2928769588470459,0.1461428105831146,0.0749591365456581,-0.1421130150556564,-0.0312653966248035,0.0399235822260379,0.2574020028114319,0.0421989746391773,-0.1600987017154693,-0.1033523753285408,-0.0803983509540557,-0.1067641526460647,0.0195613354444503,-0.0789749175310134,-0.2511076629161834,-0.1992346197366714,0.1077503785490989,-0.0183271393179893,0.0340888015925884,-0.085173100233078,-0.1136129423975944,-0.111621543765068,-0.082710288465023,-0.330633670091629,0.1985061317682266,-0.2397120296955108,0.2180904299020767,-0.2807474136352539,-0.074737936258316,-0.2048832923173904,-0.0313270650804042,0.0727521032094955,0.3566854298114776,0.0437224358320236,0.0962087735533714,-0.1476839780807495,0.0143256513401865,-0.2247329652309417,0.2335871309041977,-0.1224125549197197,-0.08931515365839,-0.0930757448077201,-0.0381104983389377,0.0811754018068313,-0.0875362455844879,0.0590123645961284,-0.1018348857760429,-0.515512228012085,0.1303523331880569,0.227624237537384,-0.3560199439525604,-0.0958501398563385,-0.0295727346092462,0.1045103892683982,-0.1844744235277176,0.2611909806728363,0.0209772493690252,-0.0077908067032694,0.2175508290529251,0.1599991768598556,0.1363284140825271,0.142903983592987,0.2778955399990082,0.4653509855270386,0.3283118605613708,1
s_000086,언니 때문에 스트레스받아 죽겠어. [SEP] 언니분과 무슨 일이 있으신가요? [SEP] 부탁할 때만 착하게 말하고 평소에 온갖 짜증을 나한테 부려. 너무 화가 나. [SEP] 언니 때문에 스트레스받으시겠어요. 언니분이 늘 친절하면 기분이 조금 괜찮아질까요?,E32,Pro_05123,Pro_05123_00047,Pro_05123,-0.0055036549456417,-0.3026397824287414,-0.299170434474945,-0.3835720717906952,0.2121655493974685,0.1020634025335311,-0.1859133094549179,-0.0216467715799808,0.064314492046833,0.3093007206916809,0.0789655447006225,-0.1693665534257888,-0.1148683056235313,-0.1264559626579284,-0.176942303776741,0.0203087646514177,-0.1462889909744262,-0.2914740145206451,-0.2054772973060608,0.1624377220869064,0.0469888783991336,0.0170234572142362,-0.0773968771100044,-0.1458135545253753,-0.1862959265708923,-0.1284835487604141,-0.3499479293823242,0.2050036936998367,-0.3066398501396179,0.2400479018688202,-0.3729195892810821,-0.0816956162452697,-0.2280578464269638,0.0509566254913806,0.0684677511453628,0.3979891538619995,0.0628337636590004,0.1177165433764457,-0.1570608913898468,0.0158595480024814,-0.2854392528533935,0.2658561468124389,-0.1145452633500099,-0.0853476524353027,-0.0789059400558471,-0.0057253642007708,0.0501940622925758,-0.1151993796229362,0.1235998198390007,-0.1036424934864044,-0.5865088105201721,0.1039095595479011,0.3009739518165588,-0.4621531963348388,-0.1127983480691909,0.0382961146533489,0.1745707839727401,-0.2122253179550171,0.3040655255317688,0.0219031311571598,-0.0489778034389019,0.3246384859085083,0.1904000788927078,0.14007468521595,0.1057241410017013,0.2755183577537536,0.6124447584152222,0.357101172208786,1
s_000087,교수님이 나를 회사에 추천해주셨어. [SEP] 추천을 받으시다니 기쁘시겠어요. [SEP] 요즘 같은 때에 정말 감사한 일이야. [SEP] 감사한 마음을 어떻게 표현할 수 있을까요? [SEP] 언제 한 번 찾아뵈어야지. [SEP] 네 교수님과 계속 좋은 관계가 유지되었으면 좋겠어요.,E61,Pro_05392,Pro_05392_00002,Pro_05392,-0.2264871597290039,-0.1531531661748886,-0.227365031838417,0.0763772204518318,-0.0860143154859542,0.1798398345708847,-0.1535437852144241,-0.1881704181432724,0.00966293271631,0.1800591349601745,-0.0858547687530517,-0.306192010641098,-0.1110385581851005,0.0920425951480865,0.1350673586130142,0.2424178421497345,0.0079791489988565,-0.3552426695823669,-0.2638387680053711,-0.2289446890354156,-0.2962445318698883,0.0688210725784301,-0.045495968312025,-0.302432507276535,-0.0036597573198378,-0.0792064145207405,-0.4543604552745819,0.1750273406505584,-0.2149374186992645,0.3462111353874206,-0.1343249380588531,-0.1311858892440796,-0.3312890231609344,-0.4550680518150329,0.1322857141494751,0.3236770927906036,0.0866522192955017,0.0789039209485054,-0.1765058040618896,-0.102717824280262,-0.1296043246984481,0.2261318266391754,-0.2667149007320404,-0.1148089915513992,-0.095006562769413,-0.1840737164020538,0.2923449873924255,-0.1010564193129539,-0.0937132239341735,-0.1866705566644668,-0.4612741470336914,0.1557344794273376,-0.1016208529472351,-0.0390549264848232,-0.2331927269697189,-0.3147918283939361,-0.1988972574472427,-0.1170039549469947,0.3233420252799988,0.1103278696537017,0.0519761815667152,-0.1571437567472458,0.145097330212593,0.1274371296167373,0.5560375452041626,0.4473355114459991,0.2392129451036453,0.2130522727966308,1
s_000088,나이가 많다는 이유로 회사에서 잘렸어. 이제 나는 사회에서 더 이상 필요로 하지 않아. [SEP] 회사에서 해고당하셔서 상실감이 크시겠어요. [SEP] 내가 더 이상 사회에 필요하지 않은 사람이 된 것 같고 경제적으로도 어려워질 것 같아. [SEP] 더 이상 필요하지 않은 사람이 된 것 같다고 느끼고 계시는군요. [SEP] 이제 나에게 남은 것이 상실 밖에는 없어. [SEP] 지금 감정을 나눌 수 있는 사람이 주변에 있었으면 좋겠어요.,E49,Pro_12460,Pro_12460_00014,Pro_12460,-0.0920729711651802,-0.1897109299898147,-0.2627402544021606,-0.2169375419616699,0.0890146568417549,0.1001814901828765,-0.1277666836977005,-0.0620713308453559,0.0312336515635252,0.2363155037164688,0.0224615838378667,-0.1849446445703506,-0.0969121009111404,-0.0403265617787838,-0.0447720512747764,0.0714456439018249,-0.0481001287698745,-0.2679087519645691,-0.2043161541223526,0.0275415778160095,-0.0831444710493087,0.0515586286783218,-0.0725060701370239,-0.137824609875679,-0.0687243267893791,-0.0717879384756088,-0.3559654951095581,0.2007579952478408,-0.2212451845407486,0.2348132133483886,-0.2455676198005676,-0.0972532853484153,-0.2295252382755279,-0.1342587620019912,0.0851775035262107,0.3430332541465759,0.035965085029602,0.0987515896558761,-0.1487831622362136,-0.0122122019529342,-0.1985521167516708,0.2188914120197296,-0.1585341989994049,-0.1093199551105499,-0.0906814113259315,-0.077655017375946,0.1311276704072952,-0.0828634798526763,0.0232826620340347,-0.1216420233249664,-0.4913393259048462,0.1378155052661895,0.1516663432121276,-0.2743555903434753,-0.1042987182736396,-0.090902455151081,0.0235174298286438,-0.1728670448064804,0.2682795226573944,0.0398290455341339,0.0115733230486512,0.1316325366497039,0.1590509712696075,0.1374126523733139,0.2210990637540817,0.3308376371860504,0.3963931798934936,0.2926121652126312,1
s_000089,나보다 공부 못했던 친구는 우리가 함께 지원했던 대학합격하고 나만 떨어져서 충격받았어. [SEP] 나는 떨어지고 친구만 대학에 합격해서 정말 속상하시군요. [SEP] 응.그동안 정말 열심히 준비했는데 결과가 이렇게 나오니 충격이야. [SEP] 충격받았겠어요. 어떻게 하면 기분전환을 할 수 있을까요? [SEP] 우선 쉬고 싶어.생각을 정리하고 싶네. [SEP] 푹 쉬고 생각을 전환해볼 생각이군요.,E44,Pro_01775,Pro_01775_00008,Pro_01775,-0.110231839120388,-0.1052521541714668,-0.2919871807098388,-0.2004794031381607,0.0793079882860183,0.0639837235212326,-0.1635064482688903,-0.070314772427082,0.0096443844959139,0.2755568325519562,0.0066095450893044,-0.202006310224533,-0.1682177186012268,0.0400645211338996,0.016456514596939,0.0307410731911659,-0.0206857472658157,-0.3055891096591949,-0.2898079454898834,0.0112015614286065,-0.1638050675392151,0.0493780747056007,-0.1272352039813995,-0.1496662646532058,-0.0124044343829154,-0.0015883209416642,-0.4394884705543518,0.2599868476390838,-0.2005388736724853,0.2817656397819519,-0.1752068400382995,-0.0926724374294281,-0.2656349539756775,-0.2337142527103424,0.1313170790672302,0.4294982254505157,0.0411264486610889,0.0268700625747442,-0.2340749651193618,-0.0060189943760633,-0.2764784097671509,0.2814599573612213,-0.2068214416503906,-0.1356578022241592,-0.1552396118640899,-0.1094809994101524,0.2053185552358627,-0.0925366431474685,-0.0629663094878196,-0.1500583440065384,-0.590287983417511,0.2352117896080017,0.1752348989248275,-0.2660263180732727,-0.1743107140064239,-0.2342604249715805,0.0594099313020706,-0.196801483631134,0.2889921963214874,0.0101900724694132,0.0542563535273075,0.0582019947469234,0.1469973623752594,0.1921350210905075,0.3281241059303283,0.3936561346054077,0.3827072978019714,0.4526683688163757,1
s_000090,진로가 심리상담사인데 괴롭힘당하는 친구를 방관한 적이 있어. 내가 상담사 자격이 있을까. [SEP] 괴롭힘당하는 친구를 방관한 적이 있어서 진로에 회의를 느끼시는군요. [SEP] 나도 괴롭힘당할까 봐 무서워서 얘기를 들어주지 못했어. 너무 속상하고 죄책감 들어. [SEP] 그러한 죄책감에서 벗어날 방법은 어떤 것이 있을까요? [SEP] 그 친구에게 사과하고 이야기를 들어줘야겠어. [SEP] 정성 어린 사과로 지금의 죄책감을 조금이라도 덜어내시길 바라요.,E57,Pro_01908,Pro_01908_00020,Pro_01908,-0.1300199627876281,-0.197895348072052,-0.2558345198631286,-0.1710917800664901,0.0529946461319923,0.1318616271018982,-0.1220557317137718,-0.0869179368019104,0.0302260108292102,0.2278228849172592,0.0153455156832933,-0.2080368846654892,-0.0894749537110328,-0.0188770815730094,-0.0076580690219998,0.1209748387336731,-0.0368492938578128,-0.2905862331390381,-0.2052165418863296,-0.0321065299212932,-0.122062899172306,0.0644654557108879,-0.0557973273098468,-0.1651981174945831,-0.0489306449890136,-0.0756053626537323,-0.3788990974426269,0.2023380994796753,-0.2210555672645568,0.2517716288566589,-0.2403254508972168,-0.1208478361368179,-0.2553379833698272,-0.2018537074327469,0.0931171923875808,0.3359879851341247,0.0314784832298755,0.1106666103005409,-0.1473180949687957,-0.0364907458424568,-0.1855495870113372,0.2090097665786743,-0.1873634308576584,-0.1268845945596695,-0.081439658999443,-0.1048587560653686,0.1653297543525695,-0.0842116475105285,0.0108278589323163,-0.1388605087995529,-0.4815848171710968,0.1334123611450195,0.0983363017439842,-0.2250628620386123,-0.1103205159306526,-0.1222792640328407,-0.0363594256341457,-0.1684107035398483,0.2837446928024292,0.0586405247449874,0.0175739806145429,0.0830690339207649,0.1666825115680694,0.1369857490062713,0.2767185866832733,0.3773910105228424,0.368647038936615,0.2581656277179718,1
s_000091,우리 회사에서 나는 너무 중요한 존재 같아. [SEP] 회사에서 중요한 존재군요. 기쁘시겠어요. [SEP] 회사에서 내가 맡는 업무가 막중한 것 같아. 난 우리 회사의 인재야. [SEP] 회사의 인재라고 생각하시는군요. 좀 더 자세히 말씀해 주시겠어요? [SEP] 새로운 프로젝트도 내가 하게 될 것 같아. 인정받는 것 같아 기뻐. [SEP] 새로운 프로젝트를 맡아 어떤 결과를 얻었으면 하시나요?,E69,Pro_03600,Pro_03600_00017,Pro_03600,-0.1842404007911682,-0.1655944436788559,-0.2394794672727584,-0.0603575594723224,-0.0184957813471555,0.1539268940687179,-0.1147895827889442,-0.1275558173656463,0.0180219188332557,0.1987244039773941,-0.0217936094850301,-0.2423302829265594,-0.0884854570031166,0.0333920270204544,0.0675004497170448,0.1771717965602874,-0.0012451403308659,-0.3094269037246704,-0.2195270657539367,-0.1279533058404922,-0.2039745151996612,0.0777658000588417,-0.0466869920492172,-0.2050624042749405,-0.0050892429426312,-0.064829371869564,-0.4071047306060791,0.1970223933458328,-0.2007853984832763,0.2790572047233581,-0.1858376115560531,-0.1356117874383926,-0.2830730974674225,-0.323507010936737,0.1090180650353431,0.3197952210903168,0.0361481718719005,0.1034239828586578,-0.1526482850313186,-0.0664043053984642,-0.1503998637199401,0.1996611654758453,-0.2258932441473007,-0.1366168707609176,-0.0841793045401573,-0.1483827978372573,0.2245005667209625,-0.0817126855254173,-0.0395517610013484,-0.1603066176176071,-0.4525619447231293,0.1451304405927658,0.0004314081452321,-0.1198299154639244,-0.1391552090644836,-0.206267699599266,-0.1272417157888412,-0.1474086493253708,0.2913067936897278,0.0807219818234443,0.0408791005611419,-0.0332174338400363,0.1581831276416778,0.1349859833717346,0.385640799999237,0.4237256944179535,0.2835553586483001,0.2233882248401641,1
s_000092,하루하루 살아가는 목표가 없어서 낳아주신 부모님께 양심의 가책을 느끼게 돼. [SEP] 삶의 목표가 없어 양심의 가책을 느끼는군요. [SEP] 언니들이나 선배들을 보면 다들 목표를 세우고 필사적으로 살아가는데 나는 뭐 하고 있는 걸까. [SEP] 목표를 찾지 못했을 때 어떻게 해야 좋을까요? [SEP] 배낭여행을 가서 혼자 내 삶에 대해 생각하는 시간을 가져야겠어. [SEP] 여행을 통해 삶의 목표를 떠올릴 수 있길 바라요.,E55,Pro_05146,Pro_05146_00048,Pro_05146,-0.1256901770830154,-0.1713830679655075,-0.2567648589611053,-0.1594595611095428,0.0498690232634544,0.1142154112458229,-0.1262562721967697,-0.0857551246881485,0.0241358987987041,0.2255662232637405,0.0040807421319186,-0.2063667923212051,-0.1006034165620803,-0.0067540872842073,0.0005942098214291,0.1038857400417327,-0.0282820872962474,-0.2845179438591003,-0.2176385223865509,-0.0284318048506975,-0.1338428407907486,0.0601167157292366,-0.0691891983151435,-0.1621307134628296,-0.0409866645932197,-0.0624008923768997,-0.3806377947330475,0.2039722949266433,-0.2110475003719329,0.254257321357727,-0.2161047756671905,-0.1088789477944374,-0.2505245804786682,-0.2116459012031555,0.0975588038563728,0.3421030938625335,0.0371290743350982,0.0927783772349357,-0.1577809751033783,-0.0300728753209114,-0.1875271797180175,0.217833012342453,-0.1858244687318802,-0.1199529841542244,-0.0949255600571632,-0.1051694974303245,0.170605257153511,-0.0829238072037696,-0.0078027434647083,-0.1371668875217437,-0.4860555231571197,0.1497984230518341,0.100535400211811,-0.2192712277173996,-0.1234689429402351,-0.1458670496940612,-0.0261593144387006,-0.165131390094757,0.2769350707530975,0.0511527173221111,0.0262733977288007,0.0658575817942619,0.1564225554466247,0.1410787105560302,0.2886438369750976,0.3667481541633606,0.3531355857849121,0.2829917967319488,1
s_000093,친하지 않은 친구가 결혼식에 오라고 해서 당황스럽네. [SEP] 친하지 않은 친구가 결혼식에 오라고 해서 당황스러우셨군요. [SEP] 나였다면 안 불렀을 것 같은데. 나는 안 가고 싶어. [SEP] 가기 싫으시군요. [SEP] 아무래도 안 간다고 전해야겠어. [SEP] 안 간다고 전할 생각이군요.,E50,Pro_05141,Pro_05141_00045,Pro_05141,-0.1153772920370101,-0.1587990224361419,-0.2536093294620514,-0.1839785128831863,0.0595883280038833,0.0996681898832321,-0.1021613925695419,-0.0658330246806144,0.0228550247848033,0.2173499166965484,0.0176628567278385,-0.1803393214941024,-0.0866719037294387,-0.0221360586583614,-0.0121655100956559,0.0810284838080406,-0.0187859330326318,-0.2559844553470611,-0.1960999220609665,-0.0019419392338022,-0.1089788153767585,0.0657640248537063,-0.068974383175373,-0.1198170781135559,-0.0299413874745368,-0.0520420223474502,-0.3528420925140381,0.2051318734884262,-0.1925371289253235,0.2226785123348236,-0.2151514589786529,-0.1070174649357795,-0.2249660640954971,-0.1698991805315017,0.0873367115855217,0.3257721066474914,0.0170123632997274,0.0995003655552864,-0.1423877030611038,-0.0173043943941593,-0.1755860894918441,0.1986575424671173,-0.1685893088579177,-0.1243668794631958,-0.0910482108592987,-0.0964511260390281,0.147161915898323,-0.0698654204607009,0.0016574108740314,-0.1249776482582092,-0.459078311920166,0.145960047841072,0.1177758276462555,-0.2212467342615127,-0.0841335505247116,-0.112284131348133,-0.016377430409193,-0.1670217365026474,0.2542008459568023,0.0420143380761146,0.0285614170134067,0.0883784368634224,0.1538477838039398,0.1388707160949707,0.2314916849136352,0.3516018092632293,0.3374901711940765,0.2718225717544555,1
s_000094,어제 수능을 너무 제대로 봤어. 그동안의 노력을 보상받은 기분이야. [SEP] 노력한 만큼의 결과를 거두셨군요. 진짜 뿌듯하시겠어요. [SEP] 불안한 게 다 사라진 느낌이야. 마음이 너무 편해졌어. [SEP] 심리적으로 안정을 찾으셨다니 진짜 다행이에요.,E63,Pro_01794,Pro_01794_00017,Pro_01794,-0.190124362707138,-0.1855251491069793,-0.2456980347633361,-0.0703496560454368,-0.0142282349988818,0.1685060113668441,-0.1249703541398048,-0.1331833153963089,0.022073334082961,0.2125337719917297,-0.0146117461845278,-0.2522252202033996,-0.0936070159077644,0.0349008850753307,0.0670113191008567,0.1902558356523513,-0.0115249343216419,-0.3288051187992096,-0.2269621789455413,-0.1348359435796737,-0.2063917964696884,0.0787152275443077,-0.0429915264248847,-0.2203368693590164,-0.0113908825442194,-0.0711644142866134,-0.4249942898750305,0.2049523442983627,-0.2152890712022781,0.291974663734436,-0.2038235068321228,-0.1460236012935638,-0.299281507730484,-0.3321861028671264,0.1140107661485672,0.3348961472511291,0.037710752338171,0.1081559881567955,-0.1606753170490265,-0.0734977573156356,-0.1681215316057205,0.2082244753837585,-0.237299770116806,-0.1452940851449966,-0.0822102352976799,-0.1523036509752273,0.233603686094284,-0.0890777185559272,-0.0337561592459678,-0.1686653941869735,-0.4769502878189087,0.1448974013328552,0.0044404636137187,-0.1325941085815429,-0.1479327380657196,-0.2098945826292038,-0.127263069152832,-0.1556131988763809,0.3079901039600372,0.0846302807331085,0.0363317802548408,-0.02568687684834,0.1679786592721939,0.1405710726976394,0.4007723927497864,0.4453531503677368,0.3090434670448303,0.2308028638362884,1
s_000095,요즘 주식으로 재미를 보고 있는데 병실에는 주식 얘기를 하는 사람이 아무도 없어서 외로워. [SEP] 병실에 주식 이야기를 하는 사람이 없어서 외로우셨군요. [SEP] 서로 공통된 대화 주제가 없으니까 더 대화를 안 하게 되는 것 같아. [SEP] 이 상황을 변화하기 위한 방법은 뭐가 있을까요? [SEP] 나도 주식 말고 병실 사람들이 주로 대화하는 주제에 대해 관심을 가져야겠어. [SEP] 무력감에 아무 생각도 나지 않으시는 것 같아요.,E53,Pro_09764,Pro_09764_00008,Pro_09764,-0.1257065832614898,-0.1756411790847778,-0.2546072602272033,-0.1688974350690841,0.0519001856446266,0.116481602191925,-0.1153063923120498,-0.0803451389074325,0.0255150683224201,0.2222610116004943,0.0121019463986158,-0.1986486315727234,-0.0910721346735954,-0.0150903919711709,-0.0043531567789614,0.1041825711727142,-0.0265927258878946,-0.2770231664180755,-0.2053790837526321,-0.0237509943544864,-0.1232998371124267,0.0644729658961296,-0.0635969713330268,-0.1490683108568191,-0.0381000190973281,-0.0631281659007072,-0.3708236813545227,0.2036494463682174,-0.2071741074323654,0.2426041215658188,-0.2229819148778915,-0.113442949950695,-0.2439930886030197,-0.197303295135498,0.0926736667752265,0.3330639600753784,0.0275310948491096,0.1019138470292091,-0.1482348442077636,-0.0289530754089355,-0.1809830367565155,0.2068898826837539,-0.1815648227930069,-0.1247549280524253,-0.0884020254015922,-0.1035534888505935,0.1622184962034225,-0.078421726822853,0.000909166119527,-0.1341389864683151,-0.4732369780540466,0.1425683796405792,0.1023516431450843,-0.2181532979011535,-0.1047841981053352,-0.1276098489761352,-0.0300496816635131,-0.1663279682397842,0.2714111804962158,0.0514733977615833,0.0247291382402181,0.0763606429100036,0.1591103076934814,0.1386497765779495,0.2669317126274109,0.3671359419822693,0.3498888313770294,0.26793172955513,1
s_000096,친한 친구가 사고당했다는 소식이 왔어. [SEP] 친구분이 사고당하셨군요. [SEP] 운도 없게 음주운전 차에 치였다네. [SEP] 친구분의 소식에 마음이 아프시겠어요. [SEP] 의식을 영영 못 차릴 수도 있대. 가장 친한 친구였는데. [SEP] 친한 친구가 큰 사고로 못 일어날 수 있어 슬프시겠어요.,E20,Pro_05111,Pro_05111_00056,Pro_05111,-0.0368679575622081,-0.1907068192958831,-0.2797894775867462,-0.3160707950592041,0.1551073640584945,0.0601800791919231,-0.128788024187088,-0.015444760210812,0.0363008752465248,0.2619743943214416,0.0557119511067867,-0.1413951367139816,-0.1046824753284454,-0.0800028890371322,-0.1078501418232917,-0.0047713089734315,-0.0684816911816597,-0.2379235029220581,-0.1968513876199722,0.1272338330745697,-0.009816481731832,0.0399582535028457,-0.0933373644948005,-0.0798713862895965,-0.0925761386752128,-0.0620619654655456,-0.3265966475009918,0.2140364646911621,-0.2235023528337478,0.2006727755069732,-0.2742725908756256,-0.0767256245017051,-0.1930265724658966,-0.0120037542656064,0.0732500255107879,0.3629776835441589,0.0250771399587392,0.0918543711304664,-0.1515536904335022,0.0249749571084976,-0.2343789041042328,0.229577362537384,-0.1192731112241745,-0.1025569885969162,-0.1002555936574935,-0.037290621548891,0.0757077187299728,-0.0792955756187439,0.0547430850565433,-0.0985897257924079,-0.5182368755340576,0.1446587294340133,0.2491310983896255,-0.3603377640247345,-0.0731136500835418,-0.0246547106653451,0.1198541074991226,-0.1940430104732513,0.2494323551654815,0.0082154050469398,0.0006298161461018,0.2283496558666229,0.1593517810106277,0.1466074436903,0.1124527305364608,0.2839481234550476,0.4571928977966308,0.3492416441440582,1
s_000097,친구가 통화를 너무 길게 해서 귀찮아. [SEP] 친구가 통화를 길게 해서 귀찮으시군요. 주로 어떤 대화를 하나요? [SEP] 연애 이야기만 해. 했던 말을 반복해서 들어서 너무 지겨워. [SEP] 했던 말을 반복해서 지루하다고 느끼시는군요. [SEP] 남자친구랑 싸우고 화해한 이야기를 계속 들어주고 있어.  남의 연애사에 참견하기도 싫은데 말이지. [SEP] 남의 연애사를 듣기 싫지만 들으시는군요.,E19,Pro_05110,Pro_05110_00055,Pro_05110,-0.0152496416121721,-0.2154894918203354,-0.2840755879878998,-0.3372244238853454,0.1773321330547332,0.0591444373130798,-0.1473427563905716,-0.0120483133941888,0.0432551503181457,0.2718326449394226,0.0567580908536911,-0.1437342464923858,-0.1091574504971504,-0.0982891321182251,-0.136513277888298,-0.0127288186922669,-0.0919589474797248,-0.2422553449869156,-0.1988323181867599,0.1518490314483642,0.0145838083699345,0.0272379610687494,-0.094592697918415,-0.0936866775155067,-0.1268065124750137,-0.0813047736883163,-0.3211087584495544,0.2044335156679153,-0.2454935163259506,0.2072706818580627,-0.296987235546112,-0.0654357448220253,-0.1920016556978225,0.0227272566407918,0.0683603882789611,0.3691653311252594,0.0422646887600421,0.0927715674042701,-0.1512161642313003,0.0299276765435934,-0.2445270717144012,0.2421240955591201,-0.1059876307845115,-0.0850919634103775,-0.0975346341729164,-0.0193215403705835,0.0573507361114025,-0.0885749980807304,0.0744669586420059,-0.0927098765969276,-0.5332271456718445,0.1330147683620453,0.2719112634658813,-0.397455096244812,-0.0874481722712516,-0.0010108646238222,0.1497623175382614,-0.1947342753410339,0.2568608522415161,0.0076269409619271,-0.0146158393472433,0.2619427144527435,0.1613592654466629,0.1408188045024871,0.0990161076188087,0.2576065957546234,0.500428318977356,0.3567979335784912,1
s_000098,회사에서 드디어 내 연봉을 인상해줬어. 이제야 회사 생활이 풀리는 것 같아. [SEP] 연봉이 인상돼서 기쁘시겠어요. 회사에서 인정받을 수 있었던 이유가 있을까요? [SEP] 항상 성실하게 지각 한번 없이 일했어. 마감 기한을 어긴 적도 없어. [SEP] 성실하게 회사 생활을 하셨군요. [SEP] 열심히 살면 언젠가는 보상을 받는 것 같아. [SEP] 성실함이 연봉 인상이라는 좋은 성과를 끌어냈군요.,E64,Pro_03835,Pro_03835_00025,Pro_03835,-0.1821527332067489,-0.1637605428695678,-0.2389375269412994,-0.0322793163359165,-0.0252774003893136,0.1522083133459091,-0.1362358033657074,-0.1408932656049728,0.0168428011238574,0.1980033218860626,-0.042813204228878,-0.2592578828334808,-0.1013373136520385,0.0439453981816768,0.0731883198022842,0.1825897991657257,-0.0074663339182734,-0.3205325305461883,-0.2371727079153061,-0.1395768970251083,-0.2207117974758148,0.0668410584330558,-0.0529063902795314,-0.2359735369682312,-0.0195386838167905,-0.0729275196790695,-0.4170891642570495,0.1867247819900512,-0.2115790843963623,0.3007091879844665,-0.1742648631334304,-0.1231515556573867,-0.2927053272724151,-0.3464124798774719,0.1142265498638153,0.3264597058296203,0.0606942474842071,0.089779794216156,-0.1629151403903961,-0.0702440291643142,-0.1510413736104965,0.2168290317058563,-0.2288017868995666,-0.1185909435153007,-0.0913679599761962,-0.148331731557846,0.2349669784307479,-0.0908889323472976,-0.0511945635080337,-0.1631264686584472,-0.4648356139659881,0.1487315893173217,-0.0121482778340578,-0.1189363375306129,-0.1764973998069763,-0.2326571494340896,-0.1256963610649109,-0.1383319199085235,0.3001510202884674,0.0847604870796203,0.0395082123577594,-0.0541178397834301,0.1512091308832168,0.1315729469060897,0.4271809458732605,0.4106949269771576,0.2877595722675323,0.2352063655853271,1
s_000099,요즘 부모님과 많이 부딪혀. [SEP] 어떤 일로 부딪히시나요? [SEP] 난 하고 싶은 일이 있는데 부모님은 안정적인 일만 하라고 하셔. 내 마음대로 하지도 못해. [SEP] 부모님과의 충돌로 힘드시겠군요. [SEP] 응. 그래도 난 내가 하고 싶은 일을 위해 노력할 거야. [SEP] 자신이 하고 싶은 일을 목표로 하기로 하셨군요.,E11,Pro_05342,Pro_05342_00029,Pro_05342,-0.0467328652739524,-0.2257347702980041,-0.2841798663139343,-0.3317925930023193,0.1600208133459091,0.0863403603434562,-0.1323677748441696,-0.0207789242267608,0.0439417921006679,0.2746860980987549,0.0711704418063163,-0.1505728960037231,-0.1000531390309333,-0.0870191901922226,-0.1128889396786689,0.019865071401,-0.0819526389241218,-0.2592237889766693,-0.1931815892457962,0.1177536621689796,-0.0037291659973561,0.0452751033008098,-0.0799634233117103,-0.0935210436582565,-0.1010821163654327,-0.075735792517662,-0.3417346179485321,0.2207526862621307,-0.2414373904466629,0.2089753895998001,-0.3055773079395294,-0.0960082709789276,-0.2109477519989013,-0.013625637628138,0.074359193444252,0.3706191778182983,0.0200425628572702,0.1097432225942611,-0.1503500193357467,0.0139829088002443,-0.2472251206636428,0.2289109081029892,-0.1313382536172866,-0.1171819865703582,-0.088452011346817,-0.0415751822292804,0.0805362313985824,-0.085639551281929,0.0728395879268646,-0.1074185445904731,-0.5332539081573486,0.1329047530889511,0.2501500248908996,-0.3718465566635132,-0.0683556273579597,-0.0102689117193222,0.1106320917606353,-0.2038397789001464,0.2684593200683594,0.0169714912772178,-0.0087669072672724,0.2455845922231674,0.1756016314029693,0.1489538252353668,0.1154994666576385,0.312725305557251,0.4880152940750122,0.3364224433898926,1
s_000100,진로가 뚜렷하게 정해진 친구를 보면 질투가 나요. 이런 마음을 어떻게 고칠 수 있을까요. [SEP] 친구에 대한 질투로 걱정이군요. 진로에 대해 고민이 많나요? [SEP] 딱히 정해진 것이 없어서 고민이에요. 미래에 무엇을 해야할지도 모르겠고요. 자신의 꿈을 정확히 알고있는 친구가 부러워요. [SEP] 진로를 가지고 있는 친구가 부럽군요. [SEP] 진로에 대해 생각해 볼 수 있는 시간은 많으니 급하게 생각하지 않을래요. [SEP] 진로에 대해 급하게 생각하지 않을 계획이군요.,E41,Pro_05372,Pro_05372_00039,Pro_05372,-0.0958737656474113,-0.1808022558689117,-0.2650992572307586,-0.2222842276096344,0.0885734111070633,0.0974263623356819,-0.1225112453103065,-0.0586211308836936,0.0291348006576299,0.2390944957733154,0.0276409070938825,-0.1805272549390792,-0.098715454339981,-0.0352910161018371,-0.0390467718243598,0.0664735361933708,-0.0417891107499599,-0.2669866681098938,-0.2060237973928451,0.0281335357576608,-0.0864914953708648,0.0558167286217212,-0.0753181502223014,-0.127372607588768,-0.0564872547984123,-0.0614922158420085,-0.3603560030460357,0.2099321037530899,-0.2141190022230148,0.2311491519212722,-0.2410929948091507,-0.1015677005052566,-0.2293756604194641,-0.1374365389347076,0.0878709554672241,0.3481418490409851,0.0272206161171197,0.0966976508498191,-0.1530167460441589,-0.0106946732848882,-0.2043175995349884,0.2179399877786636,-0.1626719087362289,-0.118626669049263,-0.09433314204216,-0.0817568525671958,0.1354662626981735,-0.0799696296453476,0.0178681034594774,-0.1235529705882072,-0.4954093396663666,0.1462463289499282,0.155862808227539,-0.2707323729991913,-0.0971581861376762,-0.0966504141688346,0.0239125043153762,-0.177700936794281,0.266433835029602,0.0359026081860065,0.0169792845845222,0.1291024982929229,0.1599386632442474,0.1437183916568756,0.2179681360721588,0.3422120809555053,0.390252947807312,0.3022494614124298,1
s_000101,이번에 좋은 제안이 들어와서 이직하게 될 거 같아. [SEP] 정말 축하할 일이네요. 이직하게 되면 어떤 점이 더 좋게 바뀌나요? [SEP] 연봉도 복지도 더 많이 좋아져. 업무도 내 적성에 더 맞을 거라고 생각해. [SEP] 이직해서 좋게 바뀌는 것들이 많아 보여서 다행이네요.,E64,Pro_05395,Pro_05395_00036,Pro_05395,-0.192087173461914,-0.1700915694236755,-0.2366907894611358,-0.0205555912107229,-0.0344354026019573,0.1628786027431488,-0.1346701979637146,-0.1478195786476135,0.0175306145101785,0.1956364959478378,-0.0438455194234848,-0.2657503187656402,-0.0977586805820465,0.0475722067058086,0.0813504010438919,0.197847306728363,-0.0061407284811139,-0.3270746767520904,-0.2356465011835098,-0.1554888039827346,-0.2288239002227783,0.0703621581196785,-0.0465274006128311,-0.2442553788423538,-0.0164912100881338,-0.0766001790761947,-0.4221290051937103,0.1859534084796905,-0.2134245783090591,0.3050151765346527,-0.1763089150190353,-0.1303719133138656,-0.2998306453227997,-0.3610548079013824,0.1154576167464256,0.3231789767742157,0.0596739947795867,0.0953744798898696,-0.1607399433851242,-0.0775501206517219,-0.1465922594070434,0.2131501138210296,-0.2359535843133926,-0.1231139749288559,-0.0868691504001617,-0.1549522429704666,0.2425711750984192,-0.091654285788536,-0.0516319796442985,-0.1676031202077865,-0.4610239565372467,0.1446601003408432,-0.0272190924733877,-0.1062696352601051,-0.1770875006914138,-0.2371583878993988,-0.1425594836473465,-0.1370110958814621,0.3051002025604248,0.0910202488303184,0.039481371641159,-0.0646890103816986,0.1543794721364975,0.1302690804004669,0.4406197667121887,0.4230672121047973,0.2828359007835388,0.2219466865062713,1
s_000102,요즘따라 아내와 사는 게 힘들어. 나는 혼자 사는 게 편한데 괜히 결혼했나 봐. [SEP] 요즘 가정생활 때문에 많이 힘드시군요. [SEP] 아내는 계속 노력하는데 나는 노력조차 안 해. 다 내 잘못이야. [SEP] 이런 상황에서 어떻게 행동하는 것이 좋을까요? [SEP] 생각을 좀 정리하고 아내와 다시 얘기해 봐야겠어. [SEP] 아내와의 대화로 문제가 잘 해결되길 바라요.,E12,Pro_07023,Pro_07023_00014,Pro_07023,-0.0061183515936136,-0.21027871966362,-0.2997852563858032,-0.3179293870925903,0.1832216680049896,0.0498141348361969,-0.2060769945383072,-0.0332054682075977,0.0408182889223098,0.2981400191783905,0.0272926837205886,-0.1797324568033218,-0.1574523746967315,-0.0680723562836647,-0.1282979398965835,-0.0196203235536813,-0.1120039969682693,-0.283720463514328,-0.2583337426185608,0.1454236656427383,-0.0217344053089618,0.0030815838836133,-0.1217706725001335,-0.1576003134250641,-0.1531114131212234,-0.0836086571216583,-0.3716841042041778,0.2092553377151489,-0.2744340300559997,0.2649182379245758,-0.2824544012546539,-0.0437073707580566,-0.2257437258958816,-0.0279979445040226,0.090888887643814,0.4196169674396515,0.0897563770413398,0.0514803603291511,-0.1992966830730438,0.0273692943155765,-0.2882574796676636,0.2993520200252533,-0.1237112209200859,-0.0619189739227294,-0.1275855600833892,-0.0196579732000827,0.0905145183205604,-0.1143229305744171,0.0449423417448997,-0.1065603569149971,-0.6015468239784241,0.1650098115205764,0.2827694714069366,-0.4249605238437652,-0.1770514994859695,-0.0755975618958473,0.1859824806451797,-0.1958160400390625,0.2894729971885681,0.0036591165699064,-0.0141553543508052,0.2384270429611206,0.1537806242704391,0.1546355187892913,0.1900479048490524,0.2539651095867157,0.544319212436676,0.4393897652626037,1
s_000103,길에서 여자 친구인 줄 알고 어떤 여자를 껴안아 버렸어. [SEP] 그래서 정말 당황스러웠겠어요. 그리고 어떻게 하셨나요? [SEP] 얼굴이 새빨개져서는 얼른 도망가 버렸지. [SEP] 괜찮아요. 실수할 수도 있죠. [SEP] 다음부터는 이런 실수 안 하겠지? 너무 창피해. [SEP] 가족끼리 사는데 그럴 이유가 있나요?,E50,Pro_05261,Pro_05261_00009,Pro_05261,-0.1345367729663849,-0.2177704572677612,-0.2660098373889923,-0.1963555365800857,0.0642431899905204,0.1450829654932022,-0.1305285543203354,-0.0872201919555664,0.0346568115055561,0.2480303198099136,0.0309162810444831,-0.213291123509407,-0.0964002460241317,-0.018769958987832,-0.0113868992775678,0.1278946697711944,-0.0476395636796951,-0.3107469081878662,-0.2133108377456665,-0.0308016967028379,-0.1192288547754287,0.0674134716391563,-0.0540778674185276,-0.1720135957002639,-0.0517519637942314,-0.0769252777099609,-0.4001730680465698,0.2182419747114181,-0.2345881909132003,0.2616071105003357,-0.2627479434013366,-0.1347137242555618,-0.2715756595134735,-0.2027657628059387,0.0991337150335311,0.3578861951828003,0.0265346262603998,0.1157374233007431,-0.1587079614400863,-0.0409241318702697,-0.2127151042222976,0.2187136113643646,-0.1999150663614273,-0.1425857692956924,-0.0811724886298179,-0.1081820204854011,0.1733095049858093,-0.0908444002270698,0.0187905542552471,-0.1478450298309326,-0.5136234164237976,0.1375853717327118,0.1148199737071991,-0.2461191415786743,-0.112390786409378,-0.1220569536089897,-0.0278598293662071,-0.1831195056438446,0.3010633885860443,0.0584914460778236,0.0137948365882039,0.1009688898921012,0.1794873178005218,0.1478672623634338,0.2813604474067688,0.4060330986976623,0.4017134308815002,0.2760169506072998,1
s_000104,언제부턴가 직장 동료들 사이에서 친구들 사이에서 혼자가 된 것 같아. 왜 이렇게 됐는지 모르겠고 당황스러워. [SEP] 동료와 친구들의 관계 속에서 고립감을 느끼고 계시는군요. 자세하게 말씀해 주시겠어요? [SEP] 그냥 막연한 느낌이야. 같이 있어도 그들과 내가 따로 있는 것 같은 그런 느낌이 들어. [SEP] 그런 느낌이 들 때 어떻게 하시나요?,E51,Pro_05142,Pro_05142_00024,Pro_05142,-0.132229134440422,-0.1858827769756317,-0.2566897273063659,-0.1696255654096603,0.0504928342998027,0.1265516430139541,-0.118684746325016,-0.085003525018692,0.0273700580000877,0.2276124656200409,0.0153572848066687,-0.2050257176160812,-0.0921063497662544,-0.0127976927906274,-0.0012255044421181,0.1151873916387558,-0.0300850719213485,-0.2879539728164673,-0.2081422656774521,-0.0324978865683078,-0.1275572031736374,0.0665195360779762,-0.059905219823122,-0.1579966098070144,-0.0387511625885963,-0.0663755387067794,-0.3810790777206421,0.2075765281915664,-0.2135512679815292,0.2495713680982589,-0.2311301529407501,-0.120976872742176,-0.2537913024425506,-0.2072182446718216,0.0954813137650489,0.3388090431690216,0.0270651634782552,0.1058724746108055,-0.1512407958507537,-0.0345402620732784,-0.1875150501728058,0.2091488689184188,-0.1895418763160705,-0.1309542059898376,-0.0861872285604476,-0.1079851165413856,0.169368177652359,-0.0816446915268898,0.0029200771823525,-0.1395573019981384,-0.4826295375823974,0.1416431218385696,0.0991427525877952,-0.2188990712165832,-0.1081421375274658,-0.1312183588743209,-0.0361526533961296,-0.1698310673236847,0.2804060280323028,0.0551078394055366,0.0231562908738851,0.0757644549012184,0.1646087765693664,0.1411182731389999,0.2778905630111694,0.381906658411026,0.3587532937526703,0.2671209573745727,1
s_000105,결혼한 지 얼마나 됐다고 다른 남자를 만날 수 있어. 정말 구역질 난다. [SEP] 부인께서 다른 남자랑 만나신 걸 보신 건가요? [SEP] 응 내가 직접 봤어. 어떻게 해결해야 할지 모르겠어. 머리가 복잡해 [SEP] 직접 그 상황을 목격하셨다니 머리가 복잡하시겠어요.,E17,Pro_03668,Pro_03668_00003,Pro_03668,-0.0585037991404533,-0.2215224057435989,-0.2735995948314667,-0.2199690639972686,0.1165408715605735,0.0953258946537971,-0.1894267201423645,-0.0754477381706237,0.0392325446009635,0.2586282193660736,-0.0021002113353461,-0.2139874994754791,-0.1290488243103027,-0.0471481271088123,-0.0770585387945175,0.0638215243816375,-0.0921601057052612,-0.2970370948314667,-0.2406673431396484,0.0496130101382732,-0.0757995694875717,0.0177416559308767,-0.0876654461026191,-0.2027286142110824,-0.1358240991830825,-0.1056135594844818,-0.3740607500076294,0.1812058836221695,-0.2697252631187439,0.2803044319152832,-0.2643673717975616,-0.0654540359973907,-0.2477215975522995,-0.1246553808450698,0.0901916846632957,0.374123603105545,0.0943188518285751,0.0761689469218254,-0.1724087744951248,-0.0098294243216514,-0.2283008098602295,0.2684932351112366,-0.1493054330348968,-0.0639290809631347,-0.1022102087736129,-0.0535504408180713,0.1261680275201797,-0.1115057617425918,0.0317831076681613,-0.1208532154560089,-0.5458468794822693,0.1349967122077942,0.1779754608869552,-0.3374025821685791,-0.1827671080827713,-0.1048981770873069,0.0779384896159172,-0.1673389375209808,0.2967399954795837,0.0413135103881359,-0.010454180650413,0.1553662717342376,0.1543213576078415,0.1314439326524734,0.2662103474140167,0.2844877541065216,0.4741420149803161,0.3390492498874664,1
s_000106,열심히 공부했는데 취직이 안 되서 억울해. [SEP] 취직이 안 되서 많이 억울하시군요. [SEP] 요즘 자격증 공부를 하고 있어. [SEP] 취직을 위해서 자격증 공부를 하고 계시는군요.,E47,Pro_03818,Pro_03818_00018,Pro_03818,-0.0977878496050834,-0.2061969488859176,-0.2576445043087005,-0.1902488768100738,0.0778504610061645,0.1143513917922973,-0.1394227594137191,-0.0779692754149437,0.0340462662279605,0.230707436800003,0.0086046494543552,-0.2029563635587692,-0.0954483523964881,-0.0387853346765041,-0.040888424962759,0.0956717431545257,-0.0562009029090404,-0.2801838219165802,-0.2067835330963134,0.0058055762201547,-0.0939780175685882,0.0467518828809261,-0.0646061301231384,-0.1695150285959243,-0.0844428986310958,-0.0902082100510597,-0.3603318035602569,0.1861176639795303,-0.2351063638925552,0.2512755990028381,-0.2493734061717987,-0.0959445163607597,-0.2410135716199875,-0.1562996953725814,0.0852101817727088,0.3362131118774414,0.0530799962580204,0.1025234758853912,-0.1451972275972366,-0.0230449046939611,-0.1878729313611984,0.2219582051038742,-0.1627001464366912,-0.0975280925631523,-0.0841248109936714,-0.0800490155816078,0.1382027715444564,-0.0901591628789901,0.0252836961299181,-0.1252937316894531,-0.4871464073657989,0.1250305920839309,0.1273602694272995,-0.2660284340381622,-0.1257754266262054,-0.0984165146946907,0.0056279227137565,-0.1631102710962295,0.278949111700058,0.0523321591317653,0.0048013818450272,0.1169289052486419,0.1592199653387069,0.127773642539978,0.2527869343757629,0.3268190920352936,0.4001609683036804,0.2717403769493103,1
s_000107,일을 처음엔 좋아서 시작했는데 사람들이 난 틱 장애가 있다고 일에서 배척해서 너무 슬퍼. [SEP] 틱 장애라는 이유로 직장 사람들이 배척해서 스트레스가 많으셨군요. [SEP] 난 사람이랑 대화하는 거 좋아하는데 이젠 흥미도 사라지고 있어. 직장 그만둘까? [SEP] 이 상황에서 벗어나기 위해 무엇을 할 수 있을까요? [SEP] 좋아하는 일을 직장 사람들 때문에 그만두지 않을 거야! 일에서 배척될 때마다 맞서겠어! [SEP] 이 상황을 사람들에게 맞서면서 잘 극복해 내시길 응원할게요!,E38,Pro_08969,Pro_08969_00019,Pro_08969,-0.0967107191681861,-0.2555025815963745,-0.2805709838867187,-0.2345454394817352,0.1065606698393821,0.1398416459560394,-0.1789150089025497,-0.0858421921730041,0.0452483817934989,0.2766599059104919,0.027720283716917,-0.2260542809963226,-0.1208249703049659,-0.038859624415636,-0.0568954423069953,0.1096699312329292,-0.0923859924077987,-0.3312742412090301,-0.2367414832115173,0.0117394300177693,-0.0896058082580566,0.0402833297848701,-0.0662642791867256,-0.2095715999603271,-0.1137052476406097,-0.1055860444903373,-0.4099425673484802,0.2092511355876922,-0.2787305116653442,0.2889008224010467,-0.2973769307136535,-0.1118779927492141,-0.2810006439685821,-0.1607402265071869,0.0994917601346969,0.3890022039413452,0.0660928562283515,0.1038483828306198,-0.1762597113847732,-0.0324598886072635,-0.249595895409584,0.2589068710803985,-0.1857236474752426,-0.1114538237452507,-0.0877993330359458,-0.0795225128531456,0.1548301428556442,-0.1138920560479164,0.0419026389718055,-0.1435982435941696,-0.5658719539642334,0.1321637779474258,0.1641094982624054,-0.324893981218338,-0.1610732674598693,-0.107090339064598,0.0380565971136093,-0.1884851306676864,0.3236950039863586,0.0539795905351638,-0.0100473845377564,0.1549774557352066,0.1820877492427826,0.1463579982519149,0.2844283282756805,0.367153912782669,0.4901778697967529,0.3216561079025268,1
s_000108,얼마 전 이혼한 친구 남편을 길에서 만났어. 초췌한 모습이 보기 안 좋더라. [SEP] 노년에 이혼하셨나 보네요. [SEP] 늘 집 밖으로 다녀 내 친구 속을 썩이더니 결국 이혼을 했어. [SEP] 그런 일이 있었군요. [SEP] 아내 없이 의식주 해결하는 일이 힘드니 이제야 후회를 하더라. 있을 때 좀 잘 할 일이지. [SEP] 곁에 있는 사람에게 잘해야겠네요.,E51,Pro_11382,Pro_11382_00028,Pro_11382,-0.123845487833023,-0.1595085859298706,-0.2545894682407379,-0.1554898172616958,0.0475737005472183,0.1064843833446502,-0.1209508553147316,-0.0826540514826774,0.0216224230825901,0.2200413346290588,0.0014101630076766,-0.2011201977729797,-0.0993014946579933,-0.0056172241456806,0.0026237345300614,0.0964244455099105,-0.0220149271190166,-0.2755142152309418,-0.2154102772474289,-0.0254051778465509,-0.1342759728431701,0.0604251772165298,-0.0719771236181259,-0.1532124876976013,-0.0352024249732494,-0.0568525269627571,-0.3737010359764099,0.2025296986103058,-0.2027526050806045,0.2480176240205764,-0.2061186879873275,-0.1047175526618957,-0.2431721240282058,-0.209126740694046,0.0962186232209205,0.3369599878787994,0.0349171981215477,0.0894233733415603,-0.1557139009237289,-0.0264675375074148,-0.1811470538377761,0.2143525183200836,-0.1816989332437515,-0.117822341620922,-0.0971856117248535,-0.1044558361172676,0.1679059565067291,-0.079071469604969,-0.0124781299382448,-0.1339092701673507,-0.4767323136329651,0.1524673402309417,0.0995204746723175,-0.2125671803951263,-0.1188928037881851,-0.1468283981084823,-0.0258568879216909,-0.1623965501785278,0.2689284682273865,0.0483505427837371,0.0298489555716514,0.0609093755483627,0.1518517583608627,0.1401744931936264,0.2823623418807983,0.3594187498092651,0.3398599028587341,0.2828824520111084,1
s_000109,이 나라는 전혀 우리 세대를 생각하지 않아. [SEP] 나라가 젊은 세대를 고려하지 않는다고 생각하시는군요. 그렇게 생각하게 된 계기가 있나요? [SEP] 진로특강을 들었는데 요즘 세대들 배불렀다고 하잖아. 그런 사람들이 진로특강을 하는 나라니 망할 것 같아. [SEP] 젊은 세대를 이해하지 못하는 사람이 진로특강에 왔나 보네요. 정말 절망적인 생각이 들 법도 해요.,E26,Pro_05357,Pro_05357_00024,Pro_05357,-0.0484476648271083,-0.2075867801904678,-0.2754397690296173,-0.2879523336887359,0.1405219584703445,0.0786325559020042,-0.140192836523056,-0.0341230519115924,0.0387992970645427,0.2579569220542907,0.0428147390484809,-0.1626070588827133,-0.1040479093790054,-0.0741534158587455,-0.0982750356197357,0.0251202285289764,-0.0748863965272903,-0.2553098201751709,-0.2014583945274353,0.0985526069998741,-0.026797778904438,0.0375259481370449,-0.0843643471598625,-0.1147110760211944,-0.103700153529644,-0.0788005515933036,-0.3375291526317596,0.2030137628316879,-0.237228661775589,0.2204447835683822,-0.2777700126171112,-0.0800114944577217,-0.2097547799348831,-0.0448257513344287,0.0757159814238548,0.3590421676635742,0.0401243828237056,0.0963259041309356,-0.1504192948341369,0.0110892616212368,-0.2263129353523254,0.2329075634479522,-0.1293235868215561,-0.0958363562822341,-0.0938829556107521,-0.0442904159426689,0.0893505364656448,-0.0870432704687118,0.0540547929704189,-0.1057595014572143,-0.517498254776001,0.1341176182031631,0.2216162681579589,-0.3479208052158355,-0.0955639258027076,-0.0387463793158531,0.0961407870054245,-0.1860014051198959,0.2636067867279053,0.0221226084977388,-0.0044457954354584,0.2086122035980224,0.1614940762519836,0.139408603310585,0.152259960770607,0.2903516888618469,0.4593172371387481,0.3289924561977386,1
s_000110,요즘 부모님의 관계가 너무 안좋아서 슬퍼. [SEP] 부모님의 관계가 좋지않아 슬프시군요. [SEP] 내가 할 수 있는 일이 없어서 더욱 힘들어. [SEP] 좋지 않은 부모님의 관계를 위해 할 수 있는 일이 없어 속상하시군요.,E27,Pro_00078,Pro_00078_00022,Pro_00078,-0.0296761523932218,-0.1694516539573669,-0.2870864570140838,-0.2578093409538269,0.1435222625732422,0.0444739423692226,-0.1918975263833999,-0.0473898611962795,0.0294447466731071,0.2724645733833313,0.0024778866209089,-0.1862707585096359,-0.1541793495416641,-0.0397833324968814,-0.0870659574866294,-0.0066444277763366,-0.0814410522580146,-0.2740751802921295,-0.2606623768806457,0.104109339416027,-0.0646710991859436,0.010089130140841,-0.123049758374691,-0.1595081090927124,-0.1202218011021614,-0.0670527219772338,-0.3709069490432739,0.2028375416994094,-0.2477200031280517,0.2656781077384949,-0.2350538820028305,-0.0418208241462707,-0.2240811586380005,-0.0876506194472312,0.0958461239933967,0.4014087319374084,0.0880939662456512,0.04061109572649,-0.1973460018634796,0.0199710521847009,-0.2580090165138244,0.2878934144973755,-0.1342715770006179,-0.0615012124180793,-0.1335702836513519,-0.039980761706829,0.1148935779929161,-0.1051009446382522,0.0099598634988069,-0.1102721616625785,-0.5721170902252197,0.175994724035263,0.2344758063554763,-0.366603285074234,-0.1823069602251052,-0.1203417554497718,0.1419776678085327,-0.1792091131210327,0.2763623297214508,0.0090265637263655,0.0048496006056666,0.1723732501268386,0.1395590156316757,0.1512711346149444,0.2316064983606338,0.2606054246425628,0.473617821931839,0.4211850762367248,1
s_000111,곧 은퇴구먼. 퇴직금 관리는 아내에게 맡겨야겠어. [SEP] 아내분이 재정 관리를 잘하시나 봐요. [SEP] 돈 관리는 아내가 누구 보다 믿을만하지. [SEP] 아내분 덕분에 참 든든하시겠네요. [SEP] 투자도 좋지만 잃지 않는 게 중요하지. [SEP] 성공적인 재정관리를 응원합니다.,E62,Pro_07193,Pro_07193_00001,Pro_07193,-0.199235051870346,-0.1666295528411865,-0.2515982687473297,-0.1098707914352417,-0.0080289579927921,0.1629494428634643,-0.0930864363908767,-0.1123422160744667,0.018421821296215,0.2194648534059524,0.0166338458657264,-0.2259471416473388,-0.0857818201184272,0.0357586294412612,0.0735272765159607,0.1728815585374832,0.0083131967112421,-0.3155946433544159,-0.2141165137290954,-0.121017500758171,-0.1969404071569442,0.0979870706796646,-0.0440290980041027,-0.1673227846622467,0.0291495807468891,-0.0403154082596302,-0.4241662323474884,0.2346468418836593,-0.188901886343956,0.2629858255386352,-0.2041021287441253,-0.1662452071905136,-0.2890729308128357,-0.315371960401535,0.1148636713624,0.3401848971843719,-0.0046823220327496,0.1158284544944763,-0.1604721546173095,-0.0657740533351898,-0.1806029975414276,0.190143272280693,-0.2426252216100692,-0.1818234026432037,-0.0839850082993507,-0.1605891585350036,0.2321911603212356,-0.073881097137928,-0.0348008871078491,-0.1696658730506897,-0.4749020338058471,0.160489335656166,0.027128878980875,-0.1259434223175048,-0.0965985432267189,-0.1967320740222931,-0.1262701153755188,-0.1748339235782623,0.2950385212898254,0.0715507715940475,0.0496164299547672,-0.010800439864397,0.17603300511837,0.157727301120758,0.3533517718315124,0.4813272058963775,0.2916535139083862,0.2421604245901107,1
s_000112,사람은 누구나 나이가 들면 건강을 잃게 되고 죽음에 이르게 되지 않겠어. [SEP] 나이가 들면 건강을 잃게 되고 죽음에 이르게 되는군요. 죽음에 대한 걱정을 하고 계신가요? [SEP] 벌써 주변 친구들이 하나둘씩 세상을 떠나고 있어. [SEP] 친구분이 세상을 떠나셨다니 많이 속상하시겠어요. [SEP] 평생 일만 하느라고 스트레스를 많이 받은 친구들이 먼저 가네. [SEP] 일만 하다 돌아가셨다니 정말 안타까운 일이네요.,E51,Pro_10662,Pro_10662_00007,Pro_10662,-0.0619583316147327,-0.197400227189064,-0.2715739905834198,-0.272638738155365,0.1260086297988891,0.0824460908770561,-0.129304751753807,-0.0378657914698123,0.0356422923505306,0.2505501806735992,0.0414396300911903,-0.1629714071750641,-0.0991142615675926,-0.0651405304670333,-0.08203586935997,0.0343563705682754,-0.0625294223427772,-0.2535500228404999,-0.1980869174003601,0.0812074989080429,-0.040495254099369,0.0449162907898426,-0.0809238031506538,-0.1099105849862098,-0.0862500444054603,-0.0713516324758529,-0.3393233120441437,0.2058022916316986,-0.226345881819725,0.217215284705162,-0.2668458819389343,-0.0873120799660682,-0.2111057639122009,-0.0656705126166343,0.0774711593985557,0.3522906899452209,0.0313065499067306,0.098542109131813,-0.1478677541017532,0.0064381104893982,-0.2171101719141006,0.2238638401031494,-0.1368049532175064,-0.104783646762371,-0.0927806720137596,-0.0547176226973533,0.0993458554148674,-0.0820989236235618,0.0450040251016616,-0.1091792955994606,-0.5053178668022156,0.1368429064750671,0.2041907608509063,-0.3241313993930816,-0.0872333422303199,-0.0496453344821929,0.0745787397027015,-0.184095874428749,0.2601951658725738,0.0248794369399547,0.0027059623971581,0.1884593665599823,0.1610070019960403,0.140440285205841,0.161151498556137,0.3049414455890655,0.4345314502716064,0.317461609840393,1
s_000113,병원에 갔는데 치매 초기래. 내가 결국 이렇게 되려고 아등바등 일하고 살았나 몰라. [SEP] 병원 진단때문에 마음이 많이 아프셨겠어요. [SEP] 나이 들어서까지 승진과 돈 욕심에 휘둘려 살았던 내 모습이 지긋지긋해. [SEP] 이러한 부정적인 감정을 이겨내기 위해서는 무엇을 할 수 있을까요? [SEP] 잘 되었는지 몰라. 이제 마음 내려놓고 당분간 건강에 집중하고 살아야겠어. [SEP] 마음 편히 건강에 집중하셔서 치유가 될 수 있기를 바랄게요.,E13,Pro_12364,Pro_12364_00014,Pro_12364,-0.0372027903795242,-0.2100549191236496,-0.2803263962268829,-0.2843921780586242,0.1480608880519867,0.0723855048418045,-0.1643967032432556,-0.0397507846355438,0.0394198074936866,0.266448438167572,0.0305417235940694,-0.1740904599428177,-0.1204848885536193,-0.0702117010951042,-0.1045000106096267,0.0184281766414642,-0.087290808558464,-0.2664805650711059,-0.220598354935646,0.1047814413905143,-0.0311551187187433,0.0247029215097427,-0.0943591743707656,-0.1388513892889022,-0.1232284307479858,-0.0854622796177864,-0.3483761847019195,0.1985729038715362,-0.251528799533844,0.2398013174533844,-0.2762229144573211,-0.0663189738988876,-0.2173065245151519,-0.0496239848434925,0.0804609209299087,0.3743889629840851,0.0624603256583213,0.0818250551819801,-0.1643651872873306,0.0129108782857656,-0.2396498769521713,0.2546427547931671,-0.128279373049736,-0.0793960839509964,-0.1032059639692306,-0.0377132669091224,0.0926187336444854,-0.0973886549472808,0.0492304489016532,-0.1066271066665649,-0.5409733057022095,0.1403563618659973,0.2304471731185913,-0.3666324615478515,-0.1297320425510406,-0.0557104423642158,0.1172089949250221,-0.1839398890733719,0.2734765410423279,0.0204329788684844,-0.0085652796551585,0.2089456021785736,0.1571660935878753,0.1401642858982086,0.1768242567777633,0.2748931050300598,0.482074499130249,0.3560486137866974,1
s_000114,드디어 회사 프로젝트가 끝나서 너무 기뻐. [SEP] 큰 규모의 일을 마무리 지었다니 기쁘시겠어요. [SEP] 당분간은 야근이 없을 것 같아. [SEP] 당분간 야근이 없어서 좋으시겠어요. [SEP] 못 만난 친구들과 수다도 떨고 맛있는 걸 먹으러 돌아다니고 싶어. [SEP] 즐거운 회사생활이 되셨으면 좋겠어요.,E68,Pro_08999,Pro_08999_00006,Pro_08999,-0.2301669120788574,-0.1128907948732376,-0.2234755605459213,0.0426087230443954,-0.0850035771727562,0.1596447825431823,-0.0993587151169776,-0.1572178155183792,0.0020857478957623,0.1666610240936279,-0.0568039380013942,-0.2631124258041382,-0.0884115025401115,0.0850559100508689,0.1397725343704223,0.2118097245693206,0.0426768213510513,-0.3132610619068146,-0.2317972183227539,-0.206075444817543,-0.2776145040988922,0.0914600118994712,-0.0455695204436779,-0.2228876501321792,0.0484894439578056,-0.0409846119582653,-0.4252054691314697,0.1954614818096161,-0.166783794760704,0.293443500995636,-0.1176661625504493,-0.1438401788473129,-0.2972611486911773,-0.4224561154842376,0.1232729107141494,0.3021605014801025,0.0336721278727054,0.0891631245613098,-0.1583145409822464,-0.0864127725362777,-0.1140442714095115,0.187590479850769,-0.2560094892978668,-0.1462780386209488,-0.0932670459151268,-0.1875039637088775,0.2748533487319946,-0.0728652998805046,-0.0951329916715622,-0.1756956577301025,-0.4162484407424927,0.1654538214206695,-0.0847625657916069,-0.0127437254413962,-0.1567211598157882,-0.2849205732345581,-0.2037687748670578,-0.1272992938756942,0.2858758866786957,0.0934968218207359,0.0699694529175758,-0.1450457274913787,0.1438044309616089,0.1358940303325653,0.4736271202564239,0.4595603346824646,0.1860998570919037,0.2010111063718795,1
s_000115,요즘 회사에서 은근히 퇴직하라고 압박이 들어오는 거 같아. 고민 중이야. [SEP] 퇴직은 인생에서 가장 큰 고민거리죠! 어떻게 하실 건가요? [SEP] 나이가 차서 결국은 퇴직해야 할 거 같아. 퇴직금도 얼마 안 되는데 아들이 사업한다고 퇴직금 달라고 하는데 큰일이야. 사업하면 실패할게 뻔한데. [SEP] 퇴직하기로 결정하셨군요! [SEP] 아들 성격이 사업을 성공 할 수 없는 성격이야. 퇴직금만 날리게 돼. 아버지 퇴직금만 노리고 있으니 불행한 일이야. [SEP] 퇴직금 때문에 고민이겠어요!,E45,Pro_10896,Pro_10896_00019,Pro_10896,-0.0960577130317688,-0.2443751096725464,-0.2643916010856628,-0.1533518135547638,0.0758419409394264,0.135788157582283,-0.2010011821985244,-0.1138614043593406,0.0410411730408668,0.2488294392824173,-0.0238223075866699,-0.2537787556648254,-0.1255999654531479,-0.0247769374400377,-0.0410828031599521,0.1293487846851349,-0.0925023332238197,-0.3315912187099457,-0.2489951401948928,-0.0230668317526578,-0.1225741580128669,0.0221062004566192,-0.0679721534252166,-0.2607927024364471,-0.1366965025663375,-0.1269930452108383,-0.4021375179290771,0.1689700037240982,-0.2855652272701263,0.3148998320102691,-0.2629944682121277,-0.0829733088612556,-0.2837430834770202,-0.2079692482948303,0.0990502908825874,0.366679847240448,0.1110074445605278,0.0867412909865379,-0.1720558255910873,-0.0414843708276748,-0.2115072011947631,0.268322229385376,-0.179865077137947,-0.0659023597836494,-0.0904675647616386,-0.0793182328343391,0.1652497947216034,-0.1220971196889877,0.020835680887103,-0.1405161023139953,-0.5411753058433533,0.1215276047587394,0.1103637591004371,-0.2921300530433655,-0.2156901210546493,-0.145067423582077,0.0128431413322687,-0.1544332653284073,0.3230155706405639,0.0692509785294532,-0.0120319984853267,0.0981312021613121,0.1607158631086349,0.1230897158384323,0.3525208830833435,0.3207300901412964,0.4587613940238952,0.2966701686382293,1
s_000116,주변에서 왜 아기를 안 낳냐고 나보고 문제 있는 것 아니냐고 해서 상처받았어. [SEP] 아기를 못 낳는 것을 사용자님의 탓이라고 말하는 주변 분들의 말에 마음의 상처를 받으셨군요. [SEP] 개인적인 사정이 다 있는 건데 나를 이상 있는 사람 취급하니까. [SEP] 사정은 알지 못한 채 비정상 취급하는 말에 아주 힘드셨겠어요. [SEP] 혹 내가 이상이 있더라도 그런 말은 하면 안 되는 건데. [SEP] 너무 개인적인 일을 과하게 지적하여 많이 상처받으신 것 같아요.,E40,Pro_05251,Pro_05251_00048,Pro_05251,-0.0731928572058677,-0.1973724067211151,-0.2711713016033172,-0.2594522535800934,0.1159654632210731,0.0903495922684669,-0.1306529939174652,-0.0458058901131153,0.0347025543451309,0.2505079805850982,0.0383737534284591,-0.1712510287761688,-0.1007407680153846,-0.0557349324226379,-0.0695139169692993,0.0471908003091812,-0.0592747256159782,-0.2628072798252105,-0.2029094398021698,0.0637081563472747,-0.0551316626369953,0.0478777512907981,-0.0786385461688041,-0.1200810521841049,-0.0797426551580429,-0.0703699216246604,-0.3504952192306518,0.2085201442241668,-0.2267473340034485,0.2253960222005844,-0.2632480263710022,-0.09352308511734,-0.22091606259346,-0.0899042710661888,0.0819101482629776,0.3549480140209198,0.0314680077135562,0.0986391305923461,-0.1517150104045868,-0.0004157460934948,-0.2176587432622909,0.2248819321393966,-0.147307887673378,-0.1102187931537628,-0.0930237919092178,-0.0635276958346366,0.1125721931457519,-0.0836395025253295,0.0381187871098518,-0.1155248507857322,-0.5085546970367432,0.1396406441926956,0.1907497644424438,-0.3116895258426666,-0.0937583893537521,-0.0652758926153183,0.0599843114614486,-0.1838719546794891,0.266516238451004,0.0291954930871725,0.0056693130172789,0.172387346625328,0.1628181934356689,0.142610877752304,0.182914599776268,0.3204951286315918,0.4280949831008911,0.3153082430362701,1
s_000117,내가 당뇨가 있는데 합병증으로 고지혈증이 와서 치료비 걱정이 너무 커. [SEP] 그런 일이 있으셨군요. 걱정이 많이 되겠어요. [SEP] 돈을 어디서 바로 구할 수 있는 것도 아니고 어디서 치료비를 구해야 할지 모르겠어. [SEP] 치료비 걱정이 제일 크시겠어요. 지금의 상황을 어떻게 해결할 수 있을까요? [SEP] 친구들한테 내 사정을 털어놓고 돈 좀 빌려달라고 할까 봐. [SEP] 친구분들에게 털어놓고 잘 해결하시길 바랄게요.,E39,Pro_12390,Pro_12390_00006,Pro_12390,-0.0986590981483459,-0.2401095330715179,-0.2656698524951935,-0.1506412178277969,0.0738010853528976,0.1350701451301574,-0.2023861706256866,-0.1151795536279678,0.0397924520075321,0.2505276203155517,-0.0248365271836519,-0.255393236875534,-0.1290320754051208,-0.0195647608488798,-0.0361896455287933,0.1290828883647918,-0.0903794765472412,-0.3342603147029876,-0.2534789443016052,-0.0263370592147111,-0.128462553024292,0.0226478464901447,-0.070245012640953,-0.2620894014835357,-0.13261778652668,-0.1232168227434158,-0.4073950350284576,0.1724178344011306,-0.2842399477958679,0.317754864692688,-0.2589744627475738,-0.0837817788124084,-0.2865284979343414,-0.2158874571323394,0.1018326953053474,0.3710258305072784,0.1108303889632225,0.0834206119179725,-0.1765395849943161,-0.0420846082270145,-0.2151378840208053,0.2710691094398498,-0.1836228221654892,-0.068242646753788,-0.0935844480991363,-0.0822057947516441,0.1705940663814544,-0.1225260123610496,0.015635535120964,-0.1427106261253357,-0.5459226369857788,0.1267647743225097,0.1094817817211151,-0.2895264625549316,-0.2192239016294479,-0.1540050655603408,0.0122359851375222,-0.1555969417095184,0.3245353102684021,0.0683588087558746,-0.009375681169331,0.0921655222773552,0.1603744775056839,0.1261035352945327,0.3602222204208374,0.3261328935623169,0.45656618475914,0.3038010597229004,1
s_000118,요즘 엄마가 아빠 두 분 다 내 이야기를 들어주지 않으셔서 우울해. [SEP] 가족 중에 대화 상대가 없어서 우울하시군요. 어떤 이야기를 하고 싶으셨나요? [SEP] 일상적인 얘기도 편하게 하고 싶었어. 화만 내시니까 주눅 드는 기분이야. [SEP] 일상적인 이야기도 나눌 수 없어서 주눅이 든다고 생각하시는군요.,E24,Pro_01635,Pro_01635_00036,Pro_01635,-0.0417004078626632,-0.2101395577192306,-0.2779549062252044,-0.299359530210495,0.1488470286130905,0.0751466900110244,-0.1427759379148483,-0.0297756046056747,0.039912823587656,0.2622024416923523,0.0462006814777851,-0.1593598127365112,-0.106042556464672,-0.0787947922945022,-0.1063161417841911,0.0175013039261102,-0.079190507531166,-0.2541464567184448,-0.2020410150289535,0.1096891537308693,-0.018488610163331,0.0352819189429283,-0.0867398530244827,-0.1113879904150962,-0.1088981628417968,-0.0793564096093177,-0.3358930945396423,0.2042367905378341,-0.2399408370256424,0.2188817411661148,-0.282720685005188,-0.0774738937616348,-0.2073226869106292,-0.031446348875761,0.0747748464345932,0.3628989160060882,0.0408204533159732,0.0953566879034042,-0.1517591029405594,0.014759917743504,-0.2320408523082733,0.2359952479600906,-0.1253694891929626,-0.0942015424370765,-0.095001682639122,-0.0393005013465881,0.0835375264286995,-0.0879861712455749,0.0583364814519882,-0.1036860048770904,-0.5232670307159424,0.134525865316391,0.2331472933292389,-0.3597096800804138,-0.0949958637356758,-0.0317950099706649,0.1082135140895843,-0.1886118054389953,0.2634817063808441,0.0190314371138811,-0.006718426477164,0.2204080522060394,0.162042424082756,0.1404584795236587,0.1424660831689834,0.285033643245697,0.4700401425361633,0.3367098271846771,1
s_000119,요즘 너무 견디기가 힘들어. [SEP] 어떤 이유로 그러신 걸까요? [SEP] 내가 일을 그르친 게 있는데 머릿속을 떠나지 않아. 하루에도 수십번 생각하고 사람들의 시선이 두려워져. [SEP] 고통스러워 보이세요. 심리적 안정을 취할 좋은 방법을 생각해보시진 않으셨나요? [SEP] 그래. 그런 방법을 생각해내야 하겠어. 극단적인 생각까지 했는데 이건 정말 해서는 안 되는 일이잖아. [SEP] 그렇죠. 좋은 방법을 꼭 찾아내시길 바랄게요.,E15,Pro_10866,Pro_10866_00019,Pro_10866,-0.0542889796197414,-0.1823623478412628,-0.2939939200878143,-0.2996821701526642,0.1466629058122635,0.0669161900877952,-0.1601850688457489,-0.0346996337175369,0.0322127677500247,0.286138504743576,0.045700654387474,-0.1698354929685592,-0.1386988013982772,-0.0428205542266368,-0.0789117291569709,0.0058213854208588,-0.0703703388571739,-0.279792308807373,-0.2420934736728668,0.099401868879795,-0.0550492033362388,0.0368837863206863,-0.1084303855895996,-0.1198308691382408,-0.0836141034960746,-0.0493307448923587,-0.3831010460853576,0.236766442656517,-0.2357456982135772,0.2436787188053131,-0.2616923451423645,-0.0831252783536911,-0.2310832440853119,-0.0803614258766174,0.0975928083062172,0.4079441726207733,0.0397667028009891,0.0675923377275466,-0.1929383128881454,0.0141604058444499,-0.2748984396457672,0.2654334604740143,-0.1535644978284835,-0.113851748406887,-0.1221020370721817,-0.0565022751688957,0.1215535625815391,-0.0944340378046035,0.0235214196145534,-0.1207249388098716,-0.5761001110076904,0.1784888356924057,0.2459431886672973,-0.3604936301708221,-0.125256597995758,-0.0966620966792106,0.1225314959883689,-0.2046519964933395,0.2799960076808929,0.0072616441175341,0.0109082348644733,0.1936707347631454,0.162612035870552,0.1686272472143173,0.1929974108934402,0.3272974491119385,0.4746080040931701,0.4101742506027221,1
s_000120,남편의 벌이가 여유가 있지도 않고 가족에 대한 책임도 없는 것 같아서 불만스러워. [SEP] 남편의 모습이 가족에 대한 책임감이 없는 것 같아서 불만스러우시군요. [SEP] 그래서 항상 내가 아이들을 책임지고 키웠는데 이제는 너무 힘들어. 울고 싶어. [SEP] 지금의 기분에서 벗어나기 위해 무언가 할 수 있는 것은 있을까요? [SEP] 나가서 친구들과 대화를 하고 와야겠어. [SEP] 친구들과 대화로 기분이 풀렸으면 좋겠어요.,E37,Pro_08608,Pro_08608_00006,Pro_08608,-0.0723214671015739,-0.1817682385444641,-0.2805854082107544,-0.2168776988983154,0.1072273999452591,0.0815658196806907,-0.1821165382862091,-0.0718197003006935,0.0292574223130941,0.2653177976608276,0.0007892920402809,-0.2084096521139145,-0.1437055021524429,-0.0191873311996459,-0.0487688370048999,0.0479596480727195,-0.0693576782941818,-0.2983381152153015,-0.2582066655158996,0.0419423691928386,-0.1027934625744819,0.0267969314008951,-0.1030306667089462,-0.1834845244884491,-0.0966895595192909,-0.0703619495034217,-0.3951224088668823,0.2078276425600052,-0.2470163106918335,0.2801286876201629,-0.2346708327531814,-0.071952499449253,-0.2518153190612793,-0.1565872132778167,0.1036886498332023,0.3943292200565338,0.0776991546154022,0.057724792510271,-0.1941807270050048,-0.0063331881538033,-0.2462569028139114,0.2745983600616455,-0.1663552224636078,-0.0860360115766525,-0.121513195335865,-0.0699551478028297,0.1504463851451873,-0.1053525358438491,0.0003449525393079,-0.1292887777090072,-0.5628072023391724,0.1700875759124755,0.1817979514598846,-0.3182675242424011,-0.1808584481477737,-0.1475744545459747,0.077617697417736,-0.1775495409965515,0.2930806279182434,0.0290538817644119,0.0108910482376813,0.1265914291143417,0.1508730500936508,0.1521800905466079,0.2835343182086944,0.3166643381118774,0.4461671113967895,0.38165944814682,1
s_000121,점점 회사 퇴직 시기는 다가오니까 집사람이 나를 짜증 나게 해. [SEP] 퇴직 때문에 배우자분께서 힘들게 하시나 봐요. [SEP] 퇴직하면 노후에 무슨 일을 하고 살고 생계유지는 어떻게 할 거냐고 자꾸 닦달하잖아. [SEP] 배우자분과의 의사소통에 문제가 있으셨나 봐요.,E32,Pro_07163,Pro_07163_00017,Pro_07163,0.0010345686459913,-0.2188009768724441,-0.2972888052463531,-0.3516262471675873,0.1965385377407074,0.0491033494472503,-0.1801481395959854,-0.013455469161272,0.0444144494831562,0.2941446006298065,0.0512291155755519,-0.15459705889225,-0.1364340037107467,-0.092395506799221,-0.1475105732679367,-0.0302052702754735,-0.1098362654447555,-0.2614183127880096,-0.2289426624774933,0.1697434186935424,0.013187482021749,0.0123301828280091,-0.1119494661688804,-0.1171666905283927,-0.1480117738246917,-0.0825763419270515,-0.3444362878799438,0.2113099843263626,-0.2647305428981781,0.2321457862854004,-0.3010044693946838,-0.0521121360361576,-0.2047889083623886,0.0238452702760696,0.0779664292931556,0.402547538280487,0.0646289587020874,0.0718479007482528,-0.1778150498867035,0.0354037210345268,-0.278658390045166,0.2756977379322052,-0.108372151851654,-0.0734510198235511,-0.1140928864479065,-0.0107298679649829,0.0630728602409362,-0.1027745604515075,0.0689077824354171,-0.0962919071316719,-0.5792356729507446,0.1500140726566314,0.2998378276824951,-0.4327432215213775,-0.1282140761613845,-0.0234575327485799,0.1899205893278122,-0.2019231766462326,0.2734132409095764,-0.0004682503349613,-0.0185194257646799,0.2739877104759216,0.1600855886936187,0.1508669853210449,0.1233490258455276,0.2495096325874328,0.5436877608299255,0.4126731157302856,1
s_000122,나이가 들면 들수록 내가 세상으로부터 배척된 것 같아. [SEP] 세상으로부터 배척된 느낌이 들어서 많이 힘드시겠어요. [SEP] 너무 고독하고 허탈하지만 다 늙고 병든 내 잘못인 것만 같아. [SEP] 자책하지 않을 만한 방법이 뭐가 있을까요? [SEP] 책을 읽어 보면서 마음의 양식을 쌓아 보는 건 어떨까 싶네. [SEP] 독서를 통해 기분이 전보다 한결 나아지길 바랄게요.,E50,Pro_11381,Pro_11381_00014,Pro_11381,-0.0755972564220428,-0.1940019726753235,-0.2714124321937561,-0.2575235366821289,0.1138685941696167,0.0900787040591239,-0.1296156197786331,-0.0462589114904403,0.0337678268551826,0.2505466639995575,0.0382848791778087,-0.171393409371376,-0.1016012653708458,-0.0526940673589706,-0.0658495500683784,0.0473876260221004,-0.0567819289863109,-0.263365089893341,-0.2042765170335769,0.0611108019948005,-0.0587047189474105,0.0490949526429176,-0.0793864578008651,-0.1190803572535514,-0.0756167918443679,-0.0674280300736427,-0.3527844548225403,0.2106727659702301,-0.2245473563671112,0.2257149666547775,-0.2603292167186737,-0.0947471857070922,-0.2218799740076065,-0.0948252454400062,0.0832260176539421,0.3561699390411377,0.029836531728506,0.0974752381443977,-0.1533452570438385,-0.0008537544053979,-0.2184250950813293,0.2248801589012146,-0.1495580226182937,-0.1125630065798759,-0.0943350866436958,-0.0657950937747955,0.1156502142548561,-0.0830279663205146,0.0349815972149372,-0.1166926324367523,-0.5093238949775696,0.1424236446619033,0.1891821324825287,-0.3081957995891571,-0.0935822501778602,-0.069879226386547,0.0578465424478054,-0.184445708990097,0.2664492726325989,0.0287620183080434,0.0077437851577997,0.1682382076978683,0.1626493781805038,0.144239917397499,0.185987502336502,0.3244883716106415,0.424340009689331,0.3175020813941955,1
s_000123,요즘 주위 사람들이 너무 싫어. 가까워질수록 실망스러운 일이 많아. [SEP] 주위 사람들에게 환멸을 느끼셨군요. 무슨 일 때문에 그러는지 자세히 얘기해줄 수 있을까요? [SEP] 가까워지면 선을 넘는 사람이 많은 거 같아. 종종 내 자존감을 무너뜨리거든. [SEP] 자존감을 건드리면서 선을 넘는 사람들 때문에 크게 실망하셨군요.,E29,Pro_05120,Pro_05120_00033,Pro_05120,-0.0101616056635975,-0.2221129238605499,-0.2853661179542541,-0.3416804075241089,0.1826111376285553,0.0593849457800388,-0.1531203538179397,-0.0119946543127298,0.0450416691601276,0.2747651636600494,0.0564555414021015,-0.1454304158687591,-0.1110233142971992,-0.1021815165877342,-0.1431972980499267,-0.0139414919540286,-0.0982822999358177,-0.2446134090423584,-0.2004029005765915,0.1570681035518646,0.0196498930454254,0.0237435977905988,-0.0950472876429557,-0.0989589020609855,-0.1358493417501449,-0.0864843353629112,-0.3210563063621521,0.2020590752363205,-0.2517735362052917,0.210348829627037,-0.3026519119739532,-0.0626056641340255,-0.1928682178258896,0.029670326039195,0.0676223337650299,0.3715853095054626,0.0474807322025299,0.0925774648785591,-0.1519434005022049,0.0307017173618078,-0.2477684319019317,0.2462261021137237,-0.1033918112516403,-0.0804911106824874,-0.0971385464072227,-0.015134984627366,0.0537671819329261,-0.0914960727095604,0.0789500549435615,-0.0917589962482452,-0.538240373134613,0.1304028481245041,0.2771205008029938,-0.4066959321498871,-0.0928531661629676,0.0033580944873392,0.1570941358804702,-0.1948957741260528,0.2597241699695587,0.0077735763043165,-0.0185208935290575,0.2694734036922455,0.1619530916213989,0.1395493447780609,0.0980926901102066,0.2516054213047027,0.512121319770813,0.3595510125160217,1
s_000124,몸이 아프다 보니 가정생활이 제대로 이루어지지 않는 것 같아. [SEP] 가정생활에 관해 많은 고민이 있으신가 봐요. [SEP] 집안일도 제대로 못 하고 가정에 아무런 흥미가 없어. [SEP] 이러한 마음을 개선하기 위해서는 어떤 방법을 취할 수 있을까요? [SEP] 가족들과 상의를 해봐야겠어. [SEP] 가족들과의 상의를 통해서 문제가 반드시 해결되길 바라요.,E38,Pro_08609,Pro_08609_00018,Pro_08609,-0.0781976953148841,-0.2323638349771499,-0.2710941731929779,-0.2071842849254608,0.1022439152002334,0.1152179911732673,-0.1831683814525604,-0.0852162465453147,0.0405087769031524,0.2568586468696594,0.0015066924970597,-0.2227225601673126,-0.1218372210860252,-0.0411180406808853,-0.0624215230345726,0.0903742611408233,-0.088397167623043,-0.3085917234420776,-0.2364303916692733,0.0227547865360975,-0.0888412073254585,0.0267856307327747,-0.0759912654757499,-0.2114148885011673,-0.1259945034980774,-0.108757808804512,-0.3845251798629761,0.1846706569194793,-0.2709043323993683,0.2848703861236572,-0.2702406942844391,-0.0823013484477996,-0.2605237662792206,-0.1508831679821014,0.0927055031061172,0.3704119324684143,0.0866643786430358,0.0880395025014877,-0.1689190119504928,-0.0223115272819995,-0.2239610999822616,0.2602613270282745,-0.1638836413621902,-0.0780201330780983,-0.0939952135086059,-0.0667110979557037,0.1402484327554702,-0.1114224940538406,0.0321276672184467,-0.1296179443597793,-0.5414342284202576,0.1294328421354293,0.1559773683547973,-0.3180246949195862,-0.1770560294389724,-0.1105331405997276,0.048146191984415,-0.1685752719640731,0.3052213191986084,0.0510058924555778,-0.0094041619449853,0.1407826542854309,0.1621660888195037,0.1319004893302917,0.2836993038654327,0.313124269247055,0.4660755097866058,0.3173866868019104,1
s_000125,전공에 맞아 즐겁게 일할 수 있는 회사와 전공과 동떨어졌지만 급여가 좋은 회사 중에 어디에 취업해야 할지 결정 못 하고 있어. [SEP] 앞으로의 방향 결정으로 인해 조심스러우시군요. 특히 어떤 부분이 고민이신가요? [SEP] 내 삶에 무엇이 가장 중요한지 잘 모르겠어. [SEP] 결정을 내리는 데 무엇이 도움이 될까요?,E38,Pro_03809,Pro_03809_00025,Pro_03809,-0.1252918988466262,-0.2183429449796676,-0.2567021250724792,-0.0932491198182106,0.0370146259665489,0.1422486901283264,-0.1967087388038635,-0.1340479701757431,0.0323824435472488,0.2338272929191589,-0.0448225066065788,-0.2699532210826874,-0.1284047812223434,0.0075942454859614,0.0027176185976713,0.1535114198923111,-0.0696287602186203,-0.3395846486091614,-0.260011613368988,-0.0731357559561729,-0.1703134328126907,0.0293965600430965,-0.0673755630850792,-0.2774016559123993,-0.1080725565552711,-0.114926278591156,-0.4185569286346435,0.1693380624055862,-0.2706086337566376,0.3284220695495605,-0.2270339429378509,-0.0891501903533935,-0.2970449328422546,-0.276761382818222,0.1094228401780128,0.3613342940807342,0.1122519150376319,0.0777106434106826,-0.1787488460540771,-0.0553038492798805,-0.1952960789203643,0.2653831243515014,-0.2013201862573623,-0.0722044631838798,-0.0964311510324478,-0.103947564959526,0.1994690299034118,-0.1195783242583274,-0.0123010519891977,-0.1520649939775467,-0.5292829871177673,0.1344916820526123,0.0603928491473197,-0.2359171658754348,-0.2315921187400818,-0.1972068399190902,-0.033110786229372,-0.1438737511634826,0.3247086405754089,0.0779059305787086,0.0042062937282025,0.031363371759653,0.1538538187742233,0.1249728798866272,0.412458598613739,0.3460893034934997,0.4077276587486267,0.2873646020889282,1
s_000126,남자친구랑 오랫동안 연애를 했어. 이 사람이라면 믿고 결혼할 수 있겠어. [SEP] 결혼을 생각할 정도로 남자친구를 신뢰하시는군요. 어떤 면에서 그렇게 신뢰하게 되셨나요? [SEP] 우리가 십 년 연애했는데 그동안 늘 변함이 없었어. 십 년이면 믿을 만하지 않을까? [SEP] 오랜 연애 기간 동안 축적된 믿음이시군요.,E62,Pro_05273,Pro_05273_00009,Pro_05273,-0.1887804269790649,-0.1972570419311523,-0.2577803432941437,-0.1294618993997573,0.0093235038220882,0.1721410304307937,-0.1130772605538368,-0.1147555410861969,0.0259106401354074,0.2339817881584167,0.0204041209071874,-0.2349690198898315,-0.0917059108614921,0.0239550601691007,0.0534629449248313,0.1774595081806183,-0.0148684978485107,-0.3308905661106109,-0.2200037688016891,-0.1098569706082344,-0.1829501837491989,0.0893968939781189,-0.0419474393129348,-0.1885869354009628,-7.178634405136108e-06,-0.0591408647596836,-0.4314334094524383,0.2313611805438995,-0.2142210304737091,0.2765029370784759,-0.2313674092292785,-0.1646210253238678,-0.2989223301410675,-0.300531268119812,0.1144113168120384,0.352638840675354,0.0096574323251843,0.1196716129779815,-0.1645642668008804,-0.0675258561968803,-0.1971229761838913,0.2042571306228637,-0.2408822327852249,-0.1740453839302063,-0.080272227525711,-0.1509408950805664,0.2260153293609619,-0.0853039398789405,-0.0173968560993671,-0.1709053218364715,-0.49937704205513,0.1510975062847137,0.0441606901586055,-0.1620520502328872,-0.1135362908244133,-0.1836078315973281,-0.1071051657199859,-0.1792417913675308,0.3107846081256866,0.074602335691452,0.0357493497431278,0.0171497147530317,0.1832076758146286,0.1561149507761001,0.3556957840919494,0.4754834473133087,0.336998850107193,0.2497375309467315,1
s_000127,내가 시험을 잘 봤다고 해도 부모님이 기뻐하지를 않아. [SEP] 부모님께서 별 반응이 없어 슬프시군요. [SEP] 부모님은 내가 싫은 걸까? 이런 생각 때문에 아무것도 집중할 수가 없어. [SEP] 이런 마음이 들 때 예전에는 어떻게 극복하셨어요? [SEP] 그냥 참았어. 이번에는 대화해 볼까? [SEP] 부모님과 대화해서 좋은 결과 있길 바라요.,E35,Pro_00086,Pro_00086_00008,Pro_00086,-0.0586570911109447,-0.2359682768583297,-0.2747761011123657,-0.2376840114593505,0.1234530583024025,0.1032705903053283,-0.1836769878864288,-0.0709457397460937,0.042996197938919,0.2624518871307373,0.0104391062632203,-0.2094718068838119,-0.1218524873256683,-0.0571973919868469,-0.0856118127703666,0.0677924826741218,-0.0967621803283691,-0.2975638806819916,-0.2312047481536865,0.0553070493042469,-0.0625536292791366,0.0217613540589809,-0.08078084141016,-0.1954232305288314,-0.1380696296691894,-0.1099733486771583,-0.3710872530937195,0.184269905090332,-0.2733144462108612,0.2736081182956695,-0.281104028224945,-0.073870874941349,-0.2473594695329666,-0.1085122525691986,0.0867484882473945,0.3722950220108032,0.085676185786724,0.0877662673592567,-0.1661028414964676,-0.0106254136189818,-0.2307755500078201,0.2619976997375488,-0.1483566462993621,-0.0718413069844245,-0.094606339931488,-0.051628042012453,0.119109958410263,-0.1105115935206413,0.0453719720244407,-0.1205579042434692,-0.5448402762413025,0.1268343925476074,0.1853847652673721,-0.3457038402557373,-0.1674129068851471,-0.0843072310090065,0.0779960677027702,-0.1728345155715942,0.2984470427036285,0.0425648726522922,-0.0152196642011404,0.1738000065088272,0.1616531908512115,0.1313281506299972,0.2467290759086609,0.291962593793869,0.4860762655735016,0.328471839427948,1
s_000128,자다가 다리에 마비가 와서 잠을 설쳤어. [SEP] 자다가 몸에 마비가 왔군요. 어떻게 된 건가요? [SEP] 나도 처음이라 당황스러웠어. 어떻게 해야 하는 건지 생각이 멈추더라. [SEP] 그런 적이 처음이라 대처하기가 어려웠군요.,E25,Pro_08836,Pro_08836_00033,Pro_08836,-0.0436283908784389,-0.1386250853538513,-0.2938508987426758,-0.2963337302207947,0.1469296216964721,0.0350173115730285,-0.1535304337739944,-0.0229732971638441,0.0230204444378614,0.2793291807174682,0.0374039784073829,-0.1541367471218109,-0.1470372229814529,-0.033283557742834,-0.073236770927906,-0.0295437034219503,-0.0532935746014118,-0.2571697235107422,-0.2484703510999679,0.1171155497431755,-0.0594438873231411,0.0341691896319389,-0.1266631782054901,-0.0935358107089996,-0.0660784840583801,-0.0250982902944087,-0.3722601234912872,0.2403153181076049,-0.212289497256279,0.2311491519212722,-0.2278016358613968,-0.0661442652344703,-0.2116624265909195,-0.0735723003745079,0.0988735854625701,0.408564418554306,0.0367219969630241,0.0461212582886219,-0.1998679339885711,0.0293225198984146,-0.2721759378910064,0.267787367105484,-0.1432801187038421,-0.1074132248759269,-0.1387820988893509,-0.0530828610062599,0.1176707446575164,-0.0859245508909225,0.00210537831299,-0.1125546544790268,-0.5700759291648865,0.1994238644838333,0.2569510638713836,-0.3534854054450989,-0.123178943991661,-0.1131358593702316,0.1407444924116134,-0.201509490609169,0.2592011094093323,-0.0078329816460609,0.0245048906654119,0.1811011284589767,0.1473239213228225,0.1736243367195129,0.1809610724449157,0.3063856363296509,0.4447654783725738,0.4392809271812439,1
s_000129,소아마비로 몸이 불편하다 보니 삶에 의욕이 잘 생기지 않고 목표가 없어. [SEP] 몸이 불편하셔서 의지와 목표가 잘 생기지 않으시군요. 힘드시겠어요. [SEP] 왜 내가 이런 벌을 받는 건지 모르겠어. 전생에 무슨 잘못을 한 걸까. [SEP] 지금의 감정이 나아지려면 어떻게 해야 할까요? [SEP] 장애인 복지센터에 방문해서 내가 할 수 있는 일을 찾아봐야겠어. [SEP] 할 수 있는 일을 찾아서 조금씩 앞으로 나아가셨으면 좋겠어요.,E51,Pro_05142,Pro_05142_00019,Pro_05142,-0.0917336568236351,-0.2196791917085647,-0.2653502225875854,-0.1869316846132278,0.0852364525198936,0.1177541017532348,-0.1703222692012787,-0.0890656262636184,0.0367366597056388,0.2459224164485931,-0.001935732900165,-0.222257450222969,-0.1150736957788467,-0.0321942418813705,-0.0450759790837764,0.0995228365063667,-0.074064090847969,-0.3037510812282562,-0.2310906648635864,0.0041197827085852,-0.1029900982975959,0.0342663899064064,-0.0720924660563469,-0.2054750770330429,-0.1076254099607467,-0.1012971103191375,-0.3827545940876007,0.1849695742130279,-0.2579103708267212,0.2798546254634857,-0.2561316192150116,-0.0882074162364006,-0.2594250738620758,-0.1715701967477798,0.093360885977745,0.3596221506595611,0.0779672488570213,0.0903172120451927,-0.1639578193426132,-0.0267101414501667,-0.2098389565944671,0.2489607185125351,-0.1696324646472931,-0.0851891636848449,-0.0923074036836624,-0.0770462900400161,0.1490293741226196,-0.1052171140909195,0.0221413671970367,-0.131774827837944,-0.5238961577415466,0.130925714969635,0.134563460946083,-0.2894712388515472,-0.1675348728895187,-0.1207909286022186,0.0236227214336395,-0.1643325239419937,0.2991857528686523,0.0542050525546073,-0.0016524404054507,0.1170568391680717,0.1600107848644256,0.1310529708862304,0.2916312515735626,0.3242307007312774,0.4353661239147186,0.3013515770435333,1
s_000130,난 내가 아직도 뭘 하고 싶은지 모르겠어. 이런 내 모습이 한심하고 지긋지긋해. [SEP] 아직 꿈을 못 찾은 부분 때문에 자책하시고 있군요. [SEP] 이제 곧 대학도 진학해야 하는데 뚜렷한 꿈이 없어서 더 막막해. [SEP] 곧 대학도 가야 하므로 더 불안하시겠군요. 이 문제를 해결하기 위해서는 어떻게 하면 할까요? [SEP] 진지하게 스스로 생각해보고 주변 선생님들과도 이야기를 나눠 볼 생각이야. [SEP] 부디 진로 문제가 해결되고 꿈을 찾길 바라요.,E13,Pro_00184,Pro_00184_00005,Pro_00184,0.0107688894495368,-0.2975984513759613,-0.2955394387245178,-0.3435397744178772,0.2067276537418365,0.089493528008461,-0.2221818715333938,-0.0400841273367404,0.0626071393489837,0.3027293682098388,0.038486149162054,-0.193718820810318,-0.1344147026538849,-0.1174244359135627,-0.1786525696516037,0.0187593847513198,-0.1595229506492614,-0.2992581725120544,-0.230929747223854,0.1564320474863052,0.0287188906222581,-0.0075267101638019,-0.0902407243847847,-0.1955104768276214,-0.2199304550886154,-0.1465474516153335,-0.3525922894477844,0.1773378551006317,-0.3236883878707886,0.2716554999351501,-0.3534356951713562,-0.0486143566668033,-0.2334973663091659,0.0272698570042848,0.0717665404081344,0.4006533622741699,0.1107156127691268,0.0923419371247291,-0.1682774126529693,0.0156082976609468,-0.2782692313194275,0.2930366396903991,-0.106249064207077,-0.0407827571034431,-0.0907039046287536,0.0043265400454401,0.0549620538949966,-0.1296465396881103,0.1085730120539665,-0.1004189625382423,-0.5947356224060059,0.1044511571526527,0.2868341207504272,-0.4673952758312225,-0.1766233146190643,0.0037793226074427,0.1879948675632476,-0.1914461255073547,0.3109547197818756,0.0266067218035459,-0.0548323951661586,0.3006771206855774,0.1729837656021118,0.1274778842926025,0.1613694727420807,0.227783054113388,0.6198789477348328,0.3733836412429809,1
s_000131,향후 내가 하고 싶은 일이 뭔지 모르겠어. 다른 동료들은 대학교 학과도 이미 정했던데 나는 아직 잘 모르겠어. [SEP] 희망하는 장래희망을 찾지 못하셨나요? [SEP] 응 나만 늦어지는 거 같아 걱정이 많아. [SEP] 진로 고민 때문에 힘드시겠어요. 바라는 진로를 찾길 바랄게요.,E24,Pro_01755,Pro_01755_00025,Pro_01755,-0.0480695888400077,-0.2027803808450698,-0.275892972946167,-0.284214437007904,0.1393666416406631,0.0756962150335311,-0.1427658349275589,-0.0351420007646083,0.0375895462930202,0.2580942213535309,0.0395189523696899,-0.1639579832553863,-0.1074262112379074,-0.070599727332592,-0.0958073213696479,0.0227884408086538,-0.0737618580460548,-0.2558880448341369,-0.2056226134300232,0.0977794751524925,-0.0309330504387617,0.0361523702740669,-0.087312176823616,-0.1168594807386398,-0.1028419360518455,-0.0766611918807029,-0.3397993147373199,0.2033008188009262,-0.2363670915365219,0.2231134474277496,-0.2728102505207062,-0.0774721950292587,-0.2103894501924514,-0.0497002117335796,0.0773518458008766,0.3614884316921234,0.0427268706262111,0.0919737666845321,-0.1537438333034515,0.0116870636120438,-0.2276222705841064,0.2361361235380172,-0.1300842314958572,-0.0939829275012016,-0.0970797017216682,-0.0448531955480575,0.0920120477676391,-0.0876637697219848,0.0494771488010883,-0.1061750277876854,-0.5202356576919556,0.1379318386316299,0.2211647480726242,-0.3468600511550903,-0.1010783016681671,-0.0461056865751743,0.0979031324386596,-0.1852110922336578,0.2636498212814331,0.0210599210113286,-0.0027622696943581,0.2037801444530487,0.1594513803720474,0.1404558420181274,0.1585190594196319,0.2889523804187774,0.4572151601314544,0.3352573812007904,1
s_000132,이번에 새로 옮긴 회사는 업무도 깔끔하고 동료들도 정말 좋아서 마음에 들어. [SEP] 새로 옮긴 회사가 마음에 드시는군요. [SEP] 그런데도 나는 좋은 일만 있으면 불안해하는 성격이야. [SEP] 좋은 일만 있으면 불안하시군요. 어떻게 하는 것이 좋을까요? [SEP] 걱정해 봤자 달라질 것 없으니 현재를 즐겨야겠어. [SEP] 현재를 즐기기 위해 지금 내가 할 수 있는 것에 어떤 것이 있나요?,E68,Pro_07439,Pro_07439_00017,Pro_07439,0.2101440727710724,0.2478043735027313,-0.1673422455787658,0.8559988141059875,0.8573060631752014,0.7531792521476746,-0.5408428907394409,-0.2272314578294754,0.2356789410114288,0.6043272614479065,0.6200851798057556,-0.142807200551033,0.955682635307312,-0.7648088335990906,0.8453479409217834,0.2983866930007934,-0.8972891569137573,0.3360292613506317,0.7883580327033997,-0.4733362793922424,0.0669638216495513,-0.1129134818911552,-0.3006209135055542,-0.959236979484558,0.2466041147708892,-0.8029972314834595,-0.2665215134620666,0.5923031568527222,-0.8429969549179077,-0.7129409313201904,-0.7469791173934937,0.8794220089912415,-0.8619789481163025,0.2261061668395996,-0.3100072145462036,0.9080138206481934,0.9153767824172974,0.7179690599441528,0.3960277438163757,-0.222664937376976,-0.1344798058271408,-0.3867062628269195,-0.6197429895401001,-0.0542903803288936,0.4129059910774231,-0.2853330671787262,0.5546444654464722,-0.5326551198959351,0.6940416097640991,-0.8426026701927185,-0.2411088645458221,0.580649197101593,0.6888642907142639,0.1752526611089706,-0.6594566702842712,-0.0933271571993827,0.2046978026628494,0.3675866723060608,0.0931671112775802,-0.7916812896728516,-0.5844129920005798,-0.7885745763778687,-0.1540883183479309,-0.0154201770201325,0.3707557320594787,0.3385539948940277,0.4442496597766876,0.2668103575706482,2
s_000133,어제 남편과 아들 진로 문제로 얘기하다가 부부 싸움을 했어. [SEP] 남편과의 다툼으로 속상하시군요. 어떤 부분 때문에 다투신 건가요? [SEP] 남편은 아들 일에 너무 관심이 없는 것 같아 관심을 가져달라고 얘기하다가 감정이 격해져서 싸우게 되었어. [SEP] 아드님 문제로 고민이신데 남편이 신경 쓰지 않아 걱정이시군요. [SEP] 눈물이 나오더라고. 누군가에게 고민을 얘기할 사람도 없어 말한 건데 남편이 나 몰라라 하니 얼마나 슬픈지. [SEP] 남편의 행동에 서러움이 가득하시군요. 남편과 어떻게 화해할 생각이신가요?,E43,Pro_08614,Pro_08614_00024,Pro_08614,-0.0426580347120761,-0.2449447512626648,-0.2823334634304046,-0.3084699809551239,0.1565908342599868,0.095533050596714,-0.1589205116033554,-0.038361582905054,0.0477257817983627,0.2747498154640198,0.0509589202702045,-0.1741175651550293,-0.1081033870577812,-0.0860332176089286,-0.1166541948914527,0.0376186370849609,-0.0992311537265777,-0.2766524851322174,-0.2060406655073166,0.1045179218053817,-0.0130123952403664,0.0317557118833065,-0.0783321112394332,-0.1385690569877624,-0.1312375515699386,-0.099354974925518,-0.3501294553279876,0.202641561627388,-0.2646695375442505,0.2357967644929886,-0.3104662299156189,-0.0850546583533287,-0.2251210808753967,-0.032389897853136,0.0760518759489059,0.3727774918079376,0.051102414727211,0.1052311509847641,-0.154157817363739,0.0057160938158631,-0.2450670301914215,0.2451700270175933,-0.1322741061449051,-0.0939355343580246,-0.0870698615908622,-0.0374992489814758,0.0860920697450637,-0.0992220416665077,0.0745365470647811,-0.1101129949092865,-0.5431674718856812,0.1224973052740097,0.2357098311185836,-0.3792697191238403,-0.1094908341765403,-0.0233791153877973,0.1095916405320167,-0.1931414008140564,0.2841755151748657,0.0277138799428939,-0.0194082874804735,0.2366576641798019,0.1731301695108413,0.139066606760025,0.1566531062126159,0.2954589128494262,0.5088695287704468,0.332071453332901,1
s_000134,난 아직 돌봐야 할 가족이 있는데 몸이 아파서 너무 속상해. [SEP] 몸이 많이 아프셔서 속상하시군요. [SEP] 마음이 너무 무겁고 아무에게도 말하지 못할 것 같아. [SEP] 마음이 많이 안 좋으시군요. 어떻게 하면 기분을 전환하실 수 있을까요? [SEP] 일단 잠시 나가서 산책을 해야겠어. 그러면서 생각해봐야겠다. [SEP] 산책으로 마음이 나아지셨으면 좋겠어요.,E27,Pro_07038,Pro_07038_00004,Pro_07038,-0.0459726229310035,-0.1506204158067703,-0.2890307307243347,-0.2729820907115936,0.1379902809858322,0.0442460142076015,-0.1643815636634826,-0.0361565314233303,0.0250086467713117,0.273313820362091,0.0231992546468973,-0.1691614836454391,-0.1464381515979766,-0.0324044562876224,-0.0711787715554237,-0.0116097368299961,-0.0602661520242691,-0.2654724717140198,-0.2509539723396301,0.1009982824325561,-0.0680721029639244,0.0283892229199409,-0.1214225739240646,-0.1209891512989997,-0.081251747906208,-0.0411278530955314,-0.3735371530056,0.2259086519479751,-0.223711222410202,0.2449541240930557,-0.2286189943552017,-0.0616982690989971,-0.2193913906812667,-0.0906382128596305,0.0983053371310234,0.4020109474658966,0.0536311864852905,0.0473679900169372,-0.1966326832771301,0.021492663770914,-0.2617871165275574,0.27112877368927,-0.1444019824266433,-0.0938210785388946,-0.1342273652553558,-0.0533935613930225,0.1219312101602554,-0.0921078249812126,0.0029968624003231,-0.1141649857163429,-0.5655217170715332,0.1888457685708999,0.23761647939682,-0.3474294543266296,-0.143433541059494,-0.1197092980146408,0.1282237470149994,-0.1916350871324539,0.2666000723838806,0.0021493290551006,0.0186508744955062,0.1683737486600875,0.1454682350158691,0.164343848824501,0.2074317932128906,0.2971273064613342,0.4468311965465545,0.4225112795829773,1
s_000135,반 애들이 내 가방에 걸레를 넣어서 구역질 나고 화가 나! [SEP] 속이 많이 안 좋으셨겠어요. [SEP] 아직도 울렁거리는 것 같아. [SEP] 지금 그 기분에서 벗어나기 위해 무엇을 할 수 있을까요? [SEP] 선생님께 사실대로 얘기하고 도움을 받아야겠어. [SEP] 실망이 컸겠군요. 내일부터는 다른 친구들과 어울리려고 하시네요.,E17,Pro_01868,Pro_01868_00012,Pro_01868,0.3880105018615722,0.770614743232727,0.7136770486831665,0.9869948029518129,0.9705398082733154,0.9252569675445556,-0.6822869777679443,-0.469477891921997,0.1338882446289062,0.43378946185112,0.8926535844802856,-0.3017517328262329,0.998297393321991,-0.868516743183136,0.933516800403595,0.7688076496124268,-0.9917363524436952,0.4429321885108948,0.99002206325531,-0.1966662406921386,0.4622296392917633,-0.274176687002182,-0.6079608201980591,-0.9953329563140868,0.498610109090805,-0.9564695358276368,-0.0870170965790748,0.8811797499656677,-0.823853611946106,-0.9875441789627076,-0.9473941922187804,0.9935162663459778,-0.9541071653366088,0.469442069530487,-0.7689557075500488,0.9939248561859132,0.9961628913879396,0.9527586102485656,0.5366528034210205,0.0542814508080482,-0.2343780845403671,-0.4292450547218323,-0.6461636424064636,0.2978022992610931,0.7493288516998291,-0.628613293170929,0.6140937209129333,-0.5263259410858154,0.938936710357666,-0.8099237084388733,-0.2367526292800903,0.7362139225006104,0.8280295133590698,0.3220022320747375,-0.8832899332046509,-0.4205172657966614,0.4019276797771454,0.88963782787323,-0.4179382026195526,-0.940522849559784,-0.8730891346931458,-0.9685852527618408,-0.252516895532608,0.6447084546089172,0.1774399280548095,0.2147099375724792,0.6393980979919434,0.3668494820594787,2
s_000136,다른 사람들과 만나는 건 너무나도 힘든 일이야. [SEP] 다른 사람을 만나는건 힘든일이군요. 어떤 점이 힘드신가요? [SEP] 모르겠어. 뭔가 사람들을 만나면 그냥 혼란스러워. [SEP] 사람들과 만남이 불안하고 혼란스러우시군요. [SEP] 내가 사람들과 원만한 관계를 유지할 수 있을까? 두려운 마음이 앞서네. [SEP] 인간관계에서 두려움을 느끼시는군요.,E34,Pro_03565,Pro_03565_00018,Pro_03565,-0.0745187550783157,-0.2370609492063522,-0.268030971288681,-0.2246007919311523,0.1081806570291519,0.1151589527726173,-0.1667225211858749,-0.0745425969362258,0.0425079464912414,0.2518042325973511,0.0138812158256769,-0.2085306346416473,-0.107656717300415,-0.0558438748121261,-0.0732057988643646,0.0858737304806709,-0.0863317474722862,-0.2942717373371124,-0.2173107266426086,0.0354342833161354,-0.0689941719174385,0.0322169959545135,-0.0690559893846511,-0.1887717396020889,-0.1231910958886146,-0.1093524396419525,-0.3664427399635315,0.1834282130002975,-0.2645013332366943,0.2652236223220825,-0.2799883782863617,-0.0865954831242561,-0.2474360167980194,-0.1219568699598312,0.0842195153236389,0.3565700054168701,0.0725260600447654,0.1007401421666145,-0.1539780050516128,-0.018128179013729,-0.2141453921794891,0.2442503422498703,-0.1540860533714294,-0.083235464990139,-0.0848713591694831,-0.0615718066692352,0.1237289607524871,-0.1041002869606018,0.0462552867829799,-0.1229838952422142,-0.5226695537567139,0.1185702309012413,0.1629764288663864,-0.3198941051959991,-0.148017480969429,-0.0793444812297821,0.0473650135099887,-0.1702432781457901,0.2946935892105102,0.0497178398072719,-0.0121180480346083,0.1603162288665771,0.1650383174419403,0.1277932375669479,0.2449306547641754,0.3082849979400635,0.4621787667274475,0.296771377325058,1
s_000137,어제 여자친구랑 크게 싸웠어. [SEP] 싸우다니 기분이 안 좋으시겠어요. 어쩌다가 싸우게 된 거예요? [SEP] 모르겠어 내가 무슨 잘못을 했는지 계속 짜증 내더라구. [SEP] 이유를 알 수 없어 답답하시겠군요. [SEP] 말마다 짜증을 내니까 나도 같이 짜증이 나더라고. [SEP] 여자친구의 태도에 화가 나셨겠어요.,E13,Pro_03664,Pro_03664_00018,Pro_03664,0.6855034828186035,0.9997233748435974,0.9998841881752014,0.9999999403953552,0.9999017119407654,0.9997989535331726,-0.9332278966903688,-0.9439110159873962,-0.4062844514846802,-0.6039974689483643,0.9990725517272948,-0.8607341051101685,1.0,-0.974188506603241,0.9996508955955504,0.9997508525848388,-0.9999996423721312,0.7423330545425415,0.9999999403953552,0.1896576285362243,0.962432622909546,-0.6526265740394592,-0.9779833555221558,-0.999999701976776,0.9736244082450868,-0.9998648762702942,0.5953019261360168,0.9995070099830629,-0.4986367225646972,-0.9999999403953552,-0.9999321103096008,0.9999999403953552,-0.9996923804283142,0.7644030451774597,-0.9993804693222046,0.9999998807907104,0.9999999403953552,0.9999881982803344,0.8879867792129517,0.8040162324905396,-0.4263747632503509,-0.756971538066864,-0.9135825037956238,0.9344012141227722,0.9977561235427856,-0.994997262954712,0.9096368551254272,-0.7962966561317444,0.9999260306358336,-0.6746176481246948,0.3717449903488159,0.9771349430084229,0.929550290107727,0.9880343675613404,-0.9989649057388306,-0.9823854565620422,0.6875945329666138,0.9999942779541016,-0.9908882975578308,-0.9997071027755736,-0.9995774030685424,-0.999999225139618,-0.566384494304657,0.9993547797203064,0.0974582731723785,0.1560887396335601,0.6895561218261719,0.358289897441864,4
s_000138,아들한테 손자가 너무 보고 싶다고 했는데 바빠서 올 수 없다고 해서 화가 나네. [SEP] 손자가 보고 싶은데 올 수 없다고 해서 화가 나신 거군요. [SEP] 손자들이 너무 보고 싶은 마음에 서운해서 화가 났던 거 같아. [SEP] 손자들이 너무 보고 싶은 마음에 서운해서 화가 났던 것 같군요. 어떻게 하면 기분이 나아질 수 있을까요? [SEP] 손자한테 먼저 전화해봐야겠어. [SEP] 손자와의 전화로 기분이 나아졌으면 좋겠네요.,E12,Pro_11283,Pro_11283_00011,Pro_11283,0.0664235725998878,-0.3028881549835205,-0.3000050485134125,-0.404564768075943,0.256259024143219,0.0533500425517559,-0.2230907380580902,-0.0039000574033707,0.0683090314269065,0.3079592287540436,0.0527830272912979,-0.1583778411149978,-0.1311905831098556,-0.1613398939371109,-0.2386683076620102,-0.0418686270713806,-0.1799543648958206,-0.2620083689689636,-0.2134358584880828,0.2383426278829574,0.0983768180012703,-0.024338474497199,-0.1024821102619171,-0.1555228978395462,-0.2553003132343292,-0.154085636138916,-0.3046338558197021,0.1650928258895874,-0.3280078172683716,0.2396706193685531,-0.3735970556735992,-0.0180363710969686,-0.1914315521717071,0.1417220532894134,0.0523417815566062,0.3948934674263,0.1147782653570175,0.0900934860110282,-0.1545044332742691,0.0475671403110027,-0.2826367914676666,0.2946411967277527,-0.0572015084326267,-0.0129328798502683,-0.0909571424126625,0.0476916171610355,-0.0070556276477873,-0.1261336207389831,0.142103761434555,-0.0716765150427818,-0.5904320478439331,0.091975636780262,0.3507198691368103,-0.5240182876586914,-0.1544612497091293,0.0756149366497993,0.2599880397319793,-0.1942061334848404,0.2870016992092132,0.0061746388673782,-0.0711696818470954,0.3741414546966553,0.1657824367284774,0.1184722781181335,0.0640935748815536,0.154370978474617,0.6623334288597107,0.391374409198761,1
s_000139,동호회 사람들이랑 같이 있어도 무인도에 홀로 있는 기분이야. 고립되어 있는 것 같아. [SEP] 사람들과 함께 있어도 고립되어 있는 느낌을 받으시는 군요. [SEP] 나는 내향적인 성격인데 친목 동호회에 가입하다 보니 더 그런 것 같아. [SEP] 나는 내향적인 성격인데 친목 동호회에 가입하다 보니 더 그런 것 같군요. 이 상황에서 할 수 있는 게 어떤 것이 있을까요? [SEP] 친목 동호회 보다는 정적인 독서 동호회가 낫겠어. [SEP] 독서 동호회 안에서 고립된 기분을 푸시면 좋겠네요.,E43,Pro_05134,Pro_05134_00019,Pro_05134,-0.1435907632112503,-0.1935113817453384,-0.2616536915302276,-0.1631051748991012,0.0454407632350921,0.138467401266098,-0.1298507302999496,-0.0953061655163765,0.0280175898224115,0.2378721982240677,0.0147700225934386,-0.2190069705247879,-0.1012989655137062,-0.0006643384112976,0.0101897651329636,0.1298707723617553,-0.0335387736558914,-0.3087745606899261,-0.2220555543899536,-0.0499680861830711,-0.1441209465265274,0.0677077248692512,-0.0596782527863979,-0.1777600646018982,-0.0370838791131973,-0.066889114677906,-0.4044153988361358,0.2160985171794891,-0.2226956784725189,0.2673967182636261,-0.2348477095365524,-0.1297163516283035,-0.2727826535701751,-0.2351527661085128,0.1042560487985611,0.3548596501350403,0.0309765394777059,0.1037306413054466,-0.1640775948762893,-0.0433084182441234,-0.2026831209659576,0.2200669944286346,-0.2059052139520645,-0.1391286700963974,-0.0892306417226791,-0.1175488904118537,0.1881608068943023,-0.088579460978508,-0.003556111594662,-0.1504268944263458,-0.505736231803894,0.1487133055925369,0.092708371579647,-0.2175645679235458,-0.1252378225326538,-0.1534813046455383,-0.0434309653937816,-0.1749477237462997,0.2965988516807556,0.0591414123773574,0.024296261370182,0.0639004334807396,0.1703789979219436,0.1483579874038696,0.3107692003250122,0.4068053364753723,0.3699807226657867,0.2797282934188843,1
s_000140,회사 일 때문에 스트레스가 폭발 직전이야. [SEP] 회사 일에 어떤 문제가 있으셨나요? [SEP] 담당 직원이 실수하는 바람에 중요한 계약을 놓치게 되었는데 그 책임을 내가 지게 되었어. [SEP] 팀원이 한 실수를 대신 책임져야 하니 많이 억울하고 화가 나시겠네요. [SEP] 생각할수록 화가 치밀어 올라서 힘드네. [SEP] 네. 그런 마음이 드는 게 당연하지요. 직장 문제 때문에 스트레스 많이 받으시겠네요.,E18,Pro_08949,Pro_08949_00016,Pro_08949,0.0089744180440902,-0.312504380941391,-0.2901135385036468,-0.3564537167549133,0.2086976170539856,0.099600151181221,-0.2032172977924347,-0.0330155678093433,0.066826730966568,0.2955509424209595,0.0527760721743106,-0.1826089173555374,-0.1138016879558563,-0.1350978314876556,-0.1885424703359604,0.027139151468873,-0.1592941731214523,-0.2880510985851288,-0.2055399864912033,0.1603812426328659,0.049278013408184,0.0005828588618896,-0.0755881890654563,-0.1774007380008697,-0.2190791964530944,-0.153917983174324,-0.3332674205303192,0.1730669140815735,-0.3208196759223938,0.2520513236522674,-0.3698151111602783,-0.0590219944715499,-0.2236393541097641,0.0534680858254432,0.061388149857521,0.3812415897846222,0.0950128659605979,0.113732561469078,-0.1471160352230072,0.0145557969808578,-0.2632614970207214,0.2716753780841827,-0.0986611023545265,-0.0485910810530185,-0.0744061842560768,0.0071816178970038,0.0386398583650589,-0.1226427257061004,0.1286697089672088,-0.0953668653964996,-0.5716335773468018,0.0846869647502899,0.2848908305168152,-0.4648157060146332,-0.143097847700119,0.0423848405480384,0.1754494309425354,-0.1920479834079742,0.303499162197113,0.0310795530676841,-0.0606737993657588,0.3188786506652832,0.179705336689949,0.1198527887463569,0.1236977279186248,0.2289000749588012,0.616605281829834,0.3354378342628479,1
s_000141,내가 하고 싶은 일을 하려면 많은 공부를 해야 하는데 막상 행동으로 옮기기 어려워. [SEP] 원하는 대로 되지 않아 속상하시겠어요. [SEP] 그래서 늘 무기력하고 슬픈 감정이 가득해. [SEP] 앞으로 이런 일이 있으면 어떻게 대처하실 건가요? [SEP] 선생님에게 어떻게 하면 좋을지 조언을 구할 거야. [SEP] 주변 사람들과의 대화로 잘 해결하시면 좋겠어요.,E36,Pro_01767,Pro_01767_00020,Pro_01767,-0.0664301961660385,-0.1774292290210724,-0.277424544095993,-0.2166631072759628,0.1084732934832573,0.0752850845456123,-0.1775791198015213,-0.0678124129772186,0.0287560783326625,0.2590385973453522,-0.0011494825594127,-0.2025550305843353,-0.1393452882766723,-0.0247204005718231,-0.0538792088627815,0.0412779599428176,-0.0676646083593368,-0.2878144383430481,-0.251869797706604,0.0493082515895366,-0.0957541838288307,0.0253799874335527,-0.1032357439398765,-0.1758446991443634,-0.0985820665955543,-0.071057952940464,-0.3829590678215027,0.2017713040113449,-0.2427974641323089,0.2723840475082397,-0.2312921732664108,-0.0662050321698188,-0.2422628402709961,-0.1441099941730499,0.099240094423294,0.3855916261672973,0.0777190402150154,0.0580519847571849,-0.1876135617494583,-0.0022758466657251,-0.2371560931205749,0.2696917057037353,-0.1577076166868209,-0.0798538774251937,-0.1201132759451866,-0.0650462433695793,0.1412831395864486,-0.102239154279232,0.0027202765922993,-0.1236302554607391,-0.5511425137519836,0.1660898327827453,0.1827303022146225,-0.317571073770523,-0.1748017817735672,-0.1379569768905639,0.0802636221051216,-0.173502042889595,0.2848915457725525,0.0276649519801139,0.0102094849571585,0.1301057487726211,0.1470079272985458,0.1475274562835693,0.2698734700679779,0.3020361661911011,0.4392177760601043,0.3742665648460388,1
s_000142,일할 때 내가 노래를 하면 다들 흥이 돋는다고 좋아해. [SEP] 동료분들이 사용자님의 노래를 좋아하는군요. 그럴 때 기분이 어떠신가요? [SEP] 기분이 좋지 뭘. 노래 부르는 건 늘 자신 있지만 그래도 인정을 받으면 기분이 더 좋아. [SEP] 사람들이 인정해 줘서 기분이 좋으셨군요. [SEP] 응. 박수 받고 칭찬 받는 건 언제나 으쓱하면서 기분이 좋잖아. [SEP] 으쓱한 기분이 들어 좋으셨군요.,E69,Pro_11400,Pro_11400_00026,Pro_11400,-0.1884821206331253,-0.1589661985635757,-0.2367032766342163,-0.0426463782787323,-0.0276192259043455,0.1536949723958969,-0.1160090640187263,-0.133057102560997,0.0159735567867755,0.1934064924716949,-0.0301964227110147,-0.2471033930778503,-0.0896486639976501,0.0401849970221519,0.07614316791296,0.1818237751722335,0.0029289936646819,-0.3101578950881958,-0.2226880937814712,-0.1385566890239715,-0.214572787284851,0.0771701261401176,-0.0472870953381061,-0.2119269520044326,-0.0020850754808634,-0.0641807839274406,-0.408753752708435,0.1934643983840942,-0.1982786655426025,0.2834098637104034,-0.1755371391773224,-0.1334542036056518,-0.2849563062191009,-0.3378693461418152,0.1106912046670913,0.3167798817157745,0.040472537279129,0.0997676327824592,-0.1535639762878418,-0.0690277144312858,-0.1440306603908538,0.2001679241657257,-0.2284830957651138,-0.1332495808601379,-0.0858813300728797,-0.1521763652563095,0.2307498604059219,-0.0818384736776351,-0.0474470779299736,-0.1616494357585907,-0.4476254880428314,0.1468463987112045,-0.0124057466164231,-0.1067041829228401,-0.1469142436981201,-0.2184232175350189,-0.1362722367048263,-0.1424348652362823,0.2909511029720306,0.0830945521593093,0.0436914414167404,-0.0497182123363018,0.1546503752470016,0.13328318297863,0.4012920558452606,0.4229106307029724,0.271602064371109,0.2204428911209106,1
s_000143,요즘은 확실히 몸이 예전 같지가 않아. 원래 건강하고 체력도 막강했는데 나이 드니 확실히 힘에 부치네. [SEP] 몸의 변화로 힘드신가 봐요. [SEP] 막연히 나는 신체 나이가 들지 않을 거라 생각했는데 그렇지 않네. [SEP] 그 마음이 이해가 가요.,E21,Pro_10572,Pro_10572_00025,Pro_10572,-0.0459652952849864,-0.1871623247861862,-0.2757188081741333,-0.2910758554935455,0.1407737731933593,0.0651473850011825,-0.1319101005792617,-0.0263497866690158,0.0344807095825672,0.255268394947052,0.0439121387898922,-0.1520285755395889,-0.1054725646972656,-0.0703234747052192,-0.0946449115872383,0.0087506026029586,-0.0645184740424156,-0.2433582842350006,-0.201291799545288,0.10709048807621,-0.0272230170667171,0.039620216935873,-0.0914275124669075,-0.0955728888511657,-0.0902120023965835,-0.0645829513669014,-0.3320045471191406,0.2083935141563415,-0.2233439832925796,0.2102481126785278,-0.2639425992965698,-0.0763693377375602,-0.199814572930336,-0.0395167544484138,0.0760362446308136,0.3588413596153259,0.0322328209877014,0.0893527865409851,-0.1523581147193908,0.0181853771209716,-0.2256455719470977,0.2302408218383789,-0.125782772898674,-0.0987454429268837,-0.1004506796598434,-0.0443735942244529,0.0873670503497123,-0.0809508338570594,0.0453198738396167,-0.10242410749197,-0.5128223299980164,0.1444361358880996,0.2281464487314224,-0.3428604304790497,-0.0861374959349632,-0.0429244562983512,0.1023584529757499,-0.1870895624160766,0.2526060342788696,0.0143975857645273,0.0031211760360747,0.20500248670578,0.1563930064439773,0.1435123831033706,0.1399492174386978,0.2870557904243469,0.443139374256134,0.3405612707138061,1
s_000144,겨우 구한 일자리인데 속없는 친구 놈이 치사하게 혼자만 돈을 버냐고 말해서 너무 화가 났어. [SEP] 친구때문에 상처를 받으셨군요. [SEP] 여유가 없어서 나이가 있어도 일 해야 하는 내 맘은 신경을 써 주질 않아. [SEP] 친구 분이 신경을 써 주지 않아서 속상하셨겠군요. 어떻게 해야 기분이 나아질까요? [SEP] 집에 가서 욕조에 따듯한 물을 받아 몸을 씻어야겠어. [SEP] 반신욕으로 기분이 나아지기를 바라요.,E41,Pro_10892,Pro_10892_00001,Pro_10892,-0.0278288330882787,-0.2253309190273285,-0.2814682424068451,-0.3151664137840271,0.1640317440032959,0.0740343183279037,-0.1544792056083679,-0.0268189329653978,0.0442640148103237,0.2697041630744934,0.0480697602033615,-0.1601686030626297,-0.1095843240618705,-0.0901828929781913,-0.1247159838676452,0.0111786983907222,-0.0940184891223907,-0.257172554731369,-0.2038996815681457,0.1266162544488906,-0.0026120410766452,0.0274891275912523,-0.0881691947579383,-0.1188021525740623,-0.1297558844089508,-0.0903765708208084,-0.3334077894687652,0.1997049897909164,-0.2535784244537353,0.2227932214736938,-0.2974622845649719,-0.0707984715700149,-0.2068377882242202,-0.0085992999374866,0.0720919445157051,0.368414968252182,0.0507592000067234,0.0955701023340225,-0.1525668650865554,0.0183710996061563,-0.2404314279556274,0.2444994300603866,-0.1173681616783142,-0.0843342244625091,-0.0939166694879531,-0.0279606208205223,0.0721047818660736,-0.0938173532485961,0.0707054883241653,-0.1002018898725509,-0.5346148610115051,0.1283738762140274,0.2497675418853759,-0.384649783372879,-0.1034315153956413,-0.0170027054846286,0.1288293451070785,-0.1902017891407013,0.2683684527873993,0.0178454406559467,-0.0160384159535169,0.2430475503206253,0.1637140214443206,0.1379165649414062,0.1329058408737182,0.2697226107120514,0.498611718416214,0.3440700173377991,1
s_000145,저번 명절에 친척들과 크게 싸왔더니 이번 명절에 아무도 안 와서 마음이 아파. [SEP] 명절에 아무도 오지 않아서 마음이 아프시군요. [SEP] 이러다 정말 나 혼자만 외톨이가 될까 봐 걱정이야. [SEP] 정말 속상하시겠어요. 이 외로움을 어떻게 하면 좋을까요? [SEP] 친척들에게 전화해서 보고 싶다고 이야기 해봐야겠어. [SEP] 세상이 변하는 걸 받아들여 상황을 극복하길 바라요.,E43,Pro_09814,Pro_09814_00071,Pro_09814,-0.0739421397447586,-0.1942103505134582,-0.2682270109653473,-0.2414442151784896,0.1087968796491622,0.0896636024117469,-0.1366300731897354,-0.0527002140879631,0.0335332006216049,0.2453548908233642,0.0268026087433099,-0.1785184144973755,-0.1031782329082489,-0.0509561412036418,-0.0646144449710846,0.0519052110612392,-0.0591121427714824,-0.2645099759101867,-0.2074944525957107,0.0548680759966373,-0.0644194260239601,0.0439392328262329,-0.0796759203076362,-0.1330550163984298,-0.0840123072266578,-0.0742581859230995,-0.35109943151474,0.2009274065494537,-0.2285064756870269,0.2329344898462295,-0.2548964619636535,-0.0875944197177887,-0.2230563908815384,-0.1034857332706451,0.082874946296215,0.3518903255462646,0.04167490452528,0.0938721522688865,-0.152553841471672,-0.0028200298547744,-0.2109831124544143,0.2283498048782348,-0.1475403606891632,-0.1010253056883812,-0.0945825949311256,-0.0644364207983017,0.1169067919254303,-0.0859425440430641,0.0320294499397277,-0.1158040389418602,-0.5052297711372375,0.1389339119195938,0.1789981871843338,-0.3042326271533966,-0.1078934520483017,-0.0768212303519249,0.0544359050691127,-0.1769697517156601,0.2675049901008606,0.0324265211820602,0.0058471416123211,0.1584247201681137,0.1582593470811844,0.1385810822248459,0.2010557502508163,0.3124553859233856,0.4215487241744995,0.3124544322490692,1
s_000146,주변 사람들 보면 나는 결혼하고 아이 키우는 삶을 살 수 있을지 걱정이야. [SEP] 주변에 어떤 것을 보고 그런 생각이 드신 건가요? [SEP] 나는 엄마와 직장인의 역할을 다 해낼 자신이 없어. [SEP] 두 가지 역할에 대한 부담감을 많이 느끼시는군요. [SEP] 주변에 이런 상황들 때문에 이혼한 사람들이 많아. [SEP] 주변에 두 가지 역할을 다 하는 것에 대해 장점을 느낀 사람에게 고민을 나눠보는 건 어떨까요.,E12,Pro_05223,Pro_05223_00026,Pro_05223,-0.0434036031365394,-0.2109238058328628,-0.2781800031661987,-0.3017553091049194,0.1488036066293716,0.0766644328832626,-0.1402958631515503,-0.0289369728416204,0.0400823131203651,0.2627113759517669,0.0489671789109706,-0.1581423133611679,-0.1046383455395698,-0.0791438445448875,-0.1057335585355758,0.0184972528368234,-0.0782759934663772,-0.2541756331920624,-0.200366660952568,0.1092107445001602,-0.017774062231183,0.0371406935155391,-0.0855598524212837,-0.1085369810461998,-0.106385700404644,-0.0782873332500457,-0.3362502753734588,0.206206813454628,-0.2389315515756607,0.2170841246843338,-0.2843260467052459,-0.0801915079355239,-0.2075211554765701,-0.0308644752949476,0.0747042447328567,0.3627728819847107,0.0375008955597877,0.0973512828350067,-0.1510387361049652,0.0143438456580042,-0.2325629889965057,0.234049841761589,-0.1264688074588775,-0.0975652486085891,-0.0940136015415191,-0.0403958410024642,0.0837808474898338,-0.0871107131242752,0.0593235194683074,-0.1042438298463821,-0.5227731466293335,0.1343741565942764,0.2334823459386825,-0.3588468432426452,-0.0907662436366081,-0.0298569556325674,0.1064520552754402,-0.190070629119873,0.2634365260601043,0.0190386697649955,-0.0063219754956662,0.2216225564479828,0.1634802222251892,0.1413556188344955,0.1395937204360962,0.289181113243103,0.4695124626159668,0.3351498544216156,1
s_000147,옆집의 싸우는 소리 때문에 나의 심장질환이 악화되는 것 같아서 걱정스러워. [SEP] 심장질환이 악화될까 봐 걱정되시겠어요. [SEP] 옆집에게 나의 건강에 대하여 말을 할지 고민 중이야. [SEP] 어떻게 하는 것이 가장 좋은 방법일까요? [SEP] 역시 솔직하게 말을 하여 조심해달라고 말하는 것이 좋은 방법인 것 같아. [SEP] 솔직하게 말을 하여 생각한 대로 잘 해결이 되었으면 좋겠어요.,E37,Pro_11308,Pro_11308_00002,Pro_11308,-0.0971031337976455,-0.2004370540380478,-0.2599807381629944,-0.15849170088768,0.0699761286377906,0.111320249736309,-0.1683031767606735,-0.0949508100748062,0.0315997265279293,0.2345201522111892,-0.0163298938423395,-0.2255375236272812,-0.1164283528923988,-0.0204743426293134,-0.030024180188775,0.1005870178341865,-0.0628372505307197,-0.298509418964386,-0.2348234206438064,-0.0097738895565271,-0.1202946752309799,0.0337468013167381,-0.0755548626184463,-0.2089095711708068,-0.0981059148907661,-0.0953639149665832,-0.3809372186660766,0.1793683320283889,-0.2478668391704559,0.2819927036762237,-0.2333094328641891,-0.0819979757070541,-0.2571157217025757,-0.1936933547258377,0.0953034162521362,0.3523552715778351,0.0824485421180725,0.0817768275737762,-0.1645800918340683,-0.02785150334239,-0.1966780126094818,0.2475898116827011,-0.1710131466388702,-0.0790802910923957,-0.0971206575632095,-0.0826317444443702,0.1572928875684738,-0.102528691291809,0.0060930298641324,-0.131653755903244,-0.511493444442749,0.1365152299404144,0.1153753772377967,-0.2662462592124939,-0.1758742034435272,-0.1413745433092117,0.0104789026081562,-0.1553080379962921,0.2929005920886993,0.0553061440587043,0.0056975535117089,0.0884858816862106,0.1513224840164184,0.1284912228584289,0.3109094500541687,0.3184770941734314,0.4074526131153106,0.2984349131584167,1
s_000148,친구한테 큰돈을 빌려줬는데 돌려받지 못했어. 이제 아무도 믿을 수 없어. [SEP] 친구에게 빌려준 돈을 받지 못해 사람을 믿을 수 없게 되셨군요. [SEP] 그것 때문에 빈털터리가 되었어. 난 이제 다시 일어설 수 없어. [SEP] 이 상황을 벗어나려면 어떻게 해야 할까요? [SEP] 일단 친구를 경찰에 신고하고 돈을 돌려받을 수 있게 노력해야지. [SEP] 경찰에 신고해서 돈을 돌려받을 수 있었으면 좋겠네요.,E42,Pro_08733,Pro_08733_00032,Pro_08733,-0.099624365568161,-0.2092279195785522,-0.2784475088119507,-0.2574012577533722,0.105517603456974,0.1145993322134018,-0.1341386437416076,-0.058019783347845,0.0356269851326942,0.2657400369644165,0.0487219095230102,-0.1867142468690872,-0.1072378829121589,-0.0377013199031353,-0.0471544712781906,0.0745041444897651,-0.0577613487839698,-0.292981743812561,-0.2155338525772094,0.0329082272946834,-0.079376146197319,0.0588496886193752,-0.0728066489100456,-0.1360633671283722,-0.0630339160561561,-0.0649252459406852,-0.3867976665496826,0.2296042889356613,-0.2332783043384552,0.243378072977066,-0.2727842628955841,-0.1189053133130073,-0.2498147636651992,-0.1337749511003494,0.094740591943264,0.3759699165821075,0.0214366149157285,0.1041395738720893,-0.1668509542942047,-0.0157313141971826,-0.2395963668823242,0.230624571442604,-0.1773415654897689,-0.1378395110368728,-0.0932093188166618,-0.0841709971427917,0.1432869285345077,-0.088956281542778,0.0308323912322521,-0.1343320161104202,-0.5362030267715454,0.1499854475259781,0.179527923464775,-0.3010297417640686,-0.0992922559380531,-0.0923476815223693,0.037687674164772,-0.1969085186719894,0.2891120016574859,0.0355430990457534,0.010556592606008,0.1564372479915619,0.1769469678401947,0.1570764034986496,0.2203574031591415,0.3767592906951904,0.4368318915367126,0.3249220550060272,1
s_000149,이제 취업하고 나니까 마음이 너무 편안한 거 있지. [SEP] 취업 준비로 많이 고생하셨을 텐데 그러시다 하니 저도 기뻐요. [SEP] 고마워. 이제 한시름 놓았어. [SEP] 잘 되었네요. 직장 구하느라 많이 고생하셨어요. [SEP] 그러게. 이제는 맘 편하게 친척 집도 갈 수 있을 거 같아. [SEP] 고생의 보람이 있네요.,E63,Pro_05394,Pro_05394_00038,Pro_05394,-0.1831702142953872,-0.1373732089996338,-0.2520093023777008,-0.1325142085552215,0.0044424855150282,0.1351503431797027,-0.0773101896047592,-0.0911163166165351,0.0135003216564655,0.2148089408874511,0.0231676585972309,-0.2001323699951172,-0.0841335207223892,0.0288441684097051,0.0633921176195144,0.1353067010641098,0.0199501197785139,-0.2869340181350708,-0.2059811055660247,-0.0877150297164917,-0.1792494505643844,0.0983728691935539,-0.0558961890637874,-0.1258461773395538,0.0417590551078319,-0.0209796149283647,-0.4026608467102051,0.2390383183956146,-0.1671204715967178,0.2369564920663833,-0.1888525187969207,-0.1547866314649582,-0.2629426717758178,-0.2801235020160675,0.1092730090022087,0.3349508345127105,-0.0180308744311332,0.1073586270213127,-0.1569756716489792,-0.047423493117094,-0.1775791645050048,0.1828961074352264,-0.2251360565423965,-0.1805501580238342,-0.0919821411371231,-0.1504065990447998,0.2131620198488235,-0.062397975474596,-0.0378794260323047,-0.1570758670568466,-0.4611567854881286,0.1706825792789459,0.053429540246725,-0.1331817358732223,-0.0719042718410492,-0.1817164570093155,-0.1013533025979995,-0.1767993420362472,0.2710297405719757,0.0555277243256568,0.0568231157958507,0.0048328158445656,0.1670318096876144,0.1606005281209945,0.3063275516033172,0.4584652185440063,0.2749387323856354,0.2584253549575805,1
s_000150,전 애인이 나랑 헤어지자마자 다른 사람을 사귀었어. 너무 배신감 들어. [SEP] 전 애인이 헤어지자마자 다른 사람을 사귀어서 많이 속상하셨겠네요. [SEP] 응. 마치 기다렸다는 듯이. 그 얘기 듣자마자 너무 화가 났어. [SEP] 화가 많이 나셨겠어요. 어떻게 하면 화가 좀 가라앉을 수 있을까요? [SEP] 친구들 만나서 스트레스나 풀어야겠어. [SEP] 친구들과 만나서 화도 가라앉고 스트레스도 다 풀렸으면 좋겠어요.,E10,Pro_05221,Pro_05221_00052,Pro_05221,0.0296114236116409,-0.2785852551460266,-0.2948823571205139,-0.3695259094238281,0.2219156324863433,0.0647300630807876,-0.2045106589794159,-0.0167379807680845,0.0600397326052188,0.2975569069385528,0.0489710755646228,-0.1653740257024765,-0.1274458020925521,-0.1318052560091018,-0.1951043754816055,-0.017386170104146,-0.1516884118318557,-0.2682844996452331,-0.2159456610679626,0.192777082324028,0.0559613481163978,-0.0066755204461514,-0.0976417511701583,-0.1522400081157684,-0.2127805799245834,-0.1330203413963318,-0.3236764073371887,0.1789090931415558,-0.3061141967773437,0.2416265904903412,-0.347686231136322,-0.0384654961526393,-0.2041873931884765,0.0773354545235633,0.0625191628932952,0.3908943235874176,0.0958636403083801,0.0903923735022544,-0.1586088091135025,0.0339203663170337,-0.272329568862915,0.2818607985973358,-0.0841938331723213,-0.0390668287873268,-0.0933466777205467,0.0179260540753602,0.0280759297311306,-0.1178656369447708,0.1142283529043197,-0.0855672881007194,-0.5785895586013794,0.107043482363224,0.3126377165317535,-0.4769409000873565,-0.1454163193702697,0.0335220359265804,0.212077721953392,-0.193480983376503,0.2866021394729614,0.012212561443448,-0.0517087280750274,0.3241755664348602,0.1663683354854583,0.1271360516548156,0.1028084680438041,0.2018233388662338,0.6086865067481995,0.3790960311889648,1
s_000151,며느리가 손자를 낳았지 뭐야. 보고 싶은데 내가 이렇게 병원에 있으니 아쉽네. [SEP] 손자가 보고 싶은데 병원에 계셔서 속상하시군요. [SEP] 응. 그래서 아들도 오늘은 병문안을 못 오겠다고 해. [SEP] 이 문제를 해결할 방법이 있을까요? [SEP] 아들이 간병인을 불러줬어. 오늘은 간병인과 함께 움직이면 될 거 같아. [SEP] 간병인의 도움을 받아 거동이 편해지셨으면 좋겠어요.,E24,Pro_09735,Pro_09735_00002,Pro_09735,-0.0860699787735939,-0.2415928244590759,-0.2818104326725006,-0.2531991004943847,0.1167178452014923,0.1241157352924346,-0.1691707372665405,-0.0715080425143241,0.0431335978209972,0.2759597599506378,0.0349092595279216,-0.209346666932106,-0.1192773208022117,-0.0451476871967315,-0.0655125007033348,0.0862607583403587,-0.086944356560707,-0.3148254752159118,-0.230789303779602,0.0346845984458923,-0.0752936601638794,0.0410918332636356,-0.0726883113384246,-0.1831971406936645,-0.1069691628217697,-0.0944870561361312,-0.3970383405685425,0.2134887129068374,-0.2673541903495788,0.2723829746246338,-0.2926305532455444,-0.1064854860305786,-0.265367180109024,-0.1335495710372924,0.0957257598638534,0.3871603906154632,0.0562854409217834,0.1005498394370079,-0.1738938987255096,-0.0210502166301012,-0.2501932382583618,0.254374235868454,-0.1747926175594329,-0.1125845164060592,-0.0916840136051178,-0.0724890455603599,0.1414828300476074,-0.1071231141686439,0.0429481044411659,-0.1359817236661911,-0.5604134202003479,0.1375713646411895,0.1831748038530349,-0.3325469195842743,-0.1436611711978912,-0.0936641991138458,0.0553675405681133,-0.1916142553091049,0.3103182315826416,0.0438969247043132,-0.0067267110571265,0.1694301664829254,0.1784063428640365,0.1488425582647323,0.2515309453010559,0.3551990389823913,0.4845336079597473,0.3318779468536377,1
s_000152,따돌림 당하는 친구를 보고도 모른 척 했어. [SEP] 따돌림 당하는 친구를 보고 못 본 척하셨군요. 좀 더 자세히 말씀해 주시겠어요? [SEP] 오늘 학교에서 따돌림 당하는 친구를 봤는데 그냥 지나쳤어. 예전에 나를 따돌리던 주동자였거든. [SEP] 학교에서 따돌림 당하는 친구를 봤는데 그냥 지나치셨군요. 어떻게 하는 것이 가장 좋은 방법일까요? [SEP] 걔는 당해봐야 돼. 그래야 본인이 한 짓이 얼마나 나쁜 짓인지 깨닫게 될 거야. [SEP] 본인이 한 나쁜짓을 깨달았으면 좋겠네요.,E15,Pro_01866,Pro_01866_00007,Pro_01866,-0.0641731619834899,-0.2205706089735031,-0.2738044261932373,-0.2559628784656524,0.1235205754637718,0.0976026952266693,-0.1560942530632019,-0.0559232756495475,0.0399823002517223,0.258275419473648,0.0284326393157243,-0.1881213039159774,-0.1098354831337928,-0.060220468789339,-0.0817425325512886,0.0562081411480903,-0.079994797706604,-0.2796282470226288,-0.2146055698394775,0.0640059486031532,-0.0532806888222694,0.0353427194058895,-0.0786487609148025,-0.1546864211559295,-0.1105725169181823,-0.0911818370223045,-0.3592525124549866,0.1974707096815109,-0.2513536512851715,0.2471204400062561,-0.2773225605487823,-0.0850566402077674,-0.2330679595470428,-0.0914482027292251,0.083112359046936,0.3638635873794555,0.0563639029860496,0.0958267971873283,-0.1574747413396835,-0.0046031000092625,-0.225988820195198,0.2423768043518066,-0.146364226937294,-0.0926256850361824,-0.0922183319926261,-0.0557821244001388,0.1123717948794364,-0.0968504101037979,0.0461460500955581,-0.1172639280557632,-0.5276237726211548,0.131352499127388,0.1929231286048889,-0.3336847126483917,-0.1262488514184951,-0.0676577761769294,0.0720888674259185,-0.1803204268217086,0.2825396656990051,0.035272654145956,-0.0064009856432676,0.1806883364915847,0.1640544235706329,0.1371666342020034,0.2068576216697693,0.3064699470996856,0.4621946811676025,0.321050614118576,1
s_000153,남편이 귀 한 쪽이 안 들린다는 사실을 십 년 만에 알게 되어서 너무 자괴감이 들어. [SEP] 뒤늦게 사실을 알게 되어 많이 힘드신 것 같아요. [SEP] 남편이 여태 숨기고 있었다는 사실도 원망스러운데 십 년 동안 그걸 몰랐다는 게 너무 미안해. [SEP] 남편과 겪고 계신 어려운 마음을 해소할 방법이 있을까요? [SEP] 앞으로는 이런 일이 없도록 남편과 서로의 비밀을 다 털어놔야겠어. [SEP] 남편과의 대화를 통해 다음번엔 이런 일이 일어나지 않길 바라요.,E12,Pro_08823,Pro_08823_00016,Pro_08823,-0.062525525689125,-0.2065564095973968,-0.2741228640079498,-0.2698266506195068,0.1270216405391693,0.0880393683910369,-0.140994131565094,-0.0441340804100036,0.0373918712139129,0.2563895881175995,0.0380878746509552,-0.1726323962211609,-0.1052472814917564,-0.0625275373458862,-0.0822911784052848,0.0412420593202114,-0.0700367763638496,-0.265508085489273,-0.2065602391958236,0.0762329623103141,-0.0452977642416954,0.0412428230047225,-0.0812641680240631,-0.1269244402647018,-0.0952736958861351,-0.0776612758636474,-0.3499206304550171,0.2052757143974304,-0.2368080765008926,0.2298381775617599,-0.2720589339733124,-0.0871822535991668,-0.2209754139184951,-0.0752801597118377,0.0807652845978736,0.3605384230613708,0.0404112078249454,0.0965283885598182,-0.1541270613670349,0.0026042365934699,-0.2248624414205551,0.233134463429451,-0.1417317539453506,-0.1018150821328163,-0.0938779786229133,-0.0552530772984027,0.1053917333483696,-0.088441252708435,0.0451469421386718,-0.1131503358483314,-0.5189424157142639,0.1369872838258743,0.2034107148647308,-0.3308999240398407,-0.1031326577067375,-0.0579784959554672,0.0767259448766708,-0.1847054958343505,0.2703379392623901,0.0277567263692617,-0.0005467943265102,0.1874280571937561,0.1630613058805465,0.1412625312805175,0.1790467798709869,0.308239221572876,0.4488234221935272,0.3242457807064056,1
s_000154,노년에도 건강해서 다행이다. [SEP] 건강하신가 보네요? [SEP] 응. 건강해서 아직 몸도 가볍고 정신도 맑아 기분이 좋아. [SEP] 건강해서 기분이 좋으시군요. [SEP] 그렇지. 앞으로도 건강을 유지하려면 관리를 더 열심히 해야겠어. [SEP] 더욱 건강한 삶을 위해 건강 유지에 노력하고자 하시는군요.,E67,Pro_12178,Pro_12178_00001,Pro_12178,-0.2246901094913482,-0.126336395740509,-0.2240415960550308,0.0170419551432132,-0.0734127759933471,0.162563294172287,-0.0905268490314483,-0.1479283720254898,0.006039354018867,0.1689411401748657,-0.0426028855144977,-0.2530754208564758,-0.0788234621286392,0.0695519521832466,0.1249863877892494,0.2084936648607254,0.0377446785569191,-0.3067753612995147,-0.2179424613714218,-0.1913875490427017,-0.257470041513443,0.0944766551256179,-0.0395044423639774,-0.2079438716173172,0.0441492162644863,-0.0452173165977001,-0.4146327376365661,0.196479395031929,-0.168400377035141,0.2804626524448395,-0.1362090408802032,-0.1487248390913009,-0.2901368737220764,-0.397033154964447,0.1167521700263023,0.2964120209217071,0.0235845390707254,0.1012206897139549,-0.148333266377449,-0.083133578300476,-0.1138987839221954,0.1782523095607757,-0.248795747756958,-0.1512598991394043,-0.0850337445735931,-0.1810600459575653,0.2605645954608917,-0.0698752477765083,-0.0780223384499549,-0.171305775642395,-0.4093067646026611,0.1553393602371215,-0.0706836432218551,-0.0272764973342418,-0.1351645439863205,-0.2565392851829529,-0.1974320411682129,-0.1323406994342804,0.2823435664176941,0.0923192426562309,0.0641454383730888,-0.118258886039257,0.1496379971504211,0.1339823305606842,0.4398595988750458,0.4576616287231445,0.1981722712516784,0.1891399025917053,1
s_000155,재산이 많은 것도 아닌데 곧 퇴직할 나이야. 회사에서 쫓겨날까 봐 너무 걱정돼. [SEP] 퇴직을 앞두고 계시는데 모아둔 돈이 많지 않아 앞으로가 너무 걱정되시겠어요. [SEP] 아직 내 나이가 많다고 생각이 안 드는데 회사방침이 그러니 너무 우울해. [SEP] 이 우울함을 덜 느끼는 데 도움이 될 수 있는 것이 있을까요? [SEP] 일단 소소하게라도 돈을  벌 수 있는 일을 찾아봐야겠어. [SEP] 나이가 들어도 걱정 없이 할 수 있는 일이 있다면 좋겠어요.,E54,Pro_10905,Pro_10905_00021,Pro_10905,-0.0717077031731605,-0.2080742418766021,-0.2669177651405334,-0.2117975801229477,0.1025904938578605,0.0969501957297325,-0.16483736038208,-0.0718657597899437,0.0357821397483348,0.245702639222145,0.0036664069630205,-0.2036032378673553,-0.1146272048354148,-0.0447127670049667,-0.0635200813412666,0.0687529146671295,-0.0740198045969009,-0.283443421125412,-0.2248001992702484,0.0382162444293499,-0.0799857303500175,0.0301887523382902,-0.0807051211595535,-0.1795514971017837,-0.1108969524502754,-0.0944669693708419,-0.3634393811225891,0.1844080984592437,-0.2501294314861297,0.2623911798000335,-0.2541362345218658,-0.0757528841495513,-0.2389874756336212,-0.130325511097908,0.0869818702340126,0.3571169674396515,0.0738825350999832,0.0851740986108779,-0.1603279858827591,-0.0113473543897271,-0.2105341404676437,0.2473884373903274,-0.1511526554822921,-0.0779745727777481,-0.0965606272220611,-0.0627147480845451,0.1272523552179336,-0.0998540520668029,0.027827413752675,-0.1199829056859016,-0.5186767578125,0.133436694741249,0.1620299220085144,-0.3085223436355591,-0.1535066366195678,-0.0994368568062782,0.052713431417942,-0.1659196466207504,0.2837941348552704,0.0423490405082702,-0.0020976446103304,0.1418214440345764,0.1542240530252456,0.1306582987308502,0.2505826950073242,0.2975311875343323,0.4384163618087768,0.3144339919090271,1
s_000156,내 정신이 멀쩡하지 않아서 그런 건지 사람들한테 무시당하는 느낌이 자꾸만 들어. [SEP] 사람들에게 무시당하는 느낌이 드신다니 힘드시겠어요. [SEP] 예전에는 잘 나가는 사람이었는데 이렇게 초라해지다니. 내가 너무 싫어져. [SEP] 지금 그러한 기분에서 벗어나기 위해 할 수 있는 것이 있을까요? [SEP] 일단 책을 읽으면서 마음의 안정을 찾아야겠어. [SEP] 평화로운 독서 활동으로 마음의 안정을 찾으셨으면 좋겠어요.,E10,Pro_09781,Pro_09781_00007,Pro_09781,-0.0809864401817321,-0.2444291561841964,-0.2871971428394317,-0.2826728224754333,0.1306494772434234,0.1213250458240509,-0.1627431660890579,-0.0595880299806594,0.0446870662271976,0.284819632768631,0.051408514380455,-0.1975278258323669,-0.118074782192707,-0.0529852770268917,-0.0757084414362907,0.0739470794796943,-0.0885155946016311,-0.3112116158008575,-0.2260471582412719,0.0532471165060997,-0.0593270249664783,0.0448663979768753,-0.0739025995135307,-0.1634626388549804,-0.1030510365962982,-0.088081769645214,-0.3954474031925201,0.2246051728725433,-0.2653160393238067,0.2615680694580078,-0.3039636611938476,-0.1119726374745369,-0.2606218755245209,-0.1089140027761459,0.0943141058087349,0.3937091529369354,0.0432028472423553,0.1047385856509208,-0.1744427680969238,-0.0150950821116566,-0.2622432112693786,0.2521072030067444,-0.1721589267253875,-0.1235510110855102,-0.0915095210075378,-0.0685986503958702,0.1329713612794876,-0.1042857095599174,0.0516676381230354,-0.1342709511518478,-0.5677130818367004,0.1404138356447219,0.2056670039892196,-0.3482586443424225,-0.1253472864627838,-0.0765367969870567,0.0704711005091667,-0.202032133936882,0.3081309497356415,0.0370334461331367,-0.0072674034163355,0.1931213736534118,0.183814063668251,0.1552856862545013,0.2224839031696319,0.3621824085712433,0.4974721074104309,0.3423477113246918,1
s_000157,주변에 보면 어릴 때 벌어놓아야 한다고 하더라. 그래서인지 여유나 행복을 못 누리는 것 같아. [SEP] 우리 사회가 여유나 행복을 못 누리는 것 같아 안타까운 마음이 드시나 봐요. [SEP] 우리 어머니 봐도 멀쩡한 새것 있어도 못 쓰고 낡은 것 쓰시잖아. 너무 물질만 쫓다 보니 행복을 못 누리고 사는 거 같아. [SEP] 그렇군요. 추구하는 가치는 무엇이신가요? [SEP] 나는 애들한테 금전적으로 무리한 투자를 안 해. 본인들이 하고 싶은 일 찾아 행복하게 살라고 하지. [SEP] 행복이 중요하다고 생각해서 아이들을 공부에 얽매이지 않게 키우셨네요. 행복이 중요하다고 생각하게 된 계기가 있으세요?,E37,Pro_08728,Pro_08728_00062,Pro_08728,-0.0974996834993362,-0.2045561671257019,-0.2634910941123962,-0.1938624382019043,0.0815232321619987,0.1128625199198722,-0.1499201357364654,-0.0799218267202377,0.0334550179541111,0.2404955923557281,0.0079599879682064,-0.2080787569284439,-0.1066854819655418,-0.0314511470496654,-0.0384241826832294,0.0922299176454544,-0.0593891665339469,-0.2902904450893402,-0.2200864553451538,0.0064930822700262,-0.1007353067398071,0.0441757403314113,-0.0710713788866996,-0.1774805337190628,-0.08526461571455,-0.08644350618124,-0.3745238482952118,0.1935115456581115,-0.2398611158132553,0.2616921365261078,-0.2485044747591018,-0.0954094156622886,-0.2492527514696121,-0.1654231548309326,0.0913723856210708,0.3520562052726745,0.0576587654650211,0.0944627150893211,-0.1580087095499038,-0.0230212770402431,-0.2036086767911911,0.2344037890434265,-0.1690996140241623,-0.0992825254797935,-0.0915315821766853,-0.0817193686962127,0.1466562896966934,-0.0948523059487342,0.0190393570810556,-0.1297461092472076,-0.5086250305175781,0.1354409903287887,0.1353061497211456,-0.2748592793941498,-0.1398583948612213,-0.1139338761568069,0.0156713631004095,-0.1678892076015472,0.2867633998394012,0.04945083335042,0.006397983059287,0.1153090223670005,0.1600910723209381,0.1348494738340377,0.2680034339427948,0.3344813883304596,0.411939799785614,0.295116126537323,1
s_000158,아들 사업이 성공했대서 너무 기뻐. [SEP] 아들의 사업이 성공해 기분이 좋으시군요. [SEP] 사업 때문에 힘들어한 거 생각하니까 이 성공이 더 값지게 느껴져. [SEP] 힘들었을 아들의 성공이 더 값지게 느껴지시는군요. [SEP] 고기나 사 먹여야겠어. [SEP] 행복한 식사되셨으면 좋겠네요.,E60,Pro_11391,Pro_11391_00004,Pro_11391,-0.1757053285837173,-0.0964105576276779,-0.2502691149711609,-0.0191884748637676,-0.0268677733838558,0.1102934926748275,-0.1515380442142486,-0.1363973021507263,0.0014243545010685,0.2077839374542236,-0.0611632093787193,-0.256413072347641,-0.1390136927366256,0.0817501246929168,0.0976487472653389,0.137291207909584,0.0128416437655687,-0.3178460896015167,-0.2787279784679413,-0.1288798749446869,-0.253507912158966,0.0589473582804203,-0.0913351029157638,-0.2273246943950653,0.0081126475706696,-0.030443713068962,-0.4393214583396911,0.2080015540122985,-0.1887861788272857,0.3129831552505493,-0.1168950274586677,-0.1015212908387184,-0.2911429703235626,-0.3750565350055694,0.1328218877315521,0.3625640571117401,0.0686096400022506,0.0408601537346839,-0.2030985951423645,-0.0546505004167556,-0.1797266751527786,0.2483295947313308,-0.2360386252403259,-0.1153396219015121,-0.1315487474203109,-0.1541745960712433,0.2579774260520935,-0.0905153751373291,-0.1017220541834831,-0.166077047586441,-0.5034826397895813,0.2026716321706771,0.0078136483207345,-0.1148234978318214,-0.2112715393304824,-0.2999682128429413,-0.0912881046533584,-0.1421946585178375,0.2926476895809173,0.0613972917199134,0.0646705850958824,-0.0926536843180656,0.1315517425537109,0.154595285654068,0.4640847742557525,0.4077496528625488,0.2635761797428131,0.3241749703884125,1
s_000159,음식 냄새만 나면 자꾸 구역질이 나려고 해. 갑자기 왜 이러지? [SEP] 갑작스러운 변화에 당황스러우시겠어요. 구역질이 나는 이유를 어떻게 확인할 수 있을까요? [SEP] 병원에 가봐야겠지? 큰 병은 아니였음 좋겠어. [SEP] 병원에 가서 구역질이 나는 원인을 찾으려고 하시는군요.,E17,Pro_08828,Pro_08828_00034,Pro_08828,0.0047252718359231,-0.2668128311634063,-0.2900458574295044,-0.3381463885307312,0.1962350308895111,0.0755276605486869,-0.1967239528894424,-0.0300167109817266,0.0553857088088989,0.2890356183052063,0.0413359925150871,-0.1756540536880493,-0.1252570301294326,-0.1118535697460174,-0.1655099093914032,0.0050647757016122,-0.1358643919229507,-0.2758998274803161,-0.2190650552511215,0.1568439304828643,0.0248079169541597,0.0026122087147086,-0.092787966132164,-0.1604190617799759,-0.1901180297136306,-0.1249215081334114,-0.3371061086654663,0.1828325539827346,-0.2959708273410797,0.2484179586172104,-0.3309042453765869,-0.0501677729189395,-0.2157160937786102,0.0283688325434923,0.0691996365785598,0.386545866727829,0.089847981929779,0.0907600000500679,-0.1606302261352539,0.0221274029463529,-0.2625016272068023,0.275238037109375,-0.1024402529001236,-0.0511738583445549,-0.0934940129518508,-0.0016649181488901,0.0528733544051647,-0.114957220852375,0.096118189394474,-0.0954104885458946,-0.5699924230575562,0.1132630780339241,0.2807061374187469,-0.4430945515632629,-0.1474988758563995,0.0029984139837324,0.1762076318264007,-0.189637541770935,0.2894245982170105,0.019698953256011,-0.0411319732666015,0.2862463295459747,0.1661794334650039,0.1296481341123581,0.1383540779352188,0.2297628074884414,0.5751794576644897,0.3659452795982361,1
s_000160,내가 가장 후회되는게 뭔지 알아? [SEP] 어떤건지 말씀해 주시겠어요? [SEP] 이십대 때 좀 더 공부하지 않았던 거야. 업무가 버겁게 느껴지거든. [SEP] 이십대 때 좀 더 공부하지 않아 업무가 버겁게 느껴지는게 가장 후회되는 일이군요.,E23,Pro_07394,Pro_07394_00006,Pro_07394,-0.0611670650541782,-0.2129807770252227,-0.273237943649292,-0.2655645608901977,0.1268137544393539,0.0909797102212905,-0.1460590958595276,-0.0476478189229965,0.0387891642749309,0.2558634281158447,0.0343763157725334,-0.1772993505001068,-0.1054590046405792,-0.0642491057515144,-0.0847152322530746,0.0459588430821895,-0.0746331736445427,-0.2686553001403808,-0.2074341475963592,0.0739670395851135,-0.0452085509896278,0.0383825302124023,-0.0796650722622871,-0.1363505721092224,-0.1032186523079872,-0.0843947678804397,-0.3499946892261505,0.2002266943454742,-0.2425606250762939,0.2346013039350509,-0.2751173377037048,-0.0850800648331642,-0.223369151353836,-0.0766989514231681,0.0801272466778755,0.3593455255031585,0.0469189435243606,0.097259946167469,-0.1531377881765365,0.0006863883463665,-0.2230723947286605,0.2353790998458862,-0.1409113407135009,-0.0963870361447334,-0.0920974090695381,-0.0535921901464462,0.1048469990491867,-0.0912566557526588,0.0476958304643631,-0.1131608858704567,-0.5193254351615906,0.1325289011001587,0.2001517415046692,-0.3332483172416687,-0.110349602997303,-0.0572658069431781,0.0760235860943794,-0.1820937991142273,0.2734993100166321,0.0306930262595415,-0.0039216489531099,0.1875822395086288,0.162998154759407,0.1380327939987182,0.1853209733963012,0.3033809661865234,0.4543032944202423,0.3200144171714782,1
s_000161,몇 년 전 퇴직을 할 무렵이었다네. [SEP] 네. 퇴직하셨군요. [SEP] 주변의 걱정은 내가 갑자기 변화된 환경에 잘 적응할 수 있을까 하는 것이었지. [SEP] 주변에서 걱정을 많이 하셨나 봐요? [SEP] 응. 그런데 빠르게 적응하고 지내니까 또 퇴직 후의 삶도 여유롭고 좋더라고. [SEP] 네. 다행이세요.,E49,Pro_12460,Pro_12460_00030,Pro_12460,-0.1426576375961303,-0.1808021664619445,-0.248487189412117,-0.1048140078783035,0.0226882770657539,0.1327421814203262,-0.1402213871479034,-0.1123559400439262,0.0241530630737543,0.2143062949180603,-0.020800644531846,-0.2343677878379821,-0.1015482917428016,0.0079405205324292,0.0214925799518823,0.1405962854623794,-0.029971731826663,-0.3030198216438293,-0.2265865802764892,-0.0723163038492202,-0.1649854183197021,0.0563767217099666,-0.0606645457446575,-0.2071286737918853,-0.0496422164142131,-0.0795273259282112,-0.3933727145195007,0.1871868222951889,-0.2226074039936065,0.2802278697490692,-0.2066816389560699,-0.1088800504803657,-0.2698003351688385,-0.2633299827575683,0.1021482348442077,0.3338761627674103,0.0591408088803291,0.0925006046891212,-0.1576834917068481,-0.0478500239551067,-0.1704854220151901,0.2222560048103332,-0.1990586817264557,-0.1077388748526573,-0.0904789417982101,-0.1169543787837028,0.192361906170845,-0.0913568288087844,-0.0186212677508592,-0.1460971087217331,-0.4789773523807525,0.1407396793365478,0.053805373609066,-0.189011350274086,-0.1573572903871536,-0.1761099100112915,-0.0625905469059944,-0.149866446852684,0.2910042703151703,0.0687666609883308,0.0243519376963377,0.0230601113289594,0.1538341343402862,0.1309843510389328,0.3506325781345367,0.3712141811847687,0.3402339816093445,0.2579635679721832,1
s_000162,항상 봉사활동 가는 치매 요양원의 할머니가 마음을 열어주셔서 너무 기뻐. [SEP] 할머니가 마음을 열어서 기쁘셨군요. 조금 더 자세히 말씀해 주시겠어요? [SEP] 먼저 말을 걸어도 늘 무뚝뚝하셨는데 드디어 내게 먼저 말을 걸어주셨어. 내가 편해지셨나 봐. [SEP] 말을 걸어주셔서 기분이 좋으셨군요. 이 감정을 유지하기 위해서 어떻게 하면 좋을까요? [SEP] 마음을 열어주신 할머니께 더욱 더 친근하게 다가가야겠어. [SEP] 더 친근하게 다가가기로 하셨군요. 사용자님의 마음이 전달되어 할머니와의 관계가 진전되기를 바랄게요.,E63,Pro_11334,Pro_11334_00013,Pro_11334,-0.1919997483491897,-0.1666329801082611,-0.2403759807348251,-0.0397049039602279,-0.0279359966516494,0.1602608859539032,-0.1271844804286956,-0.1397305577993393,0.0171695277094841,0.201135516166687,-0.0321764759719371,-0.2569804191589355,-0.0970726460218429,0.0459007695317268,0.0794236660003662,0.1895176172256469,-0.0028951757121831,-0.3239622414112091,-0.2329393476247787,-0.1461875736713409,-0.2224298119544983,0.0751580074429512,-0.0480654798448085,-0.2278421223163604,-0.0070107136853039,-0.0676201730966568,-0.4226707816123962,0.1965595334768295,-0.2077154517173767,0.2966144382953644,-0.1799806952476501,-0.1359787285327911,-0.2967911064624786,-0.3510226011276245,0.1157827973365783,0.3282768726348877,0.0472700521349906,0.0972259938716888,-0.1622947603464126,-0.073776938021183,-0.1550320833921432,0.2101370394229889,-0.2366148382425308,-0.1342426538467407,-0.0881420820951461,-0.1553785055875778,0.2402452379465103,-0.0880568251013755,-0.0497394762933254,-0.1675549447536468,-0.4657362401485443,0.1500550657510757,-0.0136781623587012,-0.11190677434206,-0.1622725874185562,-0.2306882888078689,-0.1359545439481735,-0.1449455916881561,0.3023183047771454,0.085597775876522,0.0422469452023506,-0.0536535456776618,0.157744213938713,0.1366900205612182,0.4226402640342712,0.4330518841743469,0.284717708826065,0.2305933386087417,1
s_000163,아빠 코고는 소리 때문에 잠을 못 자겠어. 솔직히 신경질이 나. [SEP] 소음 때문에 잠을 제대로 못 자서 힘드시겠어요. [SEP] 아빠가 문도 열어 놓고 자서 소리가 더 크게 들려. [SEP] 어떻게 해야 이 상황이 나아질까요? [SEP] 안방 창문과 문을 모두 닫아주실 수 있나 여쭤봐야겠어. [SEP] 소음 문제가 해결되어 푹 주무실 수 있으면 좋겠네요.,E13,Pro_01624,Pro_01624_00026,Pro_01624,0.0252722054719924,-0.1384206116199493,-0.3253912031650543,-0.3648279011249542,0.2179608047008514,-0.0149446884170174,-0.2226616293191909,-0.0021343980915844,0.0265149809420108,0.3296482264995575,0.032951284199953,-0.1532399356365203,-0.2059198319911956,-0.0429287441074848,-0.1307627409696579,-0.1104177981615066,-0.099706657230854,-0.2723762392997741,-0.3040552139282226,0.2074790894985199,-0.0240419544279575,-0.0076932357624173,-0.1753403097391128,-0.113815389573574,-0.1279705166816711,-0.0251304563134908,-0.3936115503311157,0.2509628534317016,-0.2511813044548034,0.263031393289566,-0.2416062355041504,-0.0169209577143192,-0.2113092243671417,-0.0043501635082066,0.109536238014698,0.4754932820796966,0.0853957161307334,-0.0060377875342965,-0.2511741816997528,0.0630078315734863,-0.34764364361763,0.3403328955173492,-0.1194221302866935,-0.0668583065271377,-0.1787547767162323,-0.0096422219648957,0.0950285717844963,-0.1125596463680267,0.0039024769794195,-0.1026936471462249,-0.6578060388565063,0.2346667498350143,0.3570464253425598,-0.4646940231323242,-0.1963301301002502,-0.125388354063034,0.2724234163761139,-0.2191229313611984,0.2766844928264618,-0.0411651507019996,0.0105057852342724,0.250451385974884,0.1374303996562957,0.1926150918006897,0.1752044558525085,0.2447887063026428,0.5562987327575684,0.5797868371009827,1
s_000164,오늘 내가 학교폭력을 방지했다는 게 너무 뿌듯해. [SEP] 무슨 사건이 있으셨나요? [SEP] 약한 친구를 괴롭히려는 아이를 내가 막아섰거든. [SEP] 그래서 어찌 되었나요? [SEP] 서로 화해시키고 앞으로는 폭력행위를 못하도록 잘 조정했어. [SEP] 대단해요. 앞으로도 좋은 영향을 주길 성원할게요.,E64,Pro_00355,Pro_00355_00015,Pro_00355,-0.160527765750885,-0.1869441270828247,-0.2506461143493652,-0.1260141134262085,0.0200258288532495,0.1476393193006515,-0.1171239167451858,-0.1060427874326706,0.0252527818083763,0.2191635519266128,0.0043075191788375,-0.2247242629528045,-0.0891416370868682,0.0072005563415586,0.0301055237650871,0.1515479087829589,-0.0201366208493709,-0.3048641085624695,-0.2124900072813034,-0.0802877023816108,-0.1619420051574707,0.0743455439805984,-0.0496588237583637,-0.1826779991388321,-0.0237868055701255,-0.0684688612818718,-0.3989332616329193,0.2066306471824646,-0.2125048637390136,0.2654438316822052,-0.2204753309488296,-0.1351038366556167,-0.2733657956123352,-0.2633706033229828,0.1026425585150718,0.3335841596126556,0.027977654710412,0.1104822382330894,-0.1522300839424133,-0.0528636649250984,-0.1758462339639663,0.2043088972568512,-0.2112725228071212,-0.140235349535942,-0.0818598866462707,-0.1290246844291687,0.1975456327199936,-0.0833111554384231,-0.0116241797804832,-0.1525522172451019,-0.4749992489814758,0.1407647132873535,0.054440464824438,-0.1769002228975296,-0.1196844056248664,-0.1626144051551818,-0.0818536207079887,-0.1636812090873718,0.2915377914905548,0.0693195164203643,0.0291791167110204,0.0308629050850868,0.1673393547534942,0.1402013450860977,0.3285047113895416,0.4132678508758545,0.3331417441368103,0.2440838366746902,1
s_000165,내 친구가 나를 보면 항상 기분이 좋아진다 했어. 너무 쑥스럽지만 기분 좋더라. [SEP] 친구 분께서 자신을 보면 기분이 좋아진다는 말을 해주셨군요! 무척 좋으셨을 것 같아요. [SEP] 응. 친구한테 좀 더 좋은 사람이 될 수 있도록 노력할거야. [SEP] 좋은 방법이네요! 친구에게 더 좋은 사람이 될 수 있도록 어떤 일을 하면 좋을까요? [SEP] 친구가 힘들면 도와주고 할 일에 대해서 응원 해줄 거야. [SEP] 멋진 친구가 될 수 있도록 노력하는 모습이 너무 기분 좋네요! 앞으로 응원할게요!,E68,Pro_05159,Pro_05159_00010,Pro_05159,-0.2204008400440216,-0.1896919757127761,-0.2636425197124481,-0.0936954095959663,-0.0165945757180452,0.1900538206100464,-0.1266940981149673,-0.1380194127559662,0.0212405379861593,0.24481201171875,0.0114879915490746,-0.2615929841995239,-0.10992993414402,0.0617045909166336,0.0948471203446388,0.2062067836523056,-0.0057893493212759,-0.3651966750621795,-0.2493129521608352,-0.1582613885402679,-0.2324441969394683,0.0961656644940376,-0.0444912649691104,-0.2214596420526504,0.02296650595963,-0.0474705509841442,-0.4755783975124359,0.2498620301485061,-0.2169585824012756,0.3088606595993042,-0.2158176451921463,-0.1817587167024612,-0.333303302526474,-0.3732724487781524,0.1348363012075424,0.3788519501686096,0.0125521160662174,0.1089820116758346,-0.191337302327156,-0.0859251394867897,-0.2172816395759582,0.2209355533123016,-0.2772684097290039,-0.1935096383094787,-0.0913812890648841,-0.1787889450788498,0.2725104689598083,-0.0935387685894966,-0.0475244931876659,-0.1938265860080719,-0.5323238372802734,0.1744247376918792,0.0141217783093452,-0.1309510171413421,-0.1458682417869568,-0.2465539127588272,-0.1370974779129028,-0.1848763674497604,0.3349689543247223,0.0818392187356948,0.0486631169915199,-0.0350136458873748,0.1885210126638412,0.1722055971622467,0.4344248175621032,0.5310143828392029,0.3271388411521911,0.2738977074623108,1
s_000166,나이가 들면 나도 모르게 병이 생기는 것 같아. 요사이 잠을 못 자. [SEP] 왜 잠을 못 자셨을까요? [SEP] 생각 하다 보면 한 가지 생각에 사로잡혀서 잠을 못 자곤 하네. [SEP] 편한 마음을 가져 보시는 건 어떨까요? [SEP] 밤새도록 엉뚱한 생각을 하면서 날밤을 새우면 내가 이상한 병에 걸렸나 하는 생각도 들어. [SEP] 힘드시겠어요. 병원에는 가 보셨나요?,E13,Pro_12184,Pro_12184_00013,Pro_12184,0.0006679854704998,-0.0940331369638443,-0.3240209221839905,-0.3619818985462188,0.1991912275552749,-0.0231665447354316,-0.1864424347877502,0.0081116901710629,0.0158198866993188,0.3220358490943908,0.0469348728656768,-0.1330840289592743,-0.1987997740507125,-0.0224110204726457,-0.0975587144494056,-0.1187465861439704,-0.0622793845832347,-0.2560233771800995,-0.2964389324188232,0.1939129382371902,-0.0438272505998611,0.014953039586544,-0.1779611259698867,-0.065439835190773,-0.0687963441014289,0.0153527492657303,-0.3958098888397217,0.2762566208839416,-0.2105275392532348,0.2381144165992736,-0.2116094827651977,-0.0359851531684398,-0.2025319337844848,-0.0274464469403028,0.1149038895964622,0.4720942080020904,0.045000534504652,-0.0067841564305126,-0.2523311078548431,0.0651498362421989,-0.3432447910308838,0.319617360830307,-0.1334047019481659,-0.1029070690274238,-0.1853217333555221,-0.0314292162656784,0.111460231244564,-0.0934286639094352,-0.020468670874834,-0.1073633730411529,-0.6435120701789856,0.2575058341026306,0.3480261862277984,-0.4255368411540985,-0.154569536447525,-0.1441492587327957,0.2476007491350174,-0.2276957184076309,0.2579311430454254,-0.050440888851881,0.0354566611349582,0.2218238115310669,0.1367125064134597,0.2080240100622177,0.1605245471000671,0.2859900593757629,0.4975552558898926,0.583252489566803,1
s_000167,김 씨 할머니가 자식들이 관절염 때문에 사준 안마기기를 빌려가서 안 돌려줘. [SEP] 물건을 빌려갔다가 다시 돌려주지 않으셔서 화가 나셨겠어요. [SEP] 믿고 빌려준 건데 배신을 당하니 너무 화가 나. [SEP] 배신을 당하니 너무 화가 나는군요. 이럴 때는 어떻게 해야 될까요? [SEP] 나에게도 소중하고 필요한 물건이니 빨리 돌려주었으면 좋겠다고 정확히 표현해야지. [SEP] 정확한 의사를 전달하실 생각이시군요.,E10,Pro_11281,Pro_11281_00002,Pro_11281,0.0256403964012861,-0.3174570202827453,-0.304600715637207,-0.4028009474277496,0.2382194101810455,0.0894587263464927,-0.2111909240484237,-0.0162636339664459,0.0695590749382972,0.3193122148513794,0.0731086432933807,-0.1707566678524017,-0.1265300661325454,-0.1433335244655609,-0.2087935954332351,-0.0008105782908387,-0.1707310676574707,-0.2919104099273681,-0.2145165801048278,0.1964260339736938,0.0719111934304237,-0.002202388131991,-0.0868836715817451,-0.1608007103204727,-0.2248221188783645,-0.1454541534185409,-0.3423171639442444,0.192479521036148,-0.3274743854999542,0.2489550858736038,-0.3866224586963653,-0.0591450631618499,-0.222621664404869,0.0906993970274925,0.0642010122537612,0.4077508151531219,0.0884177833795547,0.1083436757326126,-0.1618297100067138,0.0264649726450443,-0.2977302372455597,0.2860288619995117,-0.0953166633844375,-0.0575810074806213,-0.0831512659788131,0.0178355854004621,0.0285643581300973,-0.1259129792451858,0.1380124986171722,-0.0943106338381767,-0.6042514443397522,0.0979091674089431,0.3301529288291931,-0.5018303990364075,-0.1382929235696792,0.0555649138987064,0.218085378408432,-0.2104399502277374,0.3082777261734009,0.0166680477559566,-0.0635024756193161,0.3562800288200378,0.1863268464803695,0.1342385560274124,0.0941261574625969,0.233167678117752,0.6576837301254272,0.3801891207695007,1
s_000168,이번 주말에는 거주지에서 푹 쉴거야. 오래만에 가족끼리 모두 모이는 날이야! [SEP] 모처람 함께 모이는 휴일이군요 기쁘시겠어요. [SEP] 응 하지만 우리 가족은 워낙 다 집에 있는걸 좋아해서 함께 모였어도 아마 집에서 느긋하게 쉴 거야. [SEP] 평화롭고 아늑한 휴식시간을 갖으실 수 있겠네요.,E66,Pro_01677,Pro_01677_00010,Pro_01677,-0.2139525711536407,-0.133979395031929,-0.2581197321414947,-0.0868240445852279,-0.0230815149843692,0.1552772521972656,-0.1018556803464889,-0.1210018619894981,0.0094708688557147,0.2269430458545684,0.0063324244692921,-0.2359520196914672,-0.1075846999883651,0.0695007294416427,0.1052880957722663,0.1693251878023147,0.0236819796264171,-0.329444020986557,-0.2427790760993957,-0.1415812820196151,-0.2344745695590973,0.1001905426383018,-0.0596642158925533,-0.1757860332727432,0.0554922446608543,-0.0155752329155802,-0.4533378481864929,0.2528682053089142,-0.1778323501348495,0.28090900182724,-0.1724611669778823,-0.1678535044193267,-0.3040235936641693,-0.3626660704612732,0.1317691355943679,0.3650673329830169,-0.0037103106733411,0.0926419124007225,-0.1878858655691146,-0.0685846209526062,-0.1995281726121902,0.2077121287584304,-0.2635463774204254,-0.1925261616706848,-0.1046860739588737,-0.1777868568897247,0.26406130194664,-0.0758521184325218,-0.070158839225769,-0.1818955689668655,-0.5027860999107361,0.193305417895317,0.0186271909624338,-0.1045681089162826,-0.1215727925300598,-0.2536023557186126,-0.1305899620056152,-0.1792448610067367,0.3019902408123016,0.0656656250357627,0.0672789588570594,-0.0531658716499805,0.1710081398487091,0.1748380661010742,0.4032773673534393,0.5095672607421875,0.2719962000846863,0.2861396074295044,1
s_000169,시험성적 평균 구십 점을 목표로 했었는데 달성하지 못해서 슬퍼. [SEP] 목표로 한 점수를 달성하지 못해서 슬프시군요. [SEP] 한 문제만 더 맞혔다면 좋았을 텐데 너무 아쉬워. [SEP] 한 문제를 맞히지 못해 아쉬움이 더 크시군요. 어떻게 해야 나아질 수 있을까요? [SEP] 언니가 다니는 학원에 나도 다니게 해달라고 부모님께 부탁드려봐야겠어. [SEP] 부모님이 부탁을 들어주시길 바랄게요.,E23,Pro_01754,Pro_01754_00024,Pro_01754,-0.0136931361630558,-0.2478863596916198,-0.2866111099720001,-0.3234293460845947,0.1786586493253708,0.0772649198770523,-0.1795639097690582,-0.0316562764346599,0.0499457977712154,0.2812478542327881,0.0428949669003486,-0.1722465455532074,-0.1200970113277435,-0.09799275547266,-0.1426360607147216,0.011823896318674,-0.1163112223148346,-0.271735280752182,-0.21550352871418,0.1373179852962494,0.0064803310669958,0.0143944174051284,-0.0907313078641891,-0.1463838368654251,-0.1611369103193283,-0.1087284088134765,-0.3408396542072296,0.1919607818126678,-0.2776808738708496,0.2410316616296768,-0.3143722712993622,-0.061281394213438,-0.21598781645298,0.0020836058538407,0.0727188289165496,0.3809247016906738,0.0731507837772369,0.0918672829866409,-0.1597626060247421,0.0180928464978933,-0.254287987947464,0.2632794082164764,-0.1134377270936966,-0.0678593069314956,-0.0946744903922081,-0.016683654859662,0.0671004131436348,-0.1065460965037345,0.0814693123102188,-0.1002004742622375,-0.5574274659156799,0.1222040057182312,0.2629929184913635,-0.4140223264694214,-0.1319015026092529,-0.0134193813428282,0.1511233747005462,-0.1901294738054275,0.2829463183879852,0.0200620107352733,-0.0286355428397655,0.2611352503299713,0.1656058430671692,0.1347806304693222,0.1454504877328872,0.2535469532012939,0.5396099090576172,0.3579601347446441,1
s_000170,배우자의 건강이 약해져서 부양하고 돌보아야 하는데 잘 못 하는 나 자신이 너무 싫어. [SEP] 배우자의 부양 및 돌봄이 잘 되지 않아 자신이 싫어지셨군요. [SEP] 다른 사람들은 잘만 하는데 나만 이것조차 못하는 것 같아서 자꾸만 열등감이 생겨. [SEP] 열등감에서 벗어나기 위해서 무엇을 할 수 있을까요? [SEP] 내가 잘하는 것이 뭔지 한번 더 생각해봐야겠어. 나만의 방식과 사랑으로 돌보아줘야지. [SEP] 지금의 상황이 잘 해결됐으면 좋겠어요.,E14,Pro_10625,Pro_10625_00023,Pro_10625,-0.0138200996443629,-0.253654271364212,-0.2856818437576294,-0.2732836008071899,0.1644661873579025,0.0821732208132743,-0.2211899310350418,-0.0613689683377742,0.049535609781742,0.2815942764282226,0.0041712056845426,-0.2102204114198684,-0.1430057287216186,-0.0783793479204177,-0.1310434192419052,0.0322813056409359,-0.1311552226543426,-0.2998847365379333,-0.2486679553985595,0.1083758249878883,-0.0285135768353939,-0.0054494831711053,-0.0982323735952377,-0.2136124074459076,-0.1904356032609939,-0.1289599984884262,-0.3654323518276214,0.1721148192882537,-0.3023994565010071,0.2870996594429016,-0.3002696633338928,-0.0419985651969909,-0.2409518212080001,-0.0527520328760147,0.0832825079560279,0.3935516476631164,0.1202802434563636,0.0703626051545143,-0.1785864531993866,0.0062907999381423,-0.2564404904842376,0.2946494519710541,-0.1233658716082573,-0.0354776754975318,-0.1048427075147628,-0.0188625697046518,0.0912587940692901,-0.1260863840579986,0.0627493634819984,-0.1085970625281333,-0.5796301960945129,0.1251198351383209,0.236076682806015,-0.412248283624649,-0.2044602334499359,-0.0654039084911346,0.1478558182716369,-0.1738316416740417,0.305448442697525,0.0317532680928707,-0.0336711965501308,0.2236353307962417,0.1560134887695312,0.1276887059211731,0.2310744076967239,0.2360999286174774,0.5532416105270386,0.3741873204708099,1
s_000171,내 미래는 너무 전망이 없어. 내가 너무 불쌍해. [SEP] 미래가 보이지 않아 괴로우시군요. [SEP] 왜 나를 이런 직업을 선택한 걸까? 더 나은 선택을 할 걸 그랬어. [SEP] 지금 기분에서 벗어나기 위해 어떻게 하는 것이 좋을까요? [SEP] 친구들 만나서 고민을 털어놔야겠어. [SEP] 친구들과의 대화로 기분이 나아지길 바라요.,E29,Pro_03800,Pro_03800_00005,Pro_03800,-0.0728638842701911,-0.2573949098587036,-0.2718452215194702,-0.2120400816202163,0.109517253935337,0.1260427981615066,-0.1952306479215622,-0.0902372524142265,0.0465261563658714,0.2616507411003113,0.0010647993767634,-0.2315271645784378,-0.1211983859539032,-0.051291536539793,-0.0756389275193214,0.101357989013195,-0.1047044843435287,-0.3186318576335907,-0.2360519170761108,0.0242352411150932,-0.0795169025659561,0.0209184382110834,-0.0699955224990844,-0.2304433584213256,-0.1486456394195556,-0.1272845417261123,-0.3858698904514313,0.1762107908725738,-0.2890362441539764,0.2942040562629699,-0.2895634770393371,-0.0815047919750213,-0.2674318253993988,-0.1426232159137725,0.0902155265212059,0.3713376224040985,0.0985647663474083,0.0948555916547775,-0.1660776734352111,-0.02646304666996,-0.226682499051094,0.2655891180038452,-0.1617050468921661,-0.0694586783647537,-0.0869594365358352,-0.0603275299072265,0.1348779797554016,-0.1191770285367965,0.0467373616993427,-0.1299560964107513,-0.5483816266059875,0.1159212067723274,0.1579858511686325,-0.334871381521225,-0.1881654113531112,-0.0976399034261703,0.052560418844223,-0.1675164997577667,0.3158093690872192,0.0574147701263427,-0.0210449285805225,0.1560606807470321,0.1670071333646774,0.1258867084980011,0.2878298461437225,0.3061411678791046,0.4933108985424042,0.3083662390708923,1
s_000172,남편은 이제 나한테 관심이 없는 것 같아. 이제는 남편뿐이라고 생각했는데 허탈해. [SEP] 남편이 사용자님께 관심이 없으셔서 외로우시군요. [SEP] 술만 먹으면 점점 거칠어지는 남편을 보면서 이러다 무슨 일 생길까 걱정돼. [SEP] 보통 이런 일이 생길 때 어떻게 대처를 하시나요? [SEP] 대화가 안 통하니 조용히 있다가 잠잠해지면 이야기를 하는데 그때는 또 괜찮아. [SEP] 남편과의 대화를 통해 원만한 관계를 이루시길 바라요.,E40,Pro_11371,Pro_11371_00007,Pro_11371,-0.0740469098091125,-0.199522003531456,-0.2851631939411163,-0.2838159501552582,0.1291034072637558,0.0908486768603324,-0.1440531760454177,-0.0434929393231868,0.0351159907877445,0.2744532525539398,0.0499220751225948,-0.1747360825538635,-0.1188439652323722,-0.0462866611778736,-0.0686090439558029,0.0389215648174285,-0.0655340254306793,-0.2822499275207519,-0.2231054902076721,0.071320928633213,-0.0596055947244167,0.0480653531849384,-0.0884044095873832,-0.1233036518096923,-0.0761355385184288,-0.0597724616527557,-0.3785282671451568,0.2308386415243148,-0.2346506863832473,0.238441064953804,-0.2716640532016754,-0.1008075848221778,-0.2363384962081909,-0.0961820408701896,0.0929775536060333,0.3875646889209747,0.0287503208965063,0.0897942781448364,-0.1748949885368347,0.000612869800534,-0.2540135085582733,0.2441988736391067,-0.1611060798168182,-0.1248447895050048,-0.1044310331344604,-0.0671868696808815,0.1258587688207626,-0.0903989374637603,0.0330265313386917,-0.1248639896512031,-0.5511466860771179,0.159328892827034,0.2156106978654861,-0.3341063261032104,-0.1055304184556007,-0.0833217054605484,0.0817059502005577,-0.2004493027925491,0.2818732261657715,0.0214959923177957,0.0083900839090347,0.1828536242246627,0.1704087704420089,0.1603527069091797,0.1949732154607772,0.3470809161663055,0.457475483417511,0.3605444431304931,1
s_000173,학교에서 폭력과 따돌림을 받아 혼자 외로워. [SEP] 아 지금 감정이 너무 외로우시군요 그럼 어떻게 극복 하실껀가요? [SEP] 일단 선생님에게 말씀드릴생각 이야. [SEP] 학교 폭력과 따돌림 받아 외롭고 우울한 마음을 선생님과 대화해보려고 하시는군요.,E24,Pro_00315,Pro_00315_00035,Pro_00315,-0.0565405860543251,-0.2314154207706451,-0.2735058963298797,-0.2788178324699402,0.1351416110992431,0.098161906003952,-0.1466995626688003,-0.0455279387533664,0.0435637310147285,0.2586431503295898,0.0413171574473381,-0.1763564348220825,-0.0997107625007629,-0.0766814053058624,-0.0977400466799736,0.0503666549921035,-0.0842897072434425,-0.270042210817337,-0.199621096253395,0.0812145844101905,-0.0303589645773172,0.0376008413732051,-0.0732621029019355,-0.1377195119857788,-0.1154451593756675,-0.0952974259853363,-0.3447699248790741,0.1966459900140762,-0.2516334950923919,0.2321132570505142,-0.2927239239215851,-0.0877288579940795,-0.2230083495378494,-0.0583195090293884,0.0755453929305076,0.3562251329421997,0.0469981841742992,0.1070650219917297,-0.1462061107158661,-6.213784217834473e-06,-0.2233999222517013,0.2325261682271957,-0.1363705098628997,-0.0953351706266403,-0.0842042565345764,-0.0477383621037006,0.0949344635009765,-0.0931503325700759,0.0631476119160652,-0.1112014427781105,-0.5185263156890869,0.1206446141004562,0.2066735625267028,-0.3462194204330444,-0.1040105894207954,-0.0357246585190296,0.0798399001359939,-0.1838722378015518,0.2766479849815368,0.0335077196359634,-0.0121846096590161,0.2069703936576843,0.1682904511690139,0.1340279877185821,0.1704775691032409,0.299829363822937,0.4719449579715729,0.3082501292228699,1
s_000174,오늘 검진 결과가 나왔는데 유방암 같대. 열심히 살아왔는데 병을 얻으니 너무 슬퍼. [SEP] 그러셨군요. 정말 슬프시겠어요. [SEP] 병들어 버린 낡은 몸 때문에 울고만 싶다. 너무 우울해서 정신병이 올 것 같아. [SEP] 몸과 마음이 아파 견디기 힘드시겠어요. [SEP] 긍정적으로 생각하고 몸과 마음을 건강하게 유지하도록 노력해야겠어. 치료도 열심히 받을 거야. [SEP] 치료가 잘 되어 건강해지시길 바라요.,E24,Pro_08835,Pro_08835_00024,Pro_08835,-0.0271126516163349,-0.179760068655014,-0.2820271253585815,-0.31862473487854,0.16098353266716,0.0471828505396842,-0.135062113404274,-0.0117200426757335,0.0342748798429966,0.2638522088527679,0.0507928282022476,-0.1386243551969528,-0.1126280799508094,-0.0784019380807876,-0.1118311583995819,-0.0206145364791154,-0.0690487325191497,-0.2334719598293304,-0.2043644189834594,0.1392789483070373,-0.0084619345143437,0.0342025570571422,-0.102644182741642,-0.0778187215328216,-0.095887541770935,-0.0574737899005413,-0.3250554203987121,0.2137266844511032,-0.2220088094472885,0.201782539486885,-0.2659906446933746,-0.0661451518535614,-0.1879583895206451,-0.0050400700420141,0.0743430405855178,0.3687588274478912,0.0313834995031356,0.0808868557214737,-0.1578910201787948,0.0317000448703765,-0.2392960488796234,0.2378608584403991,-0.1136640682816505,-0.0944980829954147,-0.1082797870039939,-0.0318510010838508,0.0724768489599227,-0.0801851600408554,0.0490738973021507,-0.0952065959572792,-0.52506023645401,0.1525071710348129,0.2596840858459472,-0.3687966763973236,-0.0823850259184837,-0.0310386903584003,0.136648878455162,-0.1932533383369445,0.2457607686519622,0.0019944247324019,0.002275421982631,0.2299727201461792,0.1535580605268478,0.148343414068222,0.1114852353930473,0.2698628306388855,0.4594865441322326,0.3684892058372497,1
s_000175,오늘 승진 발표가 있는 날이야. [SEP] 이번에 승진이 예정되어 있나요? [SEP] 그건 모르지만 왠지 승진을 못 하고 떨어질 것 같아서 두려워. [SEP] 승진을 못 하면 두려운 이유가 있나요? [SEP] 승진해서 부모님께 자랑스러운 딸이 되고 싶은데 그게 안 될까 봐 두려운 것 같아. [SEP] 부모님을 실망하게 할까 봐 두려우시군요.,E31,Pro_05362,Pro_05362_00021,Pro_05362,-0.0672300830483436,-0.2152886241674423,-0.2699922621250152,-0.2577157020568847,0.1200503706932067,0.0967324897646904,-0.1411072313785553,-0.0507135055959224,0.0389632396399974,0.2509763240814209,0.0337860397994518,-0.1788976937532425,-0.0998755246400833,-0.0639499947428703,-0.080130323767662,0.0551866888999938,-0.0718432292342186,-0.2683950960636139,-0.2022938132286071,0.0645736977458,-0.0484195090830326,0.0414435379207134,-0.0744366347789764,-0.1374949812889099,-0.0999809429049491,-0.0865890756249427,-0.348098486661911,0.1977119296789169,-0.2408846467733383,0.233146846294403,-0.2750844657421112,-0.0891632437705993,-0.2242940217256546,-0.0835637226700782,0.0789401307702064,0.3522662818431854,0.0443356782197952,0.1024611741304397,-0.147894486784935,-0.0031471895053982,-0.215221419930458,0.2290120422840118,-0.1429785788059234,-0.0986142456531524,-0.0876506567001342,-0.0571557693183422,0.1068272665143013,-0.0896938890218734,0.0484792590141296,-0.1141580566763877,-0.5098969340324402,0.1276564747095108,0.1892355978488922,-0.3229520618915558,-0.1056113913655281,-0.0557568632066249,0.0629483982920646,-0.1797141432762146,0.2730148732662201,0.0347803756594657,-0.0037423309404402,0.1812414675951004,0.1640392392873764,0.1352585852146148,0.1878110468387603,0.307874321937561,0.4458753168582916,0.3054997026920318,1
s_000176,학교폭력위원회가 열려 내가 괴롭힌 애의 부모님이 하는 이야기를 들었는데 내 행동이 창피해. [SEP] 지난 행동에 대해서 다시 들으니 부끄러우셨나 봐요. [SEP] 무섭기도 했지. 하지만 내가 한 행동이 친구와 친구의 가족들을 슬프게 한 짓인 것을 알았어. [SEP] 그러면 어떻게 하면 좋을까요? [SEP] 장난이라 생각했는데 친구는 너무 힘들었나 봐. 이젠 친구 입장에서 생각해야지. [SEP] 밖에서 만나자고 말하려고 하시는군요.,E56,Pro_01907,Pro_01907_00030,Pro_01907,-0.1011004820466041,-0.1650962233543396,-0.2690759301185608,-0.1875682026147842,0.0762615129351615,0.0927866920828819,-0.1496565639972686,-0.076295331120491,0.0240397155284881,0.2445603907108307,0.0030938733834773,-0.20347361266613,-0.1234527826309204,-0.0081561636179685,-0.0184802059084177,0.0702694505453109,-0.0419638343155384,-0.2876242399215698,-0.2391862422227859,0.0069473832845687,-0.12239271402359,0.0458933636546134,-0.0894275233149528,-0.1642579883337021,-0.0587823688983917,-0.05759784206748,-0.3883868455886841,0.2105510979890823,-0.2212286442518234,0.2635775506496429,-0.2169139981269836,-0.0908272638916969,-0.2485735416412353,-0.1876657158136367,0.102180540561676,0.3696661293506622,0.0521846003830432,0.0716414824128151,-0.1784100383520126,-0.0161045901477336,-0.2176477909088134,0.2450919300317764,-0.177428662776947,-0.1071917340159416,-0.1119952499866485,-0.0903201550245285,0.1632406562566757,-0.0910312682390213,-0.0104128178209066,-0.1333505064249038,-0.524399995803833,0.1668384671211242,0.1420821994543075,-0.2631984055042267,-0.1479858309030532,-0.1530467271804809,0.0253926962614059,-0.1725564301013946,0.2808279991149902,0.0367540977895259,0.023813746869564,0.0902521982789039,0.1517164707183838,0.1500739902257919,0.2845106720924377,0.3454827666282654,0.3891531229019165,0.3387656211853027,1
s_000177,오래 가지고 있었던 심장병이 다시 도질 조짐이 보여. 너무 불안해. [SEP] 오래 가지고 있었던 심장병이 다시 생길것같아 불안하시군요. 그렇게 생각하는 이유가 있을까요? [SEP] 고통스러울 정도로 아프고 숨이 안 쉬어질 때가 있어서 불안해. [SEP] 고통스러울 정도로 아프고 숨이 안 쉬어질 때가 있어 불안한 마음이 크신거군요.,E32,Pro_10583,Pro_10583_00005,Pro_10583,-0.0264042541384696,-0.263747364282608,-0.2800968289375305,-0.3006923198699951,0.164032980799675,0.0960351601243019,-0.1801872700452804,-0.0455628596246242,0.0525839552283287,0.2733731567859649,0.0359575189650058,-0.1859151571989059,-0.111632190644741,-0.0971456095576286,-0.1346839517354965,0.0408613495528698,-0.1186454370617866,-0.2810940146446228,-0.2100688219070434,0.1114312037825584,-0.0037650102749466,0.0163642670959234,-0.0779237896203994,-0.1676710247993469,-0.1663916110992431,-0.1233673393726348,-0.3430628180503845,0.1813054680824279,-0.2851675450801849,0.2497146874666214,-0.3197406232357025,-0.0682940781116485,-0.2261489629745483,-0.0207579210400581,0.0715183019638061,0.3691704869270324,0.0788874924182891,0.1027556508779525,-0.1510131806135177,0.0054889479652047,-0.2398957908153534,0.2568443417549133,-0.1203287914395332,-0.0659621357917785,-0.0839011520147323,-0.0235178098082542,0.0748333930969238,-0.1094195619225502,0.08536097407341,-0.1048363000154495,-0.5455164909362793,0.107419729232788,0.2357001155614853,-0.3981249928474426,-0.1376256495714187,-0.0147717548534274,0.1229224130511283,-0.1827066540718078,0.2906942367553711,0.033584464341402,-0.0331653915345668,0.2466093003749847,0.1689695119857788,0.1261120438575744,0.1678173840045929,0.2610146105289459,0.5340930819511414,0.3258966505527496,1
s_000178,남편이 우울증을 앓고 있었다는 걸 알게 되었어. 나에게도 말하지 못했다는 게 너무 안쓰러워. [SEP] 남편이 우울증을 앓고 있군요. 아주 슬프시겠어요. [SEP] 앞으로는 남편이 힘든 걸 나에게 다 털어놓았으면 좋겠어. [SEP] 남편과 깊은 이야기를 나누기 위해서는 어떻게 하는 게 좋을까요? [SEP] 사소한 일도 털어놓을 수 있게 대화하는 시간을 자주 마련해야겠어. [SEP] 남편과 좋은 대화 시간을 가지길 바라요.,E28,Pro_08839,Pro_08839_00007,Pro_08839,-0.0550650581717491,-0.204732596874237,-0.2752855718135834,-0.2580938935279846,0.1280918717384338,0.0822517797350883,-0.1584383696317672,-0.0504789836704731,0.0368412211537361,0.2581249177455902,0.0239811893552541,-0.1824628263711929,-0.116496205329895,-0.0578583143651485,-0.0839381292462349,0.0378675386309623,-0.0769600421190261,-0.2715313136577606,-0.220319002866745,0.0767423510551452,-0.0522796176373958,0.0310226958245039,-0.0885557234287262,-0.1470515877008438,-0.1092917695641517,-0.083181507885456,-0.3552988767623901,0.19803287088871,-0.2454723417758941,0.2445392459630966,-0.2654190361499786,-0.0745271071791648,-0.225198745727539,-0.0839004144072532,0.0837902277708053,0.3675757348537445,0.0594904907047748,0.084461860358715,-0.1627234071493148,0.0033265787642449,-0.2286434173583984,0.247972697019577,-0.1400257498025894,-0.0860080048441886,-0.1008153110742569,-0.0510686635971069,0.1086336523294448,-0.095481090247631,0.0385774821043014,-0.1130174100399017,-0.5304270386695862,0.1406914591789245,0.2032331079244613,-0.3385627865791321,-0.130949929356575,-0.0740096122026443,0.0877263247966766,-0.1793072819709777,0.2754960656166076,0.0278232973068952,-0.002670330228284,0.1803372502326965,0.1571534574031829,0.1392912119626999,0.2020224183797836,0.2923628985881805,0.4578823447227478,0.3395909070968628,1
s_000179,아까 학교에 모친이 오셨는데 일부러 부끄러워서 모른척했어. [SEP] 어머니의 어떤 면이 부끄러우셨는데요? [SEP] 내가 늦둥이라 어머니랑 나이차이가 많이나거든. [SEP] 친구들의 눈길이 신경쓰인건가요? [SEP] 전에 친구가 우리 어머니보고 할머니냐고 물어본적이 있어서 그래. [SEP] 친구들이 어머니를 보는 시선이 신경쓰이셨군요.,E56,Pro_00107,Pro_00107_00031,Pro_00107,-0.1464411169290542,-0.1810179352760315,-0.2486039847135543,-0.1362465918064117,0.0291756596416234,0.1346178501844406,-0.1129216626286506,-0.0963297635316848,0.0250491816550493,0.2140294015407562,0.004200508352369,-0.213366687297821,-0.0855234339833259,-0.0037172639276832,0.016478220000863,0.1343289017677307,-0.0207348838448524,-0.2886736392974853,-0.2047720402479171,-0.0596884936094284,-0.1458430290222168,0.0703280121088028,-0.0530760698020458,-0.1682513952255249,-0.0299944765865802,-0.0685533285140991,-0.3808016180992126,0.1998183727264404,-0.2079159766435623,0.2530412375926971,-0.2185037434101104,-0.1243737414479255,-0.2576608657836914,-0.2360862344503402,0.0959769785404205,0.324881762266159,0.0284993462264537,0.1088461354374885,-0.1449525952339172,-0.0434173196554183,-0.1683610081672668,0.2004716992378235,-0.1959968656301498,-0.1302804499864578,-0.0819243341684341,-0.1180435046553611,0.1803727149963379,-0.0795229375362396,-0.0059074950404465,-0.1428145915269851,-0.4624967873096466,0.1369496583938598,0.0669991746544838,-0.1869246363639831,-0.1109368056058883,-0.1448461413383484,-0.0666276589035987,-0.1603866964578628,0.2793725430965423,0.063939444720745,0.0270319283008575,0.04569723457098,0.1618355065584182,0.1351842880249023,0.3011248707771301,0.3879230320453644,0.3316615521907806,0.2426798343658447,1
s_000180,내 친구 아들은 대기업에서 일하고 있는데 우리 아들 하는 짓을 보면 너무 한심하네. [SEP] 조금만 더 자세히 설명해주세요. [SEP] 우리 아들은 하라는 취직 준비는 안 하고 매일 친구들과 술 마시러 나가. [SEP] 이 상황을 해결하기 위해 무엇을 하는 게 최선일까요? [SEP] 계속 다른 사람과 비교했으니 이제는 조금 격려하고 응원해줄 거야. [SEP] 지인들의 도움으로 부담을 덜 수 있길 바랄게요.,E58,Pro_07069,Pro_07069_00010,Pro_07069,-0.1464892029762268,-0.180474117398262,-0.2597630023956299,-0.1523169875144958,0.0386200957000255,0.1334350556135177,-0.1264114081859588,-0.0960378423333168,0.0247700996696949,0.2329785823822021,0.00990816578269,-0.2179878205060959,-0.1021962538361549,0.0059040472842752,0.0184779986739158,0.1272600442171096,-0.0257764123380184,-0.3046031892299652,-0.2237152308225631,-0.0547926723957061,-0.1522152423858642,0.0688182711601257,-0.0625587999820709,-0.1742904335260391,-0.028295274823904,-0.0601931251585483,-0.4036367833614349,0.2163395583629608,-0.2147174626588821,0.2659753262996673,-0.2220666110515594,-0.1276327073574066,-0.2703497409820556,-0.244383305311203,0.1056115701794624,0.352465808391571,0.0297574959695339,0.0988994911313057,-0.1652503609657287,-0.0425671860575675,-0.1978368014097213,0.2185760587453842,-0.2068683505058288,-0.1390174627304077,-0.0928060859441757,-0.1208856850862503,0.1922521740198135,-0.0858453214168548,-0.012724919244647,-0.1503001451492309,-0.5000460147857666,0.1541213095188141,0.0859631672501564,-0.2053252160549163,-0.1256916224956512,-0.1637830734252929,-0.0485188029706478,-0.1722083687782287,0.2919004559516907,0.057811502367258,0.0296594202518463,0.050380889326334,0.1661828756332397,0.1490667760372162,0.3164651989936828,0.4063989520072937,0.35409876704216,0.2815656065940857,1
s_000181,최 씨 할머니에게 백만 원을 빌려주었다가는 못 돌려받을 것 같아 불안해. [SEP] 돈을 빌려주었다가 못 돌려받을 것 같아 불안하시겠어요. [SEP] 최 씨 할머니가 돈을 안 갚기로 유명하거든. [SEP] 그렇다면 많이 불안하시겠네요. 돈을 받으려면 어떻게 하면 좋을까요? [SEP] 다른 이유를 대면서 돈을 빌려주지 말아야겠어. [SEP] 돈을 안 빌려줄 생각이시군요.,E34,Pro_12445,Pro_12445_00030,Pro_12445,-0.0394227094948291,-0.2529433071613312,-0.2754178643226623,-0.2718984484672546,0.1455669552087783,0.099375307559967,-0.1787706017494201,-0.0560407117009162,0.0488279089331626,0.2647521793842315,0.0242309886962175,-0.1945906430482864,-0.1119991466403007,-0.0832507759332656,-0.1154302731156349,0.0535987876355648,-0.1088479906320571,-0.2842739522457123,-0.2143720835447311,0.0875833928585052,-0.0260905977338552,0.0188010446727275,-0.0768562778830528,-0.1779107898473739,-0.1556223034858703,-0.1200849860906601,-0.3491317629814148,0.1785416305065155,-0.2791109979152679,0.2566565871238708,-0.3036009669303894,-0.0697571262717247,-0.2319375425577163,-0.0544439442455768,0.0754668191075325,0.3642805218696594,0.0815699473023414,0.099009096622467,-0.1524796187877655,-0.0013087048428133,-0.229611650109291,0.2549892067909241,-0.1291547566652298,-0.066160187125206,-0.0856838896870613,-0.034194529056549,0.0900120586156845,-0.1085390374064445,0.070859894156456,-0.109501376748085,-0.5374241471290588,0.1111787930130958,0.2112244963645935,-0.3735572099685669,-0.1466297209262848,-0.0385209880769252,0.1006684377789497,-0.1759630441665649,0.2911375164985657,0.0387299582362175,-0.0266330000013113,0.2164420038461685,0.1650447398424148,0.1249462366104126,0.1964893639087677,0.2692128419876098,0.5097980499267578,0.3179368376731872,1
s_000182,아이와 여행 다녀왔어. [SEP] 아이와 여행을 다녀오셨군요. 자세히 말씀해 주세요. [SEP] 아이와 여행을 가서 시간을 많이 보냈어. 너무 즐겁고 좋았지. [SEP] 아이와 함께 시간을 보내 즐거우신 것 같아요. 어떤 점이 좋으셨나요? [SEP] 아이에게 추억을 많이 쌓아준 것 같아 너무 뿌듯하고 행복해. [SEP] 아이에게 추억이 생긴 것이 기쁘셨군요.,E60,Pro_07071,Pro_07071_00010,Pro_07071,-0.2121973186731338,-0.1634320616722107,-0.2439936399459839,-0.045669388025999,-0.0365770980715751,0.1719691455364227,-0.1136097088456153,-0.1399974375963211,0.015503266826272,0.2075435668230056,-0.0170871075242757,-0.2555077373981476,-0.0947012826800346,0.0572772733867168,0.0977929979562759,0.2006217092275619,0.0088094202801585,-0.3326229751110077,-0.2322531789541244,-0.1626603901386261,-0.2344557642936706,0.0897363275289535,-0.0434282161295414,-0.2160497456789016,0.0205710511654615,-0.0528860948979854,-0.438517153263092,0.2169805169105529,-0.1982383579015731,0.2937042415142059,-0.1815396845340728,-0.157761737704277,-0.3069447875022888,-0.3701335787773132,0.1222726330161094,0.3365747630596161,0.0248801484704017,0.1043412834405899,-0.1673509031534195,-0.080501489341259,-0.1653591692447662,0.2025345265865326,-0.2545596659183502,-0.1627863347530365,-0.0874517261981964,-0.1714196801185608,0.2566491961479187,-0.0835645943880081,-0.0558674223721027,-0.1777932047843933,-0.4729356169700622,0.159853458404541,-0.0192016121000051,-0.0939192101359367,-0.1438828408718109,-0.2408691495656967,-0.154983177781105,-0.1566828936338424,0.3072668313980102,0.0858205631375312,0.0511557757854461,-0.06367938965559,0.167300671339035,0.1490387320518493,0.4270233511924743,0.4770683646202087,0.2738437056541443,0.2322682738304138,1
s_000183,요즘 남편이 주식에 미친 것 같아 너무 화가 나. 주식이 망해서 우리 집 이사했어. [SEP] 남편의 주식으로 인해 엄청 속상하시겠군요. [SEP] 아니 문제는 집안이 망했는데 또 주식에 투자한다고 난리를 친다. 아직도 정신을 못 차렸어. [SEP] 남편의 행동으로 인해 더 화가 나셨겠군요. 앞으로 어떻게 하실 건가요? [SEP] 내 맘이 굴뚝같아 이혼하고 싶지만 일단 남편과 상의해서 주식 좀 작작 하라고 말리고 싶어. [SEP] 남편과의 대화로 잘 해결되셨으면 좋겠어요.,E44,Pro_08975,Pro_08975_00010,Pro_08975,-0.0143659440800547,-0.2728224396705627,-0.2863610684871673,-0.2970878183841705,0.1732511222362518,0.0931817069649696,-0.2106722593307495,-0.0542696379125118,0.0546777285635471,0.2851519882678985,0.0222761072218418,-0.2023543119430542,-0.1309150457382202,-0.0933614894747734,-0.1428351551294326,0.0378914400935173,-0.1362499594688415,-0.2983740866184234,-0.2329794317483902,0.1163051649928093,-0.0088203605264425,0.0010688189649954,-0.087667241692543,-0.2007531374692917,-0.1922018975019455,-0.1347292810678482,-0.3586659729480743,0.1757687330245971,-0.3056547939777374,0.2752695977687835,-0.3227242827415466,-0.054207794368267,-0.2386353760957718,-0.0282118748873472,0.0774524062871933,0.3883948624134063,0.1065244078636169,0.0879330560564994,-0.1676111966371536,0.0054036262445151,-0.2572530210018158,0.2831786572933197,-0.1210217028856277,-0.0470343194901943,-0.0931286662817001,-0.0161671563982963,0.0799251645803451,-0.1234469041228294,0.0823572725057601,-0.1073957309126854,-0.5747235417366028,0.1124303191900253,0.2450847327709198,-0.4212089478969574,-0.1796641200780868,-0.0338219478726387,0.1461015939712524,-0.1809596419334411,0.3059802651405334,0.0336442403495311,-0.04009510576725,0.2487208843231201,0.1660811603069305,0.1266905218362808,0.2003455907106399,0.2459017634391784,0.5668461322784424,0.3556880354881286,1
s_000184,최근에 친구 두 명을 사귀었는데 나랑 마음이 잘 통해서 영희를 마음껏 괴롭히고 있어. [SEP] 조금 더 자세히 말씀해 주시겠어요? [SEP] 그 친구들도 평소에 영희를 싫어했던 애들이라 내가 영희를 괴롭힐 때 친구들이 망을 봐줘. [SEP] 계속해서 영희를 괴롭힐 생각인가요? [SEP] 망 봐준다고 하다가 친구들이 도망가버리고 들키면 나만 혼나게 되니까. 걱정이긴 해. [SEP] 옳은 선택을 하길 바랄게요.,E66,Pro_01917,Pro_01917_00015,Pro_01917,-0.1436115801334381,-0.1892096996307373,-0.2534026205539703,-0.1327240020036697,0.0328687131404876,0.1371975690126419,-0.1325719654560089,-0.1039264202117919,0.0265735667198896,0.2235608696937561,-0.0028214452322572,-0.2260815054178238,-0.0980812311172485,0.0013712113723158,0.0150579940527677,0.1376204192638397,-0.0315432772040367,-0.3040544390678406,-0.2205580770969391,-0.0622390024363994,-0.1528010964393615,0.0627447292208671,-0.0577161610126495,-0.1916362792253494,-0.0439430996775627,-0.0752836614847183,-0.3955363929271698,0.1993244141340255,-0.2222947925329208,0.2716580331325531,-0.222158282995224,-0.1199435666203498,-0.2698417901992798,-0.2474449276924133,0.1014888063073158,0.3399536609649658,0.0442008227109909,0.1010250598192215,-0.1571262776851654,-0.0462260879576206,-0.1822346895933151,0.2177364975214004,-0.2011375725269317,-0.1229844167828559,-0.087215706706047,-0.1169401109218597,0.1882249861955642,-0.089070625603199,-0.0087014622986316,-0.1473623365163803,-0.4866944253444671,0.1410413980484008,0.0703268870711326,-0.2009350657463073,-0.1379278153181076,-0.1602831333875656,-0.0566009655594825,-0.1610619872808456,0.2924883067607879,0.065404936671257,0.023361338302493,0.0440932400524616,0.1623464226722717,0.1374420523643493,0.3274506330490112,0.3874852061271667,0.3528715670108795,0.2612437307834625,1
s_000185,돈이 많으면 행복할 줄 알았는데 막상 내가 아프니 자녀들이 돈 문제로 싸워서 눈물이 나. [SEP] 기대와 달리 돈이 자녀들을 분열시켜서 눈물이 나셨군요. [SEP] 돈을 많이 모으기 위해 열심히 살았던 것이 헛된 것이었나 하는 생각도 들어. [SEP] 지금의 상황을 조금이나마 해결할 방안이 있을까요? [SEP] 자녀들과 같이 대화하면서 인정에 호소해봐야겠어. [SEP] 자녀들과의 대화로 갈등이 완화되길 바랄게요.,E27,Pro_12378,Pro_12378_00007,Pro_12378,-0.0374506711959838,-0.2692870199680328,-0.2818740904331207,-0.2819823324680328,0.1541746705770492,0.1071083843708038,-0.1938483715057373,-0.0600919350981712,0.0525920540094375,0.2780200839042663,0.0270131137222051,-0.2038951814174652,-0.1206076815724372,-0.0837215110659599,-0.121516428887844,0.0587363429367542,-0.121873565018177,-0.3008323311805725,-0.2247526496648788,0.0890477746725082,-0.0250512715429067,0.0146564887836575,-0.077578030526638,-0.1948911100625991,-0.1686251908540725,-0.1276733726263046,-0.3642240166664123,0.1825604140758514,-0.2946162521839142,0.2707279622554779,-0.3178380727767944,-0.0721067860722541,-0.2447874993085861,-0.0564598776400089,0.0795858278870582,0.3797817826271057,0.0897953808307647,0.0983969569206237,-0.1619720757007599,-0.0044919694773852,-0.247172400355339,0.2680064737796783,-0.1351442188024521,-0.0663446709513664,-0.0868100523948669,-0.0326937586069107,0.0946522504091262,-0.1171993762254715,0.0761715322732925,-0.1146656945347786,-0.5608752965927124,0.111883208155632,0.220848724246025,-0.391629010438919,-0.1622933745384216,-0.0420143194496631,0.1113775894045829,-0.1818104386329651,0.3057412207126617,0.0401908122003078,-0.0325519293546676,0.227015271782875,0.1710231304168701,0.1288855373859405,0.209837794303894,0.2769899070262909,0.5392961502075195,0.3325965106487274,1
s_000186,우울증 때문에 직장에 나가지 못해 하지만 내가 돈 벌지 않으면 가족들은 어떻게 해야 할지 모르겠어. [SEP] 생계 부양에 대한 부담감 때문에 힘드시겠어요. [SEP] 나는 정말 무능한 엄마인 거 같아. [SEP] 상황을 해결할 수 있는 방법에는 무엇이 있을까요? [SEP] 근처에 있는 병원에 가서 빨리 우울증을 치료해야 될 거 같아. [SEP] 병원에 가셔서 우울증을 치료하시길 바라요.,E55,Pro_08746,Pro_08746_00034,Pro_08746,-0.0960189551115036,-0.2240865975618362,-0.2658175826072693,-0.1724757552146911,0.079586423933506,0.1235080808401107,-0.1813125759363174,-0.0987757816910743,0.0370209068059921,0.2478324025869369,-0.0102936187759041,-0.2343524992465973,-0.1211281791329383,-0.0250040907412767,-0.0388984717428684,0.1099679768085479,-0.0779444351792335,-0.3153224289417267,-0.2406160533428192,-0.008710641413927,-0.1151373162865638,0.0309664141386747,-0.0723228901624679,-0.2252517491579055,-0.1132972240447998,-0.1066110953688621,-0.3937082886695862,0.1824166476726532,-0.2656866908073425,0.2939999401569366,-0.25460284948349,-0.0874534547328949,-0.2700331509113312,-0.1915174126625061,0.097612053155899,0.3651186823844909,0.0886123329401016,0.0865589156746864,-0.1701535731554031,-0.0324662365019321,-0.2127640545368194,0.2572796940803528,-0.1765183359384536,-0.0809736177325248,-0.0941155701875686,-0.0806963741779327,0.1593769639730453,-0.1110294684767723,0.0170247256755828,-0.1366822570562362,-0.5329946279525757,0.132060244679451,0.1246323063969612,-0.2869062423706054,-0.18643419444561,-0.1368431895971298,0.0182640496641397,-0.1617696285247802,0.3083558678627014,0.0587622560560703,-0.0026579585392028,0.1046983748674392,0.1599304676055908,0.1307949125766754,0.3189871311187744,0.3281210958957672,0.4401528239250183,0.3048044741153717,1
s_000187,아무리 내가 재산이 많아도 그렇지 어쩜 용돈 한 번 안 보낼 수 있지? 자식들에게 화가 나. [SEP] 사용자님을 생각하지 않은 것 같아서 화가 났군요. [SEP] 큰 금액이 아니라도 성의 표시라도 하는 게 자식 된 도리라고 생각해. [SEP] 어떻게 하면 지금의 기분이 조금 더 나아질 수 있을까요? [SEP] 자식들에게 서운한 마음을 이야기하고 나가서 쇼핑하며 기분전환을 해야겠어. [SEP] 자식분들과 대화가 잘 풀리고 즐거운 쇼핑을 하길 바랄게요!,E18,Pro_12429,Pro_12429_00024,Pro_12429,0.5187513828277588,0.990590751171112,0.994986057281494,0.9999704360961914,0.998359203338623,0.9951969981193542,-0.859472930431366,-0.8057364821434021,-0.1510653048753738,-0.1975250542163849,0.990035891532898,-0.6491786241531372,0.9999977350234984,-0.9384319186210632,0.9942410588264464,0.992404043674469,-0.9999456405639648,0.5330952405929565,0.9999834895133972,0.0463973321020603,0.8278805613517761,-0.4756659269332886,-0.8835027813911438,-0.9999596476554872,0.8771654963493347,-0.9975953698158264,0.2403126507997512,0.9922353625297546,-0.6873003840446472,-0.9999810457229614,-0.998084843158722,0.9999863505363464,-0.9958871006965636,0.6431111097335815,-0.98777437210083,0.9999783635139464,0.9999898672103882,0.999369502067566,0.7341135740280151,0.574827253818512,-0.3835889399051666,-0.5928323864936829,-0.7943931221961975,0.7553934454917908,0.9696869850158693,-0.9375938177108764,0.7921494245529175,-0.6113300323486328,0.997847020626068,-0.7039183974266052,0.0300060454756021,0.9187239408493042,0.8945772051811218,0.876343309879303,-0.9890835881233216,-0.8748101592063904,0.5233376026153564,0.9991143941879272,-0.9072695374488832,-0.9961414933204652,-0.9919351935386658,-0.9998167753219604,-0.4645419716835022,0.9861348867416382,0.1324656307697296,0.2036076188087463,0.6671960353851318,0.3571993708610534,3
s_000188,합격 연락이 왔는데 사실 내가 다니고 싶은 회사는 아니어서 지금 고민이 돼. [SEP] 희망하는 회사가 아니라 고민이신 거네요. [SEP] 아무래도 같은 계열은 맞지만 업무 자체가 다른 직종이라 고민이네. 내가 흥미를 갖고 잘 해낼 수 있을까? [SEP] 아직 겪어보지 못하여 걱정이 많으시겠지만 고민하시는 만큼 방법을 잘 찾아내실 수 있을 거로 생각해요.,E36,Pro_05367,Pro_05367_00033,Pro_05367,-0.0629364475607872,-0.2319239974021911,-0.276698499917984,-0.2574117481708526,0.1271237879991531,0.1031696200370788,-0.1673077940940857,-0.0606065280735492,0.0424523651599884,0.2648818492889404,0.0270226225256919,-0.1962362676858902,-0.1150776669383049,-0.0603027716279029,-0.0851607993245124,0.0618102252483367,-0.0889757499098777,-0.2905645370483398,-0.2214397639036178,0.0623906664550304,-0.0542142502963542,0.0315095819532871,-0.0785086899995803,-0.1697195321321487,-0.1213417872786521,-0.0984924361109733,-0.3680215775966644,0.196866974234581,-0.2625876665115356,0.2579863369464874,-0.2854686081409454,-0.0849709808826446,-0.2416804581880569,-0.0954454392194747,0.0854013189673423,0.3717857003211975,0.0647588968276977,0.0951681286096572,-0.1625969409942627,-0.0075976317748427,-0.2343320995569229,0.2510224282741546,-0.1496793776750564,-0.0896182432770729,-0.0923647731542587,-0.0546486936509609,0.1156290769577026,-0.1031102389097213,0.0491588823497295,-0.1203465163707733,-0.5408496260643005,0.1300115138292312,0.1952721178531646,-0.3438179492950439,-0.1397428512573242,-0.0711854398250579,0.0767627134919166,-0.1817046850919723,0.292242556810379,0.0377348102629184,-0.0109083168208599,0.1845911145210266,0.1668461561203003,0.1376667469739914,0.2195704579353332,0.3083350956439972,0.4797882735729217,0.3271979987621307,1
s_000189,요즘 아들과 대화하는 게 두려워. [SEP] 아들과 대화하는 게 두려워서 속상하시군요. 무슨 일 있으셨어요? [SEP] 요새 사춘기인지 이유 없이 대들고 말대꾸를 해. [SEP] 아드님이 사춘기라 마음이 많이 안 좋으시군요.,E31,Pro_08602,Pro_08602_00022,Pro_08602,-0.0370248034596443,-0.2229138165712356,-0.2763120532035827,-0.2902024388313293,0.1493158638477325,0.0797256380319595,-0.1553115397691726,-0.037185750901699,0.0427507273852825,0.2613125145435333,0.0369315780699253,-0.1695840954780578,-0.1078412905335426,-0.0824064090847969,-0.1124197691679,0.025664284825325,-0.0897049009799957,-0.2606382369995117,-0.2052852213382721,0.106514997780323,-0.018109206110239,0.0278278682380914,-0.0846419557929039,-0.1325751692056656,-0.1274179369211197,-0.0938984826207161,-0.3358380198478699,0.1926826536655426,-0.252732902765274,0.2299608290195465,-0.288250595331192,-0.0709481686353683,-0.2119920253753662,-0.0336155220866203,0.0735148563981056,0.3611498773097992,0.0566599108278751,0.0952084586024284,-0.150564506649971,0.0114910835400223,-0.2287894040346145,0.2424542158842086,-0.1225973442196846,-0.0805031582713127,-0.0922829881310463,-0.0346438661217689,0.0817987695336341,-0.0945377573370933,0.0631636828184127,-0.1031680554151535,-0.5252547860145569,0.1256843358278274,0.2275488078594207,-0.3662777543067932,-0.1129673048853874,-0.0312759093940258,0.1093672141432762,-0.1825388073921203,0.2701067328453064,0.0246982984244823,-0.014111129567027,0.2209665477275848,0.1609430313110351,0.1333971917629242,0.1566453725099563,0.2716918587684631,0.4828513562679291,0.3302550613880157,1
s_000190,배운 게 없어서 단순노동만 하는 삶이 너무 지긋지긋해. 돈이 모이질 않아. [SEP] 경제적인 여유가 없으셔서 걱정되시는군요. [SEP] 항상 말만 이렇게 하면서 나는 변화하지를 않아. 나 스스로가 너무 멍청한 것 같아. [SEP] 어떻게 하면 스스로 변화할 수 있을까요? [SEP] 어떻게든 돈을 모으고 단순노동만 하는 직업이 아닌 나의 역량을 키우는 걸 시도하겠어. [SEP] 새로운 시도를 통해 더 나은 삶이 되기를 바라요.,E13,Pro_08704,Pro_08704_00015,Pro_08704,-0.0106170587241649,-0.2318976670503616,-0.2849276065826416,-0.325501799583435,0.1784663498401641,0.0658675283193588,-0.169639304280281,-0.0241144355386495,0.046656347811222,0.2758328914642334,0.0438707172870636,-0.1613845974206924,-0.1176106184720993,-0.0979767143726348,-0.1415571719408035,-0.0016074837185442,-0.1072105690836906,-0.2578875720500946,-0.2107999622821808,0.145464688539505,0.0094644771888852,0.0164773426949977,-0.0947234034538269,-0.1277282088994979,-0.1508287489414215,-0.0986086428165435,-0.3305374979972839,0.1934532970190048,-0.2651025950908661,0.2288526743650436,-0.3036463558673858,-0.0575941950082778,-0.2042669355869293,0.011411877349019,0.0705869495868682,0.3754613995552063,0.0656303912401199,0.088544450700283,-0.156899407505989,0.0245035495609045,-0.2485465258359909,0.2572487592697143,-0.1073707342147827,-0.0687691867351532,-0.0977221727371215,-0.0153394183143973,0.0615226440131664,-0.1000137031078338,0.0768060162663459,-0.0953913182020187,-0.5470370650291443,0.1270339339971542,0.2667306065559387,-0.4085103273391723,-0.1196136623620987,-0.0106611419469118,0.154274970293045,-0.1892652362585067,0.2709297835826874,0.0143426116555929,-0.0232561789453029,0.2598302364349365,0.1607989519834518,0.1355081051588058,0.1289719641208648,0.2464925050735473,0.5230234861373901,0.3600727319717407,1
s_000191,병원에서 아들이 나처럼 탈모가 진행될 거라고 해서 당황했어. [SEP] 아들이 탈모가 진행될 거라고 들어서 당황하셨군요. [SEP] 아들한테 너무 미안하고 부모로서 부끄러운 마음뿐이야. [SEP] 이 상황을 해결하기 위해 어떻게 해야지 될까요? [SEP] 병원에 다니면서 탈모가 최대한 진행되지 않도록 치료도 받고 관리도 해줘야겠지. [SEP] 딸과의 대화하시는 게 잘 풀렸으면 좋겠어요.,E56,Pro_07067,Pro_07067_00011,Pro_07067,-0.1651477813720703,-0.1766146868467331,-0.242293044924736,-0.0745485350489616,-0.001418718136847,0.1466367542743683,-0.1299061179161071,-0.1239952743053436,0.0216032210737466,0.2043138146400451,-0.025221362709999,-0.2426324188709259,-0.0942828431725502,0.0212401170283556,0.0459901988506317,0.1649793982505798,-0.0170408524572849,-0.3086228668689728,-0.2233050465583801,-0.1060954332351684,-0.1875713616609573,0.0659944415092468,-0.0516091734170913,-0.2135632336139679,-0.0308327581733465,-0.076620303094387,-0.4007299542427063,0.1880289316177368,-0.2145730555057525,0.2833032608032226,-0.1963782161474228,-0.1217606514692306,-0.2788366079330444,-0.2992819249629974,0.1054436489939689,0.3242708146572113,0.0518362633883953,0.0988822504878044,-0.1538312137126922,-0.059848453849554,-0.1566872745752334,0.2112061083316803,-0.2133624106645584,-0.1190487965941429,-0.0856177285313606,-0.1334584951400756,0.2102089971303939,-0.0880466327071189,-0.0289873424917459,-0.1539447456598281,-0.4634571075439453,0.1396285146474838,0.0199647340923547,-0.1511217057704925,-0.1532793790102005,-0.1932538300752639,-0.1002916321158409,-0.1457012891769409,0.2932254672050476,0.0779691934585571,0.0311853643506765,-0.0098298070952296,0.1556963920593261,0.1302595436573028,0.3761212825775146,0.3960290551185608,0.3112851083278656,0.2345349341630935,1
s_000192,오늘 내 생일이어서 아버지가 내가 갖고 싶어 하는 화장품을 선물해 주셨어 계속 오늘같았으면 좋겠어. [SEP] 참 기분이 좋으실 거 같아요. 아버님께서 어떤 선물을 해주셨나요? [SEP] 요새 우리 학급에서 유행하는 화장품을 선물해 주셨어. [SEP] 기분이 많이 좋아보이세요. 생일 축하드리고 식구분들하고 행복하게 보내세요.,E60,Pro_01671,Pro_01671_00025,Pro_01671,-0.167003646492958,-0.170819953083992,-0.2449660897254943,-0.0705219060182571,-0.0029309587553143,0.1446349918842315,-0.1355441510677337,-0.126527339220047,0.0199521239846944,0.2082378417253494,-0.0282943099737167,-0.2464553713798523,-0.101677805185318,0.0291001051664352,0.0517898015677928,0.1634238362312317,-0.0159482471644878,-0.3140560984611511,-0.2325608134269714,-0.1094389259815216,-0.1961337029933929,0.0648538768291473,-0.0563895143568515,-0.2187313139438629,-0.0279323309659957,-0.0721493363380432,-0.4097082018852234,0.1923514902591705,-0.2148155570030212,0.2901336848735809,-0.1904308944940567,-0.1208936050534248,-0.2838269472122192,-0.3102453947067261,0.1100736334919929,0.3331395983695984,0.0548118241131305,0.0920348837971687,-0.1623513102531433,-0.0603263825178146,-0.1642169654369354,0.2185448110103607,-0.218404620885849,-0.1199829131364822,-0.091459035873413,-0.1364439129829406,0.2179856598377227,-0.0901998132467269,-0.0369488559663295,-0.1571384817361831,-0.4749053418636322,0.1479930877685547,0.02047667093575,-0.1506600975990295,-0.16329325735569,-0.2079167664051056,-0.0976820737123489,-0.1471868157386779,0.2968679666519165,0.0763479173183441,0.0343010947108268,-0.0179258603602647,0.1546264141798019,0.1347242593765258,0.3903409838676452,0.4013971090316772,0.3118545413017273,0.2489227056503296,1
s_000193,친구들 사이에만 있으면 계속 눈치 보게 돼. 왠지 불안하고 불편해. [SEP] 친구들과 함께 있는 상황이 불편하시군요. [SEP] 애들이랑 맞지 않는 것 같아. 친구를 잘못 사귄 것 같아. [SEP] 친구들과 맞지 않고 잘못 사귄 것 같다는 마음이 들어 힘드시겠어요. [SEP] 지금 다니는 애들이랑 좀 거리를 둘래. 나와 맞는 친구가 필요해. [SEP] 사용자님과 맞는 친구를 만났으면 좋겠네요.,E44,Pro_00335,Pro_00335_00028,Pro_00335,-0.1039679273962974,-0.2349340468645095,-0.2749771773815155,-0.249874547123909,0.1021079048514366,0.1326283067464828,-0.1391462683677673,-0.0675261989235878,0.041141178458929,0.2638998031616211,0.0471294112503528,-0.1979191750288009,-0.0998463407158851,-0.0451959855854511,-0.05155660957098,0.0977625921368599,-0.0685703679919242,-0.3030447959899902,-0.2093943059444427,0.0199168510735034,-0.0770162716507911,0.0578235499560833,-0.0604819692671299,-0.1565637588500976,-0.0787547379732132,-0.0844162032008171,-0.3871666491031647,0.2193297743797302,-0.2479298561811447,0.2513017356395721,-0.2896362841129303,-0.1241332441568374,-0.2585456669330597,-0.1381691843271255,0.0916107594966888,0.368343710899353,0.0290368106216192,0.1168059185147285,-0.1582224816083908,-0.0252510085701942,-0.2322677820920944,0.2276172935962677,-0.179384097456932,-0.1337192505598068,-0.0812892466783523,-0.0841139480471611,0.1427309513092041,-0.0942265093326568,0.0440342910587787,-0.1367501318454742,-0.5314199328422546,0.1321184784173965,0.1655541509389877,-0.3015088140964508,-0.1044886708259582,-0.080950804054737,0.0230968035757541,-0.1929282546043396,0.2990082204341888,0.0470782183110713,0.0006932428805157,0.1598405987024307,0.1828258335590362,0.1484940201044082,0.2302468121051788,0.378235787153244,0.4498515725135803,0.2981785237789154,1
s_000194,내 친구가 경찰인데 병에 걸려 그만둬야 한대. 너무 안타까워. [SEP] 경찰인 친구가 병에 걸려 안타깝군요. [SEP] 참 정의롭고 바른 경찰이었는데 처한 상황이 얼마나 힘들까. [SEP] 친구를 위해 무엇을 할 수 있을까요? [SEP] 병이 괜찮아지고 나면 새롭게 도전할만한 일을 찾을 수 있도록 도와줘야겠어. [SEP] 친구를 생각하는 사용자님의 마음이 잘 전달되었으면 좋겠어요.,E23,Pro_07274,Pro_07274_00009,Pro_07274,-0.1022227630019187,-0.1973289996385574,-0.2899012565612793,-0.259878396987915,0.108863428235054,0.1089596003293991,-0.1527711004018783,-0.0621036738157272,0.032238595187664,0.2837046682834625,0.0461020655930042,-0.1962621361017227,-0.1311663836240768,-0.0175228882580995,-0.0357246957719326,0.0658224821090698,-0.0587021373212337,-0.3118432462215423,-0.2441511303186416,0.0308279804885387,-0.0991396754980087,0.0553981103003025,-0.0879648774862289,-0.1489647179841995,-0.0569141581654548,-0.0512631386518478,-0.4164281785488128,0.246989443898201,-0.2374294102191925,0.2637308239936828,-0.263548195362091,-0.1183136105537414,-0.2660398185253143,-0.1597481220960617,0.1089846417307853,0.4074141383171081,0.028073513880372,0.084744893014431,-0.1947254985570907,-0.0154385929927229,-0.2700729370117187,0.2550526559352875,-0.1926097869873047,-0.1440388262271881,-0.1110106408596038,-0.0908878222107887,0.1645910292863845,-0.0966270640492439,0.0117126302793622,-0.1442934274673462,-0.5752002000808716,0.1760250777006149,0.1923685669898986,-0.3112528920173645,-0.1271996647119522,-0.131739541888237,0.0547735393047332,-0.2064188718795776,0.3026933073997497,0.0283128228038549,0.0180112645030021,0.1448699384927749,0.1770282834768295,0.1734846532344818,0.255109429359436,0.3962233066558838,0.4512060582637787,0.3759556710720062,1
s_000195,난 다른 사람보다 많이 부족한 것 같아. 내가 과연 잘 할 수 있을까? [SEP] 앞으로 잘 할 수 있을까 걱정하시는군요. [SEP] 직장에서도 나만 일을 못 하는 것 같고 뒤처지는 느낌이야. [SEP] 지금 기분에서 벗어나는 방법으로 무엇이 있을까요? [SEP] 거울 앞에서 난 할 수 있다 난 괜찮다 열 번씩 크게 외쳐봐야겠어. [SEP] 효과가 있으시길 바라요.,E41,Pro_05132,Pro_05132_00012,Pro_05132,-0.1153604835271835,-0.2580074667930603,-0.2702100574970245,-0.1818868964910507,0.0771423801779747,0.1555562168359756,-0.1831941902637481,-0.1086436659097671,0.0438530854880809,0.2609761655330658,0.0055123902857303,-0.2474471628665924,-0.1166232898831367,-0.0251474920660257,-0.0339676216244697,0.1433820873498916,-0.0875824689865112,-0.3414868414402008,-0.2391189038753509,-0.0311709437519311,-0.1192245483398437,0.0402410663664341,-0.0566403456032276,-0.2419174611568451,-0.1139489561319351,-0.1176172345876693,-0.4158409237861633,0.1933952420949936,-0.2818294167518616,0.3055881857872009,-0.284253865480423,-0.1134429648518562,-0.2938454449176788,-0.2095474451780319,0.1019724607467651,0.3746578991413116,0.080326460301876,0.1058351173996925,-0.171339601278305,-0.0484171621501445,-0.2266884893178939,0.2555654346942901,-0.196760356426239,-0.1028686761856079,-0.082049161195755,-0.0924047231674194,0.1738259643316269,-0.1173435896635055,0.030416615307331,-0.15037801861763,-0.5493772625923157,0.1229094415903091,0.1163460537791252,-0.2886808216571808,-0.1823402345180511,-0.1327046006917953,-0.0030062405858188,-0.1729371547698974,0.33052459359169,0.0701622664928436,-0.0090434728190302,0.1115524247288703,0.178478866815567,0.1358605474233627,0.3348341882228851,0.3719108700752258,0.4648602902889251,0.2898837029933929,1
s_000196,최 사장이 운영하는 회사가 부도가 났다는 소식을 들은 이후로 낙담해서 힘이 없어. [SEP] 최 사장님의 회사가 부도나서 낙담하셨군요. 조금 더 자세히 말씀해 주시겠어요? [SEP] 내가 힘들 때 최 사장이 날 많이 도와줬어. 잘 되길 응원했는데 부도가 났다니 슬퍼. [SEP] 슬픈 심정이 나아질 만한 방법이 있을까요? [SEP] 일단 최 사장한테 연락을 해 봐야겠어. 내가 도와줄 수 있는 게 있으면 해 봐야지. [SEP] 최 사장님의 상황이 나아져서 사용자님의 마음이 편해지길 바랄게요.,E28,Pro_12439,Pro_12439_00055,Pro_12439,-0.0979595109820365,-0.1971539855003357,-0.2941036820411682,-0.3102487325668335,0.127608373761177,0.1044214963912963,-0.1238163560628891,-0.0364075005054473,0.0338932201266288,0.2896763980388641,0.0801271423697471,-0.1657871603965759,-0.1166501566767692,-0.0354702472686767,-0.0508550517261028,0.0454676114022731,-0.0518897846341133,-0.2930401563644409,-0.2210934162139892,0.0615203492343425,-0.0666992589831352,0.0691894143819809,-0.0841039046645164,-0.0955705568194389,-0.0379275493323802,-0.0358611196279525,-0.4011015594005584,0.265111893415451,-0.2218759655952453,0.2289819866418838,-0.2810299098491668,-0.1329367905855178,-0.2482133656740188,-0.1098348945379257,0.1014779359102249,0.4043239951133728,-0.0082708774134516,0.1006429269909858,-0.1836951971054077,-0.0043663438409566,-0.2769325673580169,0.2348204553127288,-0.1845167726278305,-0.1693875640630722,-0.1044874489307403,-0.0862659662961959,0.1439712196588516,-0.0834275484085083,0.0298201758414506,-0.1379525810480117,-0.5671656131744385,0.1753638833761215,0.224343866109848,-0.3245837688446045,-0.071315199136734,-0.0884343236684799,0.0677735731005668,-0.2228351384401321,0.2881887555122375,0.0169289838522672,0.0198711417615413,0.1853650361299514,0.1864767223596573,0.1814932227134704,0.1841318756341934,0.4101690053939819,0.4535697698593139,0.3729690015316009,1
s_000197,고등학교 졸업하면서 친구들과 연락이 다 끊겨서 너무 슬퍼. [SEP] 친구들과의 연락이 끊겨서 정말 슬프시겠어요. [SEP] 내가 먼저 연락해도 답장이 잘 안 와서 그냥 연락을 안 하게 돼. [SEP] 이 상황을 해결하기 위해 어떻게 할 수 있을까요? [SEP] 알바나 스터디를 구해서 새로운 친구를 사귀어봐야겠어. [SEP] 새로운 친구를 사귀고 잘 지낼 수 있게 되면 좋겠어요.,E21,Pro_03552,Pro_03552_00001,Pro_03552,-0.03605667501688,-0.1935920417308807,-0.2846326828002929,-0.2437902837991714,0.1375048011541366,0.0630524978041648,-0.2020976841449737,-0.0608350932598114,0.034145426005125,0.2722583711147308,-0.0033559524454176,-0.2025526016950607,-0.1516648977994918,-0.0416506677865982,-0.0869163125753402,0.0188632104545831,-0.0924408510327339,-0.2894598245620727,-0.2612084448337555,0.0860087797045707,-0.0699233263731002,0.0075429924763739,-0.1130949333310127,-0.1876713782548904,-0.1359122991561889,-0.0859480649232864,-0.3779602944850921,0.1932071298360824,-0.2641194760799408,0.2803405523300171,-0.2484782189130783,-0.0461021997034549,-0.2378012835979461,-0.1033501401543617,0.0958513766527175,0.398609846830368,0.100094087421894,0.0490583218634128,-0.1940230280160904,0.0087224757298827,-0.2540099620819092,0.2901746034622192,-0.1403050869703292,-0.0561003759503364,-0.1249010860919952,-0.0422749258577823,0.1207290515303611,-0.1127498894929885,0.0178351029753685,-0.1153033301234245,-0.5735896229743958,0.1622580885887146,0.2177785485982895,-0.3655167520046234,-0.1970905363559723,-0.1204581335186958,0.1269941926002502,-0.1746947020292282,0.2900762856006622,0.021143389865756,-0.0037392762023955,0.1681490987539291,0.1446053832769394,0.1442964524030685,0.255577027797699,0.26480233669281,0.4871512353420257,0.4013703763484955,1
s_000198,오늘은 우리 딸이 월급을 받는 날이야 그런데 정말 이해가 안 가. [SEP] 딸이 월급을 받아서 기분이 좋으시군요. [SEP] 월급날인데 맛있는 것 사 오라 하니까 버럭 화를 내서 어이가 없더군. [SEP] 따님이 화를 내서 속이 상하셨군요.,E29,Pro_08600,Pro_08600_00023,Pro_08600,-0.0809646621346473,-0.182076022028923,-0.2657603025436401,-0.2308520227670669,0.0995917469263076,0.0878607109189033,-0.1291414648294448,-0.0536505170166492,0.0303333271294832,0.2397439777851104,0.0246154256165027,-0.1768781244754791,-0.1013180464506149,-0.0439346693456172,-0.0535819977521896,0.0531120374798774,-0.049169585108757,-0.260537326335907,-0.2064175456762313,0.0461553148925304,-0.0737323015928268,0.0480951145291328,-0.0799924135208129,-0.1269620209932327,-0.0708952918648719,-0.0665073320269584,-0.3508482575416565,0.2030255198478698,-0.2186847031116485,0.2295004874467849,-0.2433908283710479,-0.0897995010018348,-0.2214427888393402,-0.1158130094408989,0.084190547466278,0.3477712571620941,0.0360144115984439,0.0923160389065742,-0.1519749909639358,-0.0037834278773516,-0.2047902196645736,0.2231592386960983,-0.1508780866861343,-0.1055774167180061,-0.0961705595254898,-0.0705055296421051,0.1227330341935157,-0.0818172693252563,0.0234138499945402,-0.1168929189443588,-0.4966967105865478,0.1434600800275802,0.1692550927400589,-0.2879106998443603,-0.102809265255928,-0.0860757231712341,0.0432873144745826,-0.1752463728189468,0.2627159655094147,0.0322204753756523,0.0120995622128248,0.1436773091554641,0.1558658629655838,0.1398421376943588,0.2054814994335174,0.3186922371387481,0.4021175801753998,0.3091475665569305,1
s_000199,노인정에서 김 씨와 싸우다가 김 씨가 고혈압으로 쓰러졌어. [SEP] 싸우다가 쓰러지는 것을 보았다니 당황하였겠어요. [SEP] 김 씨를 찾아 병원을 가볼까? [SEP] 병원에 가야할지 고민이시군요. [SEP] 우선 김 씨에게 사과하고 안부를 물어봐야겠어. [SEP] 김씨에게 사과를 하실 생각이시군요.,E55,Pro_12166,Pro_12166_00003,Pro_12166,-0.1048373878002166,-0.179888054728508,-0.2601149082183838,-0.2068873196840286,0.0769513398408889,0.1035756692290306,-0.1158180013298988,-0.0636688694357872,0.0283188913017511,0.2309467196464538,0.0243333969265222,-0.1832614094018936,-0.092111051082611,-0.0323162227869033,-0.0299711413681507,0.0783955976366996,-0.0359479114413261,-0.2659591436386108,-0.2005213350057602,0.0132924010977149,-0.0942181050777435,0.0597513727843761,-0.0694470703601837,-0.1294627785682678,-0.0500899627804756,-0.0628004744648933,-0.3581714928150177,0.2061666697263717,-0.2099290043115615,0.229894071817398,-0.236614853143692,-0.105837807059288,-0.2304113060235977,-0.1508322060108184,0.0869772285223007,0.3381412625312805,0.0245651230216026,0.1015586256980896,-0.1468566358089447,-0.0158540848642587,-0.1922381222248077,0.2096954882144928,-0.1659472733736038,-0.1207367405295372,-0.0897974073886871,-0.0876060724258422,0.1399900913238525,-0.077490359544754,0.0155245130881667,-0.1250344067811966,-0.4811261892318725,0.1415678858757019,0.138237789273262,-0.2525363564491272,-0.0927980691194534,-0.0992562100291252,0.0046897483989596,-0.1732314974069595,0.2648102939128876,0.0412134490907192,0.0188047736883163,0.1152433604001998,0.1597377210855484,0.140064999461174,0.2252097576856613,0.3476086556911468,0.3742662668228149,0.283867597579956,1
s_000200,지난 모의고사에서 떨어진 등급이 이번에 올랐어. 기분이 좋아. [SEP] 모의고사 등급이 올랐다니 기쁘겠어요. [SEP] 지난번에 등급이 떨어졌을 때 너무 우울했거든. [SEP] 지난번에 등급이 떨어졌을 때 너무 우울했군요. 앞으로 어떻게 하실 생각인가요? [SEP] 이제 안 떨어지게 관리를 잘해야겠어. [SEP] 좋은 성적을 유지하시길 바라요.,E68,Pro_01799,Pro_01799_00032,Pro_01799,-0.1659566611051559,-0.160298153758049,-0.2430293709039688,-0.0842377096414566,-0.0006296280189417,0.1377897709608078,-0.1169281229376792,-0.1148939505219459,0.0182592812925577,0.2029768079519271,-0.0179100334644317,-0.2304605990648269,-0.0922152400016784,0.023133747279644,0.0496210530400276,0.152316153049469,-0.0060706213116645,-0.2978496551513672,-0.2190528810024261,-0.0984952747821807,-0.1853877007961273,0.0717442780733108,-0.0553082153201103,-0.1904324740171432,-0.0137208690866827,-0.0618842467665672,-0.3960538208484649,0.1969062536954879,-0.1999401301145553,0.2701683342456817,-0.187764972448349,-0.1241440773010253,-0.2701400220394134,-0.2922698855400085,0.1052166372537612,0.3234849870204925,0.0375324971973896,0.0972504466772079,-0.1535691320896148,-0.0541024655103683,-0.1571078449487686,0.2043091207742691,-0.2119639366865158,-0.1285997182130813,-0.089116632938385,-0.1353110373020172,0.2081150263547897,-0.0806255266070365,-0.0339440144598484,-0.151814728975296,-0.4574570953845978,0.148049384355545,0.0276562459766864,-0.1448948085308075,-0.1353233456611633,-0.19150011241436,-0.0978432223200798,-0.149919331073761,0.2831683754920959,0.0709821209311485,0.0384711027145385,-0.0091658933088183,0.1542800515890121,0.1356485486030578,0.3573704361915588,0.4012002944946289,0.2962795495986938,0.2411744743585586,1
s_000201,월급은 한정적인데 부모님까지 모시면서 자식까지 키우기가 쉽지가 않아. [SEP] 한정적인 월급에 부모님과 자녀들을 모두 돌보느라 어려움을 겪으시는군요. [SEP] 부모님보다도 이런 내 모습에 아이들이 섭섭함을 느낄까 봐 그게 더 서글퍼. [SEP] 사용자님의 모습에 아이들이 섭섭함을 느낄까 봐 걱정이시군요. 이럴 땐 어떻게 해야 할까요? [SEP] 물질적으론 부족할지 몰라도 마음은 부족하지 않게 더 사랑을 느끼도록 표현해야겠어. [SEP] 사랑을 더 많이 표현하며 상황을 극복하길 바라요.,E20,Pro_07031,Pro_07031_00045,Pro_07031,-0.0301144570112228,-0.2086447775363922,-0.2812593579292297,-0.3184446692466736,0.1619351208209991,0.0658257901668548,-0.1426810324192047,-0.0199718326330184,0.0405689403414726,0.2668766379356384,0.052422285079956,-0.1499715000391006,-0.1078333407640457,-0.0864355415105819,-0.1187125816941261,0.0008240414899773,-0.0825912877917289,-0.2470908313989639,-0.2006886750459671,0.1302181333303451,-0.0038667314220219,0.0328032709658145,-0.0915907099843025,-0.0987433642148971,-0.1130664348602294,-0.0765646547079086,-0.3293101787567138,0.2068537175655365,-0.2394561767578125,0.2114667892456054,-0.2870343923568725,-0.0725758746266365,-0.1990902423858642,-0.0064218137413263,0.0723505243659019,0.3666728436946869,0.0386020354926586,0.0931626483798027,-0.1524440795183181,0.0228223856538534,-0.2388117760419845,0.2381305396556854,-0.1169200465083122,-0.0924187675118446,-0.0975192636251449,-0.0309884697198867,0.0720938593149185,-0.0869117826223373,0.0638350620865821,-0.0986499786376953,-0.5279844999313354,0.1365969479084015,0.2526270151138305,-0.3759452104568481,-0.0886554345488548,-0.0189978443086147,0.1280183494091034,-0.1925912052392959,0.2587836384773254,0.0121420742943882,-0.0084182685241103,0.2388850152492523,0.1614305973052978,0.1423623859882354,0.1201368272304534,0.2745313346385956,0.4809160530567169,0.348943144083023,1
s_000202,방금 여자친구에게 이별 통보를 받았어. 마음이 아파. [SEP] 사랑하는 사람과의 이별로 인해 상처를 받으셨군요. 이럴 때 위로해 줄 사람이 있을까요? [SEP] 친한 친구들을 잔뜩 불러서 얘기나 나눠야겠어. 그럼 기분이 좀 나아질지도 몰라. [SEP] 친구들과의 대화를 통해 위로를 받으시려는군요.,E40,Pro_03691,Pro_03691_00009,Pro_03691,-0.1347693800926208,-0.2051369696855545,-0.2715060412883758,-0.2371666133403778,0.0767314881086349,0.1367398500442505,-0.1051268279552459,-0.0654478594660759,0.032870776951313,0.2547844648361206,0.0587370172142982,-0.1871976107358932,-0.0893589407205581,-0.0247396044433116,-0.0151816988363862,0.1063368543982505,-0.0352307185530662,-0.2956668436527252,-0.2001706510782241,-0.0079508014023303,-0.1013616397976875,0.0808739736676216,-0.0559940114617347,-0.123502992093563,-0.024791594594717,-0.0538342632353305,-0.3936711847782135,0.2406159937381744,-0.2149765938520431,0.2336469441652298,-0.2674379050731659,-0.1477154493331909,-0.2581759691238403,-0.1725360453128814,0.0971159264445304,0.3614712357521057,-0.0072897779755294,0.1224487498402595,-0.156463623046875,-0.030686629936099,-0.2236985564231872,0.2043495625257492,-0.1981054842472076,-0.1688940376043319,-0.0820536762475967,-0.109092392027378,0.1638199537992477,-0.0783686637878418,0.0235954690724611,-0.1450365632772445,-0.5119078159332275,0.1478438526391983,0.1426166892051696,-0.2514145076274872,-0.0672760009765625,-0.1004007533192634,-0.0168850608170032,-0.1992472857236862,0.2879953682422638,0.0454720892012119,0.0217700432986021,0.1251391768455505,0.1856622993946075,0.1604629456996917,0.2295371294021606,0.4259258806705475,0.394983172416687,0.2869518995285034,1
s_000203,아내가 임신했는데도 계속 술 담배를 해. [SEP] 임신했는데도 술 담배를 하는 아내의 모습을 보고 많이 불안하시겠어요. [SEP] 화를 내면서 하지 말라고 말을 해야 하나 고민 중이야. [SEP] 말을 할지 말지 고민 중이시군요. 어떻게 하는 방법이 좋을까요? [SEP] 처음에는 조곤조곤 말해서 하지 말라고 하려고 해. [SEP] 대화를 통하여 문제가 잘 해결되었으면 좋겠어요.,E30,Pro_03681,Pro_03681_00009,Pro_03681,0.3588287532329559,0.7427881360054016,0.6138587594032288,0.9863409996032716,0.962765097618103,0.9154682755470276,-0.6767953038215637,-0.4338324666023254,0.1220315396785736,0.4358491599559784,0.8530116677284241,-0.3237567245960235,0.9973658919334412,-0.8461801409721375,0.9348085522651672,0.7500830292701721,-0.9884597063064576,0.431473046541214,0.985350489616394,-0.2869340479373932,0.4253324866294861,-0.2529780566692352,-0.571807861328125,-0.9943670630455016,0.4940725266933441,-0.9402732253074646,-0.0677391439676284,0.8546661138534546,-0.8058431148529053,-0.9797979593276978,-0.9371129870414734,0.9918587803840636,-0.9460963606834412,0.4349209666252136,-0.7554832100868225,0.9920220971107484,0.9935556054115297,0.9458972215652466,0.518883466720581,0.0408748015761375,-0.2224941253662109,-0.4428968131542206,-0.6727086901664734,0.2782180309295654,0.7366105914115906,-0.612540066242218,0.6202394962310791,-0.59396892786026,0.9238293170928956,-0.8041049838066101,-0.1835319697856903,0.7294763922691345,0.7867483496665955,0.4667466580867767,-0.861064612865448,-0.4139910638332367,0.3891055285930633,0.8904204964637756,-0.3710041344165802,-0.9308977127075196,-0.8617337346076965,-0.9689232110977172,-0.2463846057653427,0.6010413765907288,0.260787695646286,0.2526420652866363,0.548997700214386,0.3341030478477478,3
s_000204,아버지랑 대화가 잘 안 돼서 걱정이야. 전문대생이라 내 말을 안 들어주시네. [SEP] 아버지와 대화가 안 돼서 고민이시군요. [SEP] 해결해야 할 문제가 있는데 내 말을 절대 안 들어주셔. 어떻게 해야 할지 모르겠어. [SEP] 예전에 이런 상황에서는 어떻게 하셨어요? [SEP] 어머니와 주로 대화를 했지. 이번에도 한 번 해봐야겠어. [SEP] 어머니와의 대화로 고민이 해결되길 바라요.,E30,Pro_03561,Pro_03561_00024,Pro_03561,0.2082841992378235,0.1442814618349075,-0.9253479242324828,0.7020947337150574,0.7629271745681763,0.8883979916572571,-0.3599324822425842,-0.3313866257667541,0.4969253540039062,0.8971913456916809,0.491984874010086,-0.067842036485672,0.9553607702255248,-0.9052822589874268,0.8757434487342834,-0.1059620678424835,-0.85176682472229,0.8129776120185852,0.5625528693199158,-0.7038036584854126,0.5489344000816345,-0.299551397562027,-0.5641980767250061,-0.957846701145172,-0.2316572368144989,-0.7793513536453247,-0.2851110994815826,0.4364068508148193,-0.94648540019989,-0.2053474485874176,-0.7969277501106262,0.8830268979072571,-0.8970807194709778,0.4409546256065368,0.2316317856311798,0.9484162926673888,0.8574893474578857,0.5176566243171692,0.728368878364563,-0.3123102784156799,-0.1414194703102111,-0.553369402885437,-0.782719075679779,-0.1343604475259781,0.5721887350082397,-0.5962952971458435,0.6869107484817505,-0.8813226222991943,0.6442515254020691,-0.9575282335281372,-0.0213094241917133,0.4746809303760528,0.8479157090187073,0.119554229080677,-0.5968866944313049,0.2163581699132919,0.4227010607719421,0.249861255288124,-0.099316582083702,-0.7807809114456177,-0.6765561699867249,-0.6847679615020752,0.0355499871075153,-0.6472455859184265,0.2275111824274063,0.2504318356513977,0.5660091638565063,0.3293032944202423,1
s_000205,어제 집주인한테 갑자기 전세를 석 달 후까지 빼라고 통보를 받았어. 어디로 이사 가야 할지 모르겠고 너무 혼란스러워. [SEP] 집주인이 갑자기 연락이 와서 집을 빼라 해서 당황스러우신 상태군요. 이 문제를 어떻게 해결하실 생각이에요? [SEP] 당황스러워서 갈피를 못 잡겠지만 우선 빠르게 집을 알아봐야지. [SEP] 그래도 신속하게 집을 알아보려고 하시는군요. 혹시 주위에 이 문제에 대해 도움을 주실 분이 계신가요? [SEP] 부동산 하는 친구가 있어서 연락해보려고 친구가 지금 집을 구하는 데도 도움을 주었거든. [SEP] 친구가 다음 집을 구하는 데도 도움이 되었으면 좋겠네요.,E34,Pro_08725,Pro_08725_00015,Pro_08725,-0.1028017252683639,-0.2621756494045257,-0.2694237232208252,-0.1939785629510879,0.0874999314546585,0.1493410766124725,-0.183103010058403,-0.1018742248415947,0.0458200462162494,0.2595907151699066,0.0071213752962648,-0.2407168745994568,-0.113372802734375,-0.0373655930161476,-0.0492522194981575,0.1331525295972824,-0.0933266282081604,-0.3326024711132049,-0.2326015830039978,-0.0137087535113096,-0.1025466471910476,0.0359299108386039,-0.057140477001667,-0.2354888617992401,-0.1252202093601226,-0.1230166032910347,-0.4028321504592895,0.1867667585611343,-0.2840828001499176,0.2983710765838623,-0.2903148233890533,-0.1060027405619621,-0.2840863466262817,-0.1838247328996658,0.0960276201367378,0.369168609380722,0.0829686522483825,0.1075088158249855,-0.1649041324853897,-0.0422578379511833,-0.2231718003749847,0.2539846897125244,-0.184494748711586,-0.0940286815166473,-0.0796133652329444,-0.0818881019949913,0.1584338694810867,-0.1166660711169242,0.0403589159250259,-0.14312843978405,-0.5437337756156921,0.1158260181546211,0.1282813549041748,-0.3025751113891601,-0.1773347705602646,-0.1133343279361724,0.0108719654381275,-0.1712423861026764,0.3248746693134308,0.0676504448056221,-0.0144313499331474,0.1297658532857895,0.1766273975372314,0.1308150738477707,0.3127433657646179,0.3518869876861572,0.4736052751541137,0.2864767611026764,1
s_000206,아이들이 클수록 더 지원을 해줘야 하는데 전망 없는 미래가 너무 불안해. [SEP] 전망 없는 미래가 많이 불안하시군요. [SEP] 다른 일을 찾고 싶지만 흥미를 느끼는 일이 없어서 큰일이야. [SEP] 전에도 이런 상황을 극복하기 위해 해보신 방법이 있으신가요? [SEP] 곰곰이 생각해보며 내가 정말 잘 할 수 있는 일이 무엇인지 알아봐야겠어. [SEP] 그 바람이 이루어지셔서 이 상황이 극복되시길 바라요.,E38,Pro_03809,Pro_03809_00013,Pro_03809,-0.0504522509872913,-0.253754049539566,-0.2723017632961273,-0.2472791820764541,0.1313384622335434,0.1080182418227195,-0.1835172176361084,-0.0684817656874656,0.0478656366467475,0.2604036629199981,0.0137899043038487,-0.2073841691017151,-0.113355740904808,-0.0731471329927444,-0.1018106192350387,0.0708860084414482,-0.1067669689655304,-0.293766975402832,-0.2199158072471618,0.064768262207508,-0.0444560535252094,0.018956234678626,-0.0736604630947113,-0.1966573148965835,-0.154262974858284,-0.1241140887141227,-0.3583211898803711,0.174248993396759,-0.2817519903182983,0.2686710953712463,-0.2969856858253479,-0.072028174996376,-0.2422806620597839,-0.08475261926651,0.0792315229773521,0.3625814914703369,0.0888090431690216,0.0979804098606109,-0.1545090079307556,-0.0100209079682827,-0.2237289696931839,0.2568280100822449,-0.1384049206972122,-0.0643895491957664,-0.0850529000163078,-0.0425233580172061,0.1039384379982948,-0.1116005331277847,0.0626716986298561,-0.1152497828006744,-0.5359788537025452,0.1104577779769897,0.1895034313201904,-0.3575863540172577,-0.1609302461147308,-0.0575794763863086,0.081741876900196,-0.1704205721616745,0.2977551221847534,0.0461581423878669,-0.0250632371753454,0.193731427192688,0.1642436981201172,0.1227467060089111,0.2276331186294555,0.2773672342300415,0.5002390146255493,0.3094170093536377,1
s_000207,일 때문에 힘든데 자식들이 주말에 놀러가자고 투정을 부려서 너무 화가 나. [SEP] 힘든데 놀러 가자고 해서 화가 나시는군요. 무엇이 화가 나도록 만들었나요? [SEP] 건강이 좋지 않아 장시간 외출은 무리인데 왜 아무도 내 입장은 생각하지 않는 걸까? [SEP] 지금의 기분을 풀 수 있을 만한 게 뭐가 있을까요? [SEP] 자식이 있는 친구들과 수다를 떨면서 풀어야겠어. [SEP] 영양제를 잘 챙겨 드시고 건강한 생활 하시길 바랄게요.,E19,Pro_08590,Pro_08590_00041,Pro_08590,0.7276700139045715,0.9999775290489196,0.9999964237213136,1.0,0.999991536140442,0.9999754428863524,-0.9715074300765992,-0.977975606918335,-0.5603805184364319,-0.8762681484222412,0.9998306632041932,-0.9433689713478088,1.0,-0.9890490174293518,0.9999520778656006,0.9999879002571106,-0.9999999403953552,0.7548976540565491,1.0,0.3492081463336944,0.9825648665428162,-0.7694578170776367,-0.9923633933067322,-0.9999999403953552,0.993579626083374,-0.9999876022338868,0.7102612853050232,0.9999412894248962,-0.2915041744709015,-1.0,-0.9999940991401672,1.0,-0.9999595284461976,0.8428745269775391,-0.999941349029541,1.0,1.0,0.9999996423721312,0.9298693537712096,0.9164782762527466,-0.6049712896347046,-0.8268542289733887,-0.9353871941566468,0.9787827730178832,0.9996377229690552,-0.9985652565956116,0.9556578993797302,-0.7936437726020813,0.9999939203262328,-0.3938265740871429,0.5047037601470947,0.9885098934173584,0.9484010934829712,0.997408390045166,-0.9998267889022828,-0.9960888624191284,0.7528674602508545,0.9999998211860656,-0.9978410601615906,-0.9999690055847168,-0.9999439716339112,-0.9999999403953552,-0.7768828868865967,0.999958336353302,0.1081693992018699,0.1762513369321823,0.726606011390686,0.3898287713527679,4
s_000208,같이 공부하던 친구들과 함께 노력하고 서로 응원을 해서 가고 싶은 대학에 갈 수 있게 되었어. [SEP] 원하는 목표를 이뤄서 기쁘시겠어요. [SEP] 대학에 가서도 좋은 결과를 계속 낼 수 있을까? [SEP] 좋은 결과를 내시려면 어떤 노력을 할 수 있을까요? [SEP] 친구들보단 덜 놀고 좀 더 공부해야겠어. [SEP] 대학에 가서도 좋은 결과를 내시길 바랄게요!,E69,Pro_00240,Pro_00240_00001,Pro_00240,-0.2104470282793045,-0.2066406309604644,-0.2548848092556,-0.0627641230821609,-0.0214499440044164,0.1938499212265014,-0.1448020786046981,-0.151545450091362,0.0249982755631208,0.2324896901845932,-0.0125310942530632,-0.2771802544593811,-0.1078607663512229,0.0531945750117301,0.0843708738684654,0.2195653617382049,-0.0207903590053319,-0.3668330311775207,-0.2490891218185424,-0.1654100865125656,-0.2316668629646301,0.0815183892846107,-0.039495225995779,-0.2559604048728943,-0.0114404968917369,-0.0757684037089347,-0.4646979570388794,0.2200323492288589,-0.2350320219993591,0.3228680491447449,-0.2176548689603805,-0.1643280982971191,-0.3336624801158905,-0.3751271069049835,0.1286572962999344,0.363086074590683,0.0437963046133518,0.1086175590753555,-0.1815095394849777,-0.0905433222651481,-0.196172297000885,0.2264373302459716,-0.2661600410938263,-0.1613700091838836,-0.0844689011573791,-0.1686522811651229,0.264692097902298,-0.1022674515843391,-0.0401576384902,-0.1883785724639892,-0.5186229944229126,0.1535444855690002,-0.0063373218290507,-0.1336057335138321,-0.1756608188152313,-0.2424964755773544,-0.1411159038543701,-0.1660652905702591,0.3385789394378662,0.0934913381934166,0.0357613712549209,-0.0412708856165409,0.1810996383428573,0.1527487784624099,0.4565544724464416,0.4924146831035614,0.3351665139198303,0.2484995424747467,1
s_000209,가족들 모임 자리만 가면 머리를 못 들겠어. [SEP] 고개를 못 드는 사유가 뭔가요? [SEP] 다 명문대 졸업해서 나만 미운오리 새끼같거든. [SEP] 그래도 직계가족은 보듬어 주지 않나요? [SEP] 직계가족이 더 냉정해서 걱정이야. 집에서도 기를 못 피겠어. [SEP] 식구들 주위에서 겉돌 수밖에 없는 상황이군요?,E54,Pro_00105,Pro_00105_00001,Pro_00105,-0.0871591344475746,-0.1791897863149643,-0.2743563055992126,-0.2369874268770218,0.1015773192048072,0.0898317396640777,-0.1386932134628296,-0.0564352422952652,0.0290969237685203,0.2542685866355896,0.0283712968230247,-0.1832985132932663,-0.1150826662778854,-0.0309103112667799,-0.0446382835507392,0.0524951219558715,-0.0497876703739166,-0.2767160534858703,-0.2234256714582443,0.041585773229599,-0.0865068733692169,0.0492736510932445,-0.0868010222911834,-0.1339657306671142,-0.0636107772588729,-0.0572526864707469,-0.3746125996112823,0.2187179327011108,-0.2221495956182479,0.2423737496137619,-0.2428501695394516,-0.0959924831986427,-0.2356373518705368,-0.1346719115972519,0.09419596940279,0.3705104291439056,0.0351531915366649,0.0841558873653411,-0.1700431406497955,-0.0059829237870872,-0.2280459851026535,0.2369485646486282,-0.1650324016809463,-0.1167141422629356,-0.1054292619228363,-0.0777904838323593,0.1391231268644333,-0.0865922048687934,0.0134876929223537,-0.1259489357471466,-0.5261082649230957,0.1597471386194229,0.1775175929069519,-0.2939877510070801,-0.1155635640025138,-0.109545849263668,0.0500480532646179,-0.1849394589662552,0.2746374011039734,0.0286950469017028,0.0168482512235641,0.1384396106004715,0.1600069999694824,0.1527059525251388,0.2268482148647308,0.3423055410385132,0.4141034781932831,0.3396960794925689,1
s_000210,옆집 사는 친구가 이번 테스트에서 일등을 했대 내가 더 열심히 공부했는데 속상해. [SEP] 성적 때문에 마음이 안 좋으시군요. [SEP] 내가 최대한 열심히 해도 그 친구를 이길 수가 없어 도대체 뭐가 문제인 거야. [SEP] 속상한 마음이 나아지셨으면 좋겠어요. 어떻게 하면 기분이 좋아질 수 있을까요? [SEP] 게임하면서 기분을 풀어야 겠어. [SEP] 심정이 나아지길 바랄게요.,E41,Pro_01772,Pro_01772_00024,Pro_01772,-0.0817583724856376,-0.222226932644844,-0.2682409584522247,-0.2197892963886261,0.1014083921909332,0.1115494668483734,-0.1595552414655685,-0.073467805981636,0.038677766919136,0.2502775192260742,0.0148036610335111,-0.2053613811731338,-0.1089294031262397,-0.0465374514460563,-0.0612096562981605,0.083016350865364,-0.0754767805337905,-0.2918263077735901,-0.2193854302167892,0.0294698942452669,-0.0789758637547493,0.0373236499726772,-0.0720477625727653,-0.1792588680982589,-0.1064251884818077,-0.0969387665390968,-0.3704337477684021,0.1911865770816803,-0.253579705953598,0.2619184851646423,-0.2682208120822906,-0.090285375714302,-0.246967613697052,-0.1342730522155761,0.0875824391841888,0.3584044575691223,0.0640399828553199,0.0969423428177833,-0.1577531993389129,-0.0177808478474617,-0.214686170220375,0.2415674477815628,-0.1596253663301468,-0.0919769927859306,-0.0894042551517486,-0.0686423555016517,0.1316786259412765,-0.0998929813504219,0.0354795940220356,-0.1253470182418823,-0.5212613344192505,0.1284967362880706,0.1590607464313507,-0.3066942095756531,-0.1422418355941772,-0.0920291468501091,0.0407526418566703,-0.1721782982349395,0.2908406257629394,0.0467634983360767,-0.0039275386370718,0.1472221761941909,0.1635602563619613,0.1332889050245285,0.2485435009002685,0.3199935257434845,0.4450980424880981,0.3032617568969726,1
s_000211,늙으니까 몸 구석구석 안 아픈 곳이 없어. 우울해. [SEP] 몸 건강에 대해 많은 우울감을 느끼시군요. [SEP] 젊었을 시절이 자꾸 떠올라서 너무 속상해. [SEP] 젊었을 시절과 비교돼서 많이 속상하시겠어요. 지금의 감정을 이겨낼 방법은 무엇일까요? [SEP] 자주 건강검진을 받고 건강한 생활을 하도록 노력해야겠어! [SEP] 빠른 치유가 되었으면 좋겠어요.,E24,Pro_08835,Pro_08835_00011,Pro_08835,-0.0335621051490306,-0.2562920153141022,-0.283430814743042,-0.298389196395874,0.160271555185318,0.0963343530893325,-0.181545153260231,-0.0477179437875747,0.0502778925001621,0.2782497107982635,0.0367775298655033,-0.1887090057134628,-0.1181190907955169,-0.0864542573690414,-0.1241637989878654,0.0414077900350093,-0.1139186099171638,-0.2879059016704559,-0.2187776863574981,0.1042518764734268,-0.0157382637262344,0.0191607382148504,-0.0817048698663711,-0.1685676127672195,-0.1559213399887085,-0.1145365163683891,-0.3560735881328583,0.1909368634223938,-0.2821562588214874,0.255031943321228,-0.3137740194797516,-0.0728669613599777,-0.2331594675779342,-0.0378921777009964,0.0776698961853981,0.3792392015457153,0.0755955055356025,0.0975796058773994,-0.1605297178030014,0.0036759916692972,-0.249137595295906,0.2615866959095001,-0.1299264132976532,-0.0744039341807365,-0.089708387851715,-0.0307219214737415,0.0869946181774139,-0.1099275574088096,0.075559377670288,-0.1104012429714202,-0.5564601421356201,0.1186360642313957,0.2349212318658828,-0.3932313024997711,-0.1420350670814514,-0.0325695611536502,0.1206260025501251,-0.1870162189006805,0.2947466671466827,0.0316778980195522,-0.0273849908262491,0.2363494783639907,0.1700026392936706,0.1337354183197021,0.182026982307434,0.2771637737751007,0.5305349230766296,0.3405948579311371,1
s_000212,몇 년 전에 부모님께서 이혼하시게 되었는데 그때 말려볼 걸 그랬어. 지금 와서 너무 후회돼 [SEP] 이혼을 막아보지 못해 후회하시면서 슬퍼하시는군요. [SEP] 솔직히 아무리 부모님이 지금 서로 잘해주신다고 해도 마음속의 허전함을 지울 수 없어. [SEP] 이혼하셔서 아무리 노력해도 허전함이 남아있는 거군요. 어떡하면 허전함을 달랠 수 있을까요? [SEP] 일 년에 한두 번이라도 좋으니까 우리 가족이 모두 모여서 밥이라도 같이 먹었으면 좋겠어. [SEP] 꼭 원하시는 데로 이루어지길 바라요.,E48,Pro_01659,Pro_01659_00006,Pro_01659,-0.0788653641939163,-0.2238927781581878,-0.2735668420791626,-0.2451538890600204,0.1127128675580024,0.1096572652459144,-0.1544869989156723,-0.0638518407940864,0.0397129505872726,0.2590804398059845,0.0292166136205196,-0.1960183084011078,-0.1090777963399887,-0.0513387136161327,-0.0680469870567321,0.073052205145359,-0.0762299820780754,-0.2903597950935364,-0.2169387936592102,0.0437830202281475,-0.067508190870285,0.0410847663879394,-0.0735765397548675,-0.1629699021577835,-0.1013784706592559,-0.090140514075756,-0.3716886937618255,0.2025790363550186,-0.2516429126262665,0.2538693249225616,-0.2774321138858795,-0.0960799604654312,-0.2445069849491119,-0.1164934784173965,0.0875421166419982,0.3661647737026214,0.0523311160504817,0.0998143553733825,-0.1599953025579452,-0.013237265869975,-0.2271016836166381,0.2405799776315689,-0.1593197733163833,-0.1030657812952995,-0.0901471972465515,-0.0666960626840591,0.1267280876636505,-0.0977241322398185,0.0413928255438804,-0.1250605434179306,-0.5302815437316895,0.1327778548002243,0.178268015384674,-0.3196457028388977,-0.1275423914194107,-0.0805265828967094,0.0531059429049491,-0.1820543557405471,0.290068119764328,0.0407312773168087,-0.0035107475705444,0.1658991277217865,0.1686376184225082,0.1402244567871093,0.2266110181808471,0.329323947429657,0.4560748040676117,0.3147294819355011,1
s_000213,직장을 그만둬서 수입이 없는데 아들이 자꾸 경제적인 지원을 바라서 상처받았어. [SEP] 아드님이 당신의 마음을 이해 못 하는 것 같아 슬프시겠어요. [SEP] 그동안 내가 아들을 어떻게 키웠는데 아들이 내 마음을 이해해 주지 못하는 것 같아 억울해. [SEP] 억울하시겠네요. 아들에게 당신의 마음을 말해보셨나요? [SEP] 생각해보니 말도 없이 아들에게 내 마음을 알아주길 바랐던 것 같아 아들에게 솔직히 얘기를 해봐야겠어. [SEP] 운동 하셔서 살도 빼고 건강을 유지하시면 좋겠어요.,E47,Pro_08738,Pro_08738_00028,Pro_08738,-0.0777478218078613,-0.2182565182447433,-0.2664977014064789,-0.2195155769586563,0.1023077219724655,0.1066648364067077,-0.1571210920810699,-0.0708143934607505,0.0380680970847606,0.246543750166893,0.0131715293973684,-0.2016079425811767,-0.1070050299167633,-0.0493218712508678,-0.0640906691551208,0.0777435898780822,-0.0741182118654251,-0.2851130366325378,-0.2162440419197082,0.0345359146595001,-0.0751055479049682,0.0361667461693286,-0.0730298534035682,-0.174321249127388,-0.107251152396202,-0.0965817123651504,-0.3630619049072265,0.1877263039350509,-0.2505765259265899,0.2572927474975586,-0.2650714516639709,-0.0861022844910621,-0.2408696264028549,-0.1268226355314254,0.0851373225450515,0.3535304367542267,0.0643468424677848,0.0960836187005043,-0.1544310450553894,-0.0148387206718325,-0.2095224857330322,0.2391794770956039,-0.154218316078186,-0.0878737941384315,-0.0893800556659698,-0.0655472204089164,0.1262612789869308,-0.0979745388031005,0.0359946861863136,-0.1217889487743377,-0.5143330097198486,0.1270575076341629,0.1602306813001632,-0.3064208030700683,-0.1392407119274139,-0.0872932597994804,0.0433940738439559,-0.1696949303150177,0.2855367958545685,0.0453699976205825,-0.0039065279997885,0.1488244980573654,0.1607052087783813,0.1307930499315261,0.2406283020973205,0.3104877173900604,0.4404488503932953,0.300579309463501,1
s_000214,학교 갈 때 엄마가 왜 동생한테만 인사를 해주는 걸까? 나도 받고 싶은데! [SEP] 엄마가 동생한테만 인사를 해주시는군요. 너무 서운하시겠어요! [SEP] 동생하고 똑같이 인사하는데 동생에게만 인사해주셔서 너무 서운했어. [SEP] 엄마의 어떤 행동이 동생한테만 인사해준다고 느껴지셨나요? [SEP] 엄마가 인사를 해줄 때 동생하고만 눈을 마주쳐주시는 거 같아. 동생 눈높이에서 말이야. [SEP] 그랬군요. 오늘 엄마한테 사용자님의 서운한 감정에 대해 말씀 드려보는 게 좋을 거 같아요.,E41,Pro_00092,Pro_00092_00020,Pro_00092,-0.089398056268692,-0.2403044551610946,-0.2684874534606933,-0.2164646089076995,0.0983248949050903,0.1271700114011764,-0.1642966270446777,-0.081431083381176,0.0422704108059406,0.2537491917610168,0.0165406875312328,-0.215338721871376,-0.1069615706801414,-0.047078151255846,-0.0596899911761283,0.1017646491527557,-0.0823151841759681,-0.3049876391887665,-0.2194854021072387,0.0162840243428945,-0.0823865458369255,0.0387112237513065,-0.0641209259629249,-0.194929838180542,-0.1127334982156753,-0.1071191951632499,-0.3794411122798919,0.190367579460144,-0.2643090784549713,0.2710294723510742,-0.2809869647026062,-0.0987437441945076,-0.258808434009552,-0.1455787569284439,0.0888652056455612,0.360030859708786,0.0667157545685768,0.1050845757126808,-0.1569860875606537,-0.026413133367896,-0.2169393002986908,0.2422548979520797,-0.1674803495407104,-0.095607653260231,-0.0829646959900856,-0.072705902159214,0.1380274891853332,-0.1046367809176445,0.0418473407626152,-0.1310191303491592,-0.5265989899635315,0.1208532303571701,0.1501425355672836,-0.3066875338554382,-0.1473841667175293,-0.0914331525564193,0.0292523838579654,-0.173350527882576,0.3022074699401855,0.0544760636985302,-0.0088960155844688,0.1470775008201599,0.1703601032495498,0.1319793909788131,0.2625778615474701,0.33326256275177,0.4569173753261566,0.2919588685035705,1
s_000215,헬스 갔는데 몸무게가 그대로야. [SEP] 몸무게가 줄지 않아 화나겠어요. [SEP] 같이 한 친구는 계속 줄고 있어. [SEP] 정말 속상하겠어요. 어떻게 몸무게를 늘 줄일 수 있겠어요? [SEP] 식단 조절을 같이 해야겠어. [SEP] 힘내세요. 성공하시길 바랄게요.,E54,Pro_08865,Pro_08865_00036,Pro_08865,-0.0730963572859764,-0.2056436985731125,-0.2674095332622528,-0.2275863587856292,0.1061957702040672,0.0960470885038375,-0.1512346416711807,-0.0630083009600639,0.0356835387647151,0.2459067404270172,0.0161040890961885,-0.1921215802431106,-0.1076749265193939,-0.0496379882097244,-0.0655855685472488,0.0632325187325477,-0.0685305148363113,-0.2754470407962799,-0.2148881703615188,0.0458113215863704,-0.0706566348671913,0.0370971709489822,-0.0783023238182067,-0.1584246903657913,-0.0998823791742324,-0.0871554091572761,-0.3572474718093872,0.1917369365692138,-0.2416813820600509,0.2483120858669281,-0.258167415857315,-0.0828568935394287,-0.2321558743715286,-0.1158471703529357,0.0843202099204063,0.3537765741348266,0.0582144372165203,0.0918530970811843,-0.1551108509302139,-0.0082003241404891,-0.2104763239622116,0.2373338639736175,-0.1494621038436889,-0.0895198509097099,-0.0936395227909088,-0.0632320269942283,0.1213575527071952,-0.0936121940612793,0.0327264219522476,-0.1181573346257209,-0.5118370652198792,0.1334594190120697,0.1699222326278686,-0.3077331483364105,-0.1304518580436706,-0.0850730091333389,0.0523942969739437,-0.1715294122695922,0.2771868407726288,0.0387807041406631,0.0001822151243686,0.1524526178836822,0.1575828045606613,0.1336583644151687,0.2254282236099243,0.3056171834468841,0.4331767857074737,0.3099144995212555,1
s_000216,부모님한테 손 벌리는 것이 너무 죄책감 들어서 내가 미술 전공한 것이 너무 후회돼. [SEP] 전공 선택에 대한 후회가 있으시군요. [SEP] 미술을 하니까 돈이 유독 많이 들어서 마음이 어려워. 이쪽 길은 내 길이 아니었어. [SEP] 정말 마음이 어려우시겠어요. 앞으로 어떻게 하는 것이 좋은 방법이 될 수 있을까요? [SEP] 내 작품으로 상품을 만들어서 판매해볼래. 적어도 내 생활비는 내가 벌면 좋겠어. [SEP] 상품이 잘 팔려서 지금의 어려움이 잘 해결되면 좋겠어요.,E59,Pro_05390,Pro_05390_00019,Pro_05390,-0.1237652078270912,-0.2136954218149185,-0.2590406239032745,-0.1200577765703201,0.0456982776522636,0.1377953290939331,-0.1808839440345764,-0.1203877106308937,0.0321432575583457,0.236575037240982,-0.0276462081819772,-0.253807783126831,-0.1218267679214477,0.0005418136133812,-0.0027482477016747,0.1410710513591766,-0.0636104121804237,-0.3289313316345215,-0.2492592930793762,-0.0575475953519344,-0.155983418226242,0.0371122620999813,-0.0669158995151519,-0.2490505427122116,-0.0948716327548027,-0.1038639545440673,-0.4111469388008117,0.1805467158555984,-0.2600036263465881,0.3105325996875763,-0.232528731226921,-0.0964386612176895,-0.2872870564460754,-0.2543468475341797,0.1063165068626403,0.3603332340717315,0.0924321860074997,0.0840245112776756,-0.1742890328168869,-0.0488567315042018,-0.1992072165012359,0.2550534605979919,-0.1977165937423706,-0.0865484476089477,-0.0947968959808349,-0.1025978848338127,0.1903208196163177,-0.1118621230125427,-0.005967890843749,-0.1489038914442062,-0.5247498750686646,0.1370119452476501,0.0774940326809883,-0.2406389713287353,-0.2033547163009643,-0.1786747574806213,-0.0264057144522666,-0.1527366191148758,0.3159675300121307,0.0708403810858726,0.0071873730048537,0.0497745648026466,0.1577555835247039,0.1304169595241546,0.3764650821685791,0.3542486429214477,0.4049362242221832,0.288792610168457,1
s_000217,아내가 아이를 갖자고 하는데 아이 키우는 친구들이 많이 힘들어하는 것 같아서 아이 낳는 것이 조심스러워. [SEP] 아이 낳고 키우는 일이 쉽지 않은 과정이라 많이 고민되시겠어요. [SEP] 그렇다고 아이 없이 평생 아내와 살 수도 없지. [SEP] 고민이시겠어요. 어떻게 하면 결정에 도움이 될까요? [SEP] 내가 너무 부정적인 생각한 만 것 같아. 아내와 이야기해 봐야지. [SEP] 대화를 통해 좋은 결정 하시길 바랍니다.,E38,Pro_03689,Pro_03689_00011,Pro_03689,-0.0510917194187641,-0.1720541268587112,-0.2844215035438537,-0.2494360357522964,0.1286377608776092,0.0607104860246181,-0.1772441864013672,-0.0523971132934093,0.0289400275796651,0.2691325843334198,0.0104933325201272,-0.188183844089508,-0.14459128677845,-0.0328696593642234,-0.0697088614106178,0.014526410959661,-0.0710005387663841,-0.2795135080814361,-0.2528574466705322,0.0801383703947067,-0.0767214074730873,0.0231457650661468,-0.1123696714639663,-0.1549103409051895,-0.1000829711556434,-0.062312938272953,-0.3782449662685394,0.2109227329492569,-0.2404502928256988,0.262259840965271,-0.2366334795951843,-0.0611199662089347,-0.2321204245090484,-0.110669121146202,0.0979092046618461,0.3959973454475403,0.0715377628803253,0.0529177151620388,-0.1925780773162841,0.0100247142836451,-0.2525386810302734,0.2745702564716339,-0.1484754234552383,-0.0817659199237823,-0.1263487637042999,-0.0548814795911312,0.127981886267662,-0.1004527732729911,0.0079718856140971,-0.1180155575275421,-0.5632093548774719,0.1741398870944976,0.2152804881334304,-0.3426972925662994,-0.1650880873203277,-0.1241056099534034,0.1114344224333763,-0.1825150996446609,0.2791250944137573,0.0155397411435842,0.009988865815103,0.1574847549200058,0.1470250189304351,0.1542592048645019,0.2383265495300293,0.2932815253734588,0.4556368589401245,0.4002374112606048,1
s_000218,가을이 오면 돌아가신 시어머니 생각이 나. [SEP] 가을에 특히 생각나는 이유가 있나요? [SEP] 시어머님이 빨간 단풍을 좋아하셨거든. 돌아가시던 해에 단풍 구경하자 하셨는데 치료를 놓치면 안 되어 구경 시켜드릴 수가 없었어. [SEP] 그런 일이 있었군요. [SEP] 그때 그냥 단풍 구경시켜드릴 걸 하는 후회를 해. [SEP] 단풍 구경을 시켜드리지 못해 아쉬우신가봐요.,E54,Pro_11385,Pro_11385_00002,Pro_11385,-0.0985893905162811,-0.1871591806411743,-0.2619316577911377,-0.2062607705593109,0.0818184614181518,0.1034303307533264,-0.1284225732088089,-0.0670237392187118,0.0300680994987487,0.2349790185689926,0.0189520586282014,-0.1897800117731094,-0.0981475561857223,-0.0337564349174499,-0.0362203828990459,0.0782041400671005,-0.0450122281908988,-0.272205501794815,-0.2075689435005188,0.0165675617754459,-0.0931258499622345,0.0529713109135627,-0.0718790367245674,-0.1437423080205917,-0.0641272515058517,-0.0704596638679504,-0.3617448806762695,0.2015635669231414,-0.2202378064393997,0.2395472973585128,-0.2406841218471527,-0.099654734134674,-0.2344575673341751,-0.1498133987188339,0.0878532975912094,0.3437583744525909,0.0367542617022991,0.0975422710180282,-0.1511025428771972,-0.0159403849393129,-0.1973998397588729,0.2194843292236328,-0.1642695814371109,-0.1113624051213264,-0.0915665626525878,-0.0829844549298286,0.1392099857330322,-0.0834141969680786,0.0174900200217962,-0.1250063776969909,-0.4917854368686676,0.1401738077402115,0.1421751379966735,-0.2647940218448639,-0.1090953797101974,-0.1019941419363021,0.0143472691997885,-0.1716514229774475,0.2708876132965088,0.0421801544725894,0.0140908909961581,0.1193696409463882,0.1588770896196365,0.138326346874237,0.2352698147296905,0.3383081555366516,0.3896367847919464,0.2915230095386505,1
s_000219,남편이 시한부 판정을 받아 세상 떠난 줄도 몰랐어. 하루하루를 보낼 때마다 남편 생각이 나. [SEP] 남편과 사별을 해서 너무 안타깝고 믿기지 않아서 아주 슬프고 서러우시겠군요. [SEP] 남편 생각이 나면 왜 이렇게 세상이 불공평한지 모르겠어. 그래서 너무 짜증 나. [SEP] 세상이 공평하지 않아 더 속상하시겠군요. [SEP] 지금도 남편이 세상을 떠나 잊히지 않아 미치겠는데. 충격이라서 뭐라고 말도 못 하겠어. [SEP] 주위에 자신의 상황을 위로해줄 수 있는 사람이 있었으면 좋겠어요.,E39,Pro_08610,Pro_08610_00008,Pro_08610,-0.0329616293311119,-0.270788162946701,-0.2956861555576324,-0.3626695871353149,0.1864663064479828,0.1021017730236053,-0.1620510965585708,-0.0238815918564796,0.0551677159965038,0.2999410331249237,0.0807180032134056,-0.1645423769950866,-0.1108811348676681,-0.1024069115519523,-0.140794962644577,0.0271533578634262,-0.1160902976989746,-0.2866500914096832,-0.2044322192668914,0.1339538842439651,0.0165818817913532,0.0341885760426521,-0.0774430334568023,-0.1246489137411117,-0.1406037509441375,-0.1007659286260604,-0.3592129349708557,0.2214373350143432,-0.2784746289253235,0.230904534459114,-0.3459203243255615,-0.0974280536174774,-0.2296479791402816,0.0083768144249916,0.0758309513330459,0.3941364288330078,0.0381444618105888,0.1155612617731094,-0.1600891798734665,0.010734399780631,-0.2774585485458374,0.2512217462062835,-0.1326382309198379,-0.1110207661986351,-0.084118828177452,-0.0290609933435916,0.0743426755070686,-0.1030870750546455,0.097931683063507,-0.1117829382419586,-0.5731176137924194,0.1223209649324417,0.2771622538566589,-0.4200559258460998,-0.0926280170679092,0.0073010260239243,0.1402340680360794,-0.2142628133296966,0.2951378226280212,0.0205105058848857,-0.0283684767782688,0.2857045829296112,0.1888031512498855,0.1504668891429901,0.1202264428138732,0.3130482137203216,0.559403657913208,0.3539741635322571,1
s_000220,그동안 부모님이 내 병 때문에 나만 신경 쓰느라 많이 힘드셨을 것 같아서 죄송해. [SEP] 부모님의 걱정에 속상한 기분이신가 봐요. [SEP] 내가 너무 과잉보호를 받은 것 같아. 그 정도로 아픈 건 아니었는데 후회돼. [SEP] 솔직하게 말 안 하고 부모님의 보호 아래 있던 것이 후회되시는군요. [SEP] 이제라도 부모님께 솔직하게 말씀드려야겠어. [SEP] 부모님과의 대화로 기분이 나아지시기를 바랄게요.,E57,Pro_01668,Pro_01668_00003,Pro_01668,-0.1154157519340515,-0.1557830721139907,-0.2558671832084656,-0.190829336643219,0.0621860772371292,0.0977160334587097,-0.1007759049534797,-0.0629710778594017,0.0222847629338502,0.2206867635250091,0.0215727593749761,-0.1775207668542862,-0.0884877890348434,-0.0209330283105373,-0.0118048945441842,0.0766223892569542,-0.0173483379185199,-0.2559666633605957,-0.1975325495004654,0.0016160891391336,-0.1082478612661361,0.0672164261341095,-0.0710577890276908,-0.1141421869397163,-0.0256343595683574,-0.0472194924950599,-0.3553586006164551,0.2104680985212326,-0.1903388947248459,0.2209122031927108,-0.2150910198688507,-0.1087666228413581,-0.2248133271932602,-0.1678493767976761,0.0886329784989357,0.3302893936634063,0.0129258846864104,0.0982617735862732,-0.1453422009944915,-0.0156527459621429,-0.1811031550168991,0.1995710730552673,-0.1699237376451492,-0.1288532018661499,-0.0932301506400108,-0.097123309969902,0.1479631215333938,-0.0690071955323219,0.0004196576483082,-0.1256371587514877,-0.46421879529953,0.1504041701555252,0.1238467171788215,-0.2238821685314178,-0.0807994976639747,-0.1132989376783371,-0.012293099425733,-0.1706094443798065,0.2539088428020477,0.0391932837665081,0.0304241757839918,0.0911620333790779,0.154823362827301,0.1426306813955307,0.2275464534759521,0.3565059304237366,0.3387525081634521,0.2795459926128387,1
s_000221,의사로부터 힘들게 출산한 아이가 몇 개월 못 살고 죽을지도 모른다는 말을 들어서 충격이야. [SEP] 의사로부터 힘들게 출산한 아이가 몇 개월 못 살고 죽는다니 충격이겠어요. [SEP] 응. 노산이라 걱정했는데 의사에게 직접 들으니 억장이 무너져. [SEP] 너무 속상하시겠어요. 아이의 남은 시간을 위해 할 수 있는 일이 무엇이 있을까요? [SEP] 끝까지 책임지고 아이와 추억을 하나씩 만들어 가야지. [SEP] 사용자님도 고생하셨지만 아이의 마지막을 잘 마무리해 주길 바라요.,E44,Pro_05255,Pro_05255_00057,Pro_05255,-0.0987962037324905,-0.1395662426948547,-0.2729949057102203,-0.1779017448425293,0.0740522518754005,0.0769203156232833,-0.1583505868911743,-0.0769126564264297,0.01801198720932,0.2477326989173889,-0.0071761938743293,-0.2051887959241867,-0.1392757594585418,0.0079683018848299,-0.0078165931627154,0.0543061643838882,-0.0349827371537685,-0.2883619666099548,-0.2573899924755096,0.0084496736526489,-0.1383412927389145,0.0414608605206012,-0.1045060381293296,-0.1658730953931808,-0.0502256602048873,-0.042854331433773,-0.3986276388168335,0.2168536037206649,-0.2141592651605606,0.271665871143341,-0.1938080042600631,-0.0809934362769126,-0.2496120482683181,-0.2041498720645904,0.1100156009197235,0.383506566286087,0.0587552599608898,0.0513387434184551,-0.1948542594909668,-0.0110832946375012,-0.22781902551651,0.2590512633323669,-0.1809233874082565,-0.1033886820077896,-0.127995103597641,-0.0928905755281448,0.1741626262664795,-0.0921882465481758,-0.0314861536026001,-0.1350371539592743,-0.5392078757286072,0.1875309348106384,0.1467047333717346,-0.2607097625732422,-0.1667844653129577,-0.1839164793491363,0.0377702377736568,-0.1724580526351928,0.2793273329734802,0.0287964716553688,0.0332138240337371,0.0718513429164886,0.1432873159646988,0.1580843329429626,0.305223137140274,0.3428211510181427,0.3799467086791992,0.3732796311378479,1
s_000222,내가 돈만 더 벌었어도 그런 일은 안 일어났을 텐데. [SEP] 어떤 일을 후회하고 계시나요? [SEP] 내가 돈이 없어서 수술을 제때 못 받았어. [SEP] 경제적인 문제로 치료를 제때 하지 못하셨군요. [SEP] 돈 하나로 사람의 생명을 살릴수 없다니 말도 안돼. [SEP] 마음에 상처가 크시겠어요.,E14,Pro_10625,Pro_10625_00013,Pro_10625,-0.0376800782978534,-0.2344685196876526,-0.2797768712043762,-0.3130743503570556,0.1583278924226761,0.0860821157693862,-0.1484231054782867,-0.0302187595516443,0.0459078326821327,0.2685279548168182,0.0531441383063793,-0.1626620441675186,-0.102682389318943,-0.0907030776143074,-0.1200053766369819,0.0257733706384897,-0.0928496420383453,-0.2617624998092651,-0.1975465565919876,0.114896111190319,-0.0048172660171985,0.0333471447229385,-0.079827144742012,-0.1201264336705207,-0.1252639591693878,-0.0934585630893707,-0.3360507488250732,0.20125712454319,-0.2543866336345672,0.2219075262546539,-0.3045408129692077,-0.0813389047980308,-0.2120597809553146,-0.0163888577371835,0.0716488063335418,0.3640528321266174,0.04406713321805,0.1053992509841919,-0.1475332975387573,0.0120282145217061,-0.2368961870670318,0.2370448261499405,-0.1235440596938133,-0.0931005105376243,-0.0869645848870277,-0.0337839983403682,0.0762031227350235,-0.0928648114204406,0.0750978514552116,-0.103880800306797,-0.5294102430343628,0.122221328318119,0.2401195764541626,-0.3764086663722992,-0.0945981219410896,-0.0124782659113407,0.112986259162426,-0.1915902942419052,0.2719897925853729,0.0233032219111919,-0.0168975032866001,0.240838885307312,0.1693123430013656,0.1372127830982208,0.1345050185918808,0.2847922444343567,0.4960182011127472,0.3276419043540954,1
s_000223,결혼을 코앞에 두고 있는데 이렇게 결혼하는 게 맞는지 혼란스러워. 곁의 애인이 내 짝이 맞을까? [SEP] 결혼을 결정하게 되신 계기가 있나요? [SEP] 다정한 모습에 이끌려서 결정했어. 그런데 결혼을 진행할수록 자꾸 단점이 눈에 보여. [SEP] 중요한 결정을 앞두고 있으니 걱정이 되시는 것 같네요.,E34,Pro_05245,Pro_05245_00004,Pro_05245,-0.1138529852032661,-0.2209374010562896,-0.2699427902698517,-0.2012746930122375,0.0792476683855056,0.132713034749031,-0.1532712876796722,-0.0868807062506675,0.0362199209630489,0.2544826567173004,0.0196807011961936,-0.2181053012609481,-0.1100136339664459,-0.0237569734454154,-0.0286472029983997,0.1119943037629127,-0.062929555773735,-0.3128704726696014,-0.2267946600914001,-0.0107253557071089,-0.1110168844461441,0.0517136976122856,-0.0650007352232933,-0.1884318888187408,-0.0783554092049598,-0.0862447395920753,-0.3992676436901092,0.2089381963014602,-0.2487080544233322,0.2734643816947937,-0.2638930678367615,-0.1150601133704185,-0.2699503600597381,-0.1874071657657623,0.0991279780864715,0.3681182563304901,0.0499269515275955,0.1020372733473777,-0.1673206537961959,-0.0337118431925773,-0.2223216444253921,0.2384504973888397,-0.1889675855636596,-0.1197544112801551,-0.0891106501221656,-0.0937762036919593,0.1644279211759567,-0.0997187346220016,0.0205062422901392,-0.1426364928483963,-0.5310797095298767,0.1391892582178115,0.1328960359096527,-0.2752913236618042,-0.1410611122846603,-0.1242623925209045,0.0038059169892221,-0.1794517934322357,0.304697573184967,0.0542514063417911,0.0064923074096441,0.1141780689358711,0.1730046421289444,0.1448412388563156,0.2875524163246155,0.3745583891868591,0.4281294047832489,0.30047407746315,1
s_000224,친구가 가족도 없이 혼자 병 때문에 입원해 있는 모습을 보고 너무 슬퍼서 울어버렸어. [SEP] 많이 슬프셨겠어요. 좀 더 자세히 설명해 주시겠어요? [SEP] 병문안을 가서 가족도 친구도 없어 혼자 지낸다는 말을 들었어. 그때 너무 슬퍼서 눈물이 나더라고. [SEP] 어떻게 이 상황을 극복할 수 있을까요? [SEP] 좀 더 자주 병문안을 가야겠어. 조금이라도 더 오래 있어야지. [SEP] 그렇게 하는 것이 친구에게 어떻게 도움이 되기를 소망하시나요?,E27,Pro_11298,Pro_11298_00016,Pro_11298,-0.0554662682116031,-0.2364037185907364,-0.2770648598670959,-0.2602897584438324,0.1326266527175903,0.1006796509027481,-0.1733110249042511,-0.060049470514059,0.0438696630299091,0.2658732831478119,0.0244174785912036,-0.1971043199300766,-0.1168290898203849,-0.0650655552744865,-0.0932096391916275,0.0581253357231617,-0.0951287224888801,-0.2900969982147217,-0.2225615978240966,0.0697242766618728,-0.0481708981096744,0.0265807472169399,-0.079923577606678,-0.1744876056909561,-0.1319834142923355,-0.1041117087006568,-0.3647472262382507,0.1919002085924148,-0.2680580615997314,0.2600799202919006,-0.2888903617858886,-0.0790003612637519,-0.2399588823318481,-0.0861373543739318,0.0837032198905944,0.3721303641796112,0.0718932375311851,0.0935795307159423,-0.1622706055641174,-0.0054954518564045,-0.2349854409694671,0.2550694644451141,-0.1443696320056915,-0.0815015062689781,-0.0924404039978981,-0.0487275682389736,0.1098472625017166,-0.1056819856166839,0.0532301999628543,-0.1176755204796791,-0.5431063771247864,0.1268296986818313,0.200601652264595,-0.3535113036632538,-0.1461397260427475,-0.0660911425948143,0.0858939811587333,-0.1799458563327789,0.2928858697414398,0.0374110862612724,-0.0149738732725381,0.1920422911643982,0.1654580682516098,0.1348134279251098,0.2172240018844604,0.296256422996521,0.4895316362380981,0.3293958306312561,1
s_000225,일찍 결혼하고 가족이 생기니까 나 혼자만의 삶이 없어져서 내 존재가 하찮게 느껴졌어. [SEP] 가족이 생기고 나만의 삶이 사라져서 나 자신이 하찮게 느껴지셨군요. [SEP] 그러다 고생하는 아내를 보니 가족을 위해 정말 열심히 살았나 떳떳하지 못하고 미안했어. [SEP] 고생하는 아내를 보니 미안한 마음이 드셨군요. 미안함을 해소하기 위해 어떻게 해야 할까요? [SEP] 고생하는 아내를 생각해서라도 혼자만의 삶보다는 가족을 위해 더 노력하며 살아야겠어. [SEP] 가족을 위해 노력하는 삶으로 미안함을 덜 느꼈으면 좋겠네요.,E55,Pro_03586,Pro_03586_00042,Pro_03586,-0.1319001764059066,-0.1713841408491134,-0.2541609704494476,-0.1545272767543792,0.043856430798769,0.1186545491218566,-0.1191462054848671,-0.0869009420275688,0.0238525010645389,0.2213611304759979,0.0057017258368432,-0.2056592851877212,-0.0949966236948967,-0.0061295083723962,0.0056230691261589,0.1105861887335777,-0.0238542892038822,-0.2829844653606415,-0.2120930105447769,-0.0360304154455661,-0.1362984329462051,0.0643949955701828,-0.0646993592381477,-0.1588229984045028,-0.0345253646373748,-0.0616948790848255,-0.3788055181503296,0.203989952802658,-0.2070864140987396,0.2505933940410614,-0.2154549956321716,-0.1139732971787452,-0.2503715753555298,-0.216587632894516,0.0966021046042442,0.3358901441097259,0.0314932540059089,0.0978194549679756,-0.1530779749155044,-0.0328650884330272,-0.1810297966003418,0.2105794250965118,-0.188075765967369,-0.1247451901435852,-0.0912297219038009,-0.1091282591223716,0.1723935753107071,-0.080200508236885,-0.0076079946011304,-0.138099730014801,-0.4766844511032104,0.1468774378299713,0.0918288454413414,-0.2082758992910385,-0.115263819694519,-0.1439521312713623,-0.0381200425326824,-0.1642994731664657,0.2752160131931305,0.0537439547479152,0.0277113355696201,0.0604802593588829,0.1577578783035278,0.1399158388376236,0.2874471545219421,0.3734534084796905,0.3434143960475921,0.270857572555542,1
s_000226,큰 걱정이 있어 고민이야. [SEP] 어떤 어려움을 겪고 계시는지요? [SEP] 정신적으로 병이 생겨서 이제 돈을 벌 수가 없어. [SEP] 정신적인 질환으로 경제력을 잃으신 거군요. [SEP] 과연 누가 나를 거둬줄지 정신이 오락가락하는 데 아무 희망이 없는 상황이야. [SEP] 정신적으로 아프신데 그로 인해 일마저 할 수 없는 상황이 비관적으로 느껴지시는 거군요.,E40,Pro_10891,Pro_10891_00055,Pro_10891,-0.0757556483149528,-0.195501372218132,-0.267209529876709,-0.231054276227951,0.1045606881380081,0.0919429138302803,-0.1418245583772659,-0.0581723973155021,0.0334463566541671,0.2440665513277053,0.0205990970134735,-0.1848785728216171,-0.1053106486797332,-0.0475983805954456,-0.0612866953015327,0.0575697347521781,-0.0605086162686347,-0.2688822448253631,-0.2114081531763076,0.047591708600521,-0.0709505304694175,0.0417660400271415,-0.0794902369379997,-0.1438852399587631,-0.0875132232904434,-0.0778167322278022,-0.3545486629009247,0.1973173916339874,-0.2318580597639084,0.2398240119218826,-0.2523932754993438,-0.0857814252376556,-0.2272412329912185,-0.1140972152352333,0.0842806249856948,0.3520601689815521,0.048253159970045,0.0918530151247978,-0.1541841030120849,-0.0057138362899422,-0.2092235684394836,0.2316299825906753,-0.1497693955898285,-0.0967725664377212,-0.095058798789978,-0.0658871084451675,0.1213694885373115,-0.0885272100567817,0.0290910620242357,-0.1174454465508461,-0.5064713358879089,0.138264000415802,0.1715806126594543,-0.3008382022380829,-0.118069015443325,-0.0847784876823425,0.050227653235197,-0.1738106608390808,0.2709021270275116,0.03531489148736,0.0052603594958782,0.1503410041332245,0.1570215672254562,0.1368341743946075,0.2152464389801025,0.3111997544765472,0.4210980832576751,0.3111971616744995,1
s_000227,운동 갔다 오는 길이 정말 만족스러웠어. [SEP] 좋은 일이 있으신가 봐요. [SEP] 은퇴하고 나니 머리 아픈 일도 없고 연금은 또박또박 나오고 그렇지 뭐. [SEP] 은퇴 생활이 편안해 보이시네요.,E64,Pro_08755,Pro_08755_00010,Pro_08755,-0.1914778649806976,-0.1562403887510299,-0.245524913072586,-0.1038554534316062,-0.0090981088578701,0.152307778596878,-0.0854484215378761,-0.1073664128780365,0.0166851095855236,0.2072111964225769,0.0108568202704191,-0.2176252901554107,-0.0790995508432388,0.0293945986777544,0.0685181617736816,0.1631800681352615,0.0130917094647884,-0.2984621524810791,-0.2047087401151657,-0.1124985069036483,-0.1895762830972671,0.095735065639019,-0.0449085608124733,-0.156168520450592,0.0279918275773525,-0.0403618887066841,-0.405405580997467,0.2242355346679687,-0.1802415251731872,0.2512758076190948,-0.1943920105695724,-0.1564158350229263,-0.2741544246673584,-0.3015010058879852,0.1083233654499054,0.3244412243366241,-0.0037790935020893,0.1148122623562812,-0.1501841247081756,-0.0598030127584934,-0.1633886992931366,0.1818593591451645,-0.2299041450023651,-0.1713303327560424,-0.0826232880353927,-0.1542136073112487,0.2199650555849075,-0.0685137435793876,-0.0341254733502864,-0.160986915230751,-0.4516287744045257,0.1552028059959411,0.0247155800461769,-0.1199005469679832,-0.0885877981781959,-0.1858619600534439,-0.1248762384057045,-0.1667809188365936,0.281157910823822,0.069707341492176,0.0499241836369037,-0.0108393291011452,0.1684647351503372,0.1499661952257156,0.3359227478504181,0.4575847089290619,0.2755006551742553,0.2298708111047744,1
s_000228,이번에도 또 면접에서 떨어졌네. 너무 불행해. [SEP] 면접에서 떨어지셔서 불행하다고 느끼셨군요. [SEP] 면접을 볼 때도 자꾸 어디에선가 환청이 들려서 집중할 수가 없었어. [SEP] 지금 상황을 이겨내기 위해서 시도해 볼 수 있는 일은 무엇이 있을까요? [SEP] 아무래도 병원에 가서 치료를 받아야겠어. [SEP] 병원 치료가 잘 되어 차도가 있으시기를 바라요.,E45,Pro_03816,Pro_03816_00026,Pro_03816,-0.0538282766938209,-0.2445150762796402,-0.2755427062511444,-0.2636170089244842,0.1346113532781601,0.1042865738272667,-0.1715198308229446,-0.0593380481004715,0.0459825173020362,0.2643493711948395,0.0266692116856575,-0.1961604654788971,-0.111820600926876,-0.0716946572065353,-0.0988284200429916,0.0615168139338493,-0.0984607562422752,-0.2885620296001434,-0.2163975685834884,0.0716709494590759,-0.0410699173808097,0.0266420524567365,-0.0755917653441429,-0.1743056178092956,-0.1372418701648712,-0.1100177466869354,-0.3593150973320007,0.1880290359258651,-0.2709539532661438,0.2572050094604492,-0.2960294187068939,-0.079981692135334,-0.2381613254547119,-0.0774385556578636,0.0803778693079948,0.3668384552001953,0.071572296321392,0.0994634255766868,-0.1562967896461486,-0.0061327195726335,-0.2308768630027771,0.2511221170425415,-0.1410753428936004,-0.0800492316484451,-0.0873245075345039,-0.0460342466831207,0.1040777638554573,-0.1055670827627182,0.0608652979135513,-0.1158971861004829,-0.5376749634742737,0.1191226616501808,0.2003870904445648,-0.356255292892456,-0.1411666423082351,-0.0541267395019531,0.0843896269798278,-0.1790442764759063,0.2925579845905304,0.0396731421351432,-0.018877912312746,0.1994886249303817,0.1672503352165222,0.1310946345329284,0.2088867723941803,0.2925918102264404,0.4937073588371277,0.3183218836784363,1
s_000229,장이 안좋아져서 내시경 받아야 하는데 내시경 약 먹을 생각에 구역질이 나. [SEP] 내시경 약을 드실 생각하니 힘드신가봐요. 힘드신 이유가 있을까요? [SEP] 약을 계속 먹으면서 몇시간동안 계속 토해내야 하는데 한 번 하면 다시는 하기 싫을 정도야. [SEP] 약을 먹으면 몇시간동안 계속 토해내야 해서 힘들다고 생각하시는 군요.,E17,Pro_08828,Pro_08828_00037,Pro_08828,-0.0084981732070446,-0.1866117864847183,-0.2937532663345337,-0.3343778550624847,0.1815492659807205,0.0375975742936134,-0.16655994951725,-0.0121351741254329,0.0364440158009529,0.2840906679630279,0.0455458909273147,-0.1480532884597778,-0.1365527063608169,-0.0770789310336113,-0.1269808411598205,-0.037686787545681,-0.088616631925106,-0.2497310638427734,-0.2301007062196731,0.1597074270248413,-0.0047820331528782,0.0187179036438465,-0.1178759038448333,-0.100288301706314,-0.1209324225783348,-0.0623247921466827,-0.3427584767341614,0.2169170975685119,-0.2424076646566391,0.22390016913414,-0.273012638092041,-0.0517190434038639,-0.1978128850460052,0.0031540261115878,0.0812659189105033,0.3976235687732696,0.0542225427925586,0.0628368407487869,-0.1800198405981063,0.0376816615462303,-0.2694129943847656,0.2687455415725708,-0.1123224198818206,-0.0802320018410682,-0.1219336614012718,-0.0206517204642295,0.073184497654438,-0.0938819721341133,0.0479033589363098,-0.0965957269072532,-0.5665968060493469,0.1644964963197708,0.2877242267131805,-0.4064073860645294,-0.1200504899024963,-0.0454125665128231,0.1769231110811233,-0.1988658010959625,0.2605892717838287,-0.0051195509731769,-0.0039448048919439,0.2465274333953857,0.1522153615951538,0.1552591472864151,0.1291966438293457,0.256125271320343,0.5036452412605286,0.4171009361743927,1
s_000230,매일 인슐린 주사를 맞고 있으니까 진즉에 몸 관리 하라 했던 아내의 말이 생각나서 후회되네. [SEP] 매일 주사를 맞으시니 많이 힘드시겠어요. [SEP] 매일 주사를 맞으려니 힘이 들고 기분도 항상 좋지 않은 것 같아. [SEP] 어떻게 하면 매일 주사를 맞는 상황 속에서 기분이 나아지실까요? [SEP] 산책을 하면서 마음을 편안히 하고 즐겁게 할 수 있는 취미를 찾아봐야겠어. [SEP] 다른 활동을 함으로써 기분이 나아지겠으면 좋겠어요.,E23,Pro_09734,Pro_09734_00008,Pro_09734,-0.078736737370491,-0.2089579254388809,-0.2779614627361297,-0.2362783402204513,0.1107505857944488,0.1010183468461036,-0.1662240177392959,-0.0676614269614219,0.0358088947832584,0.2646084427833557,0.0202666781842708,-0.2022002339363098,-0.1242300495505333,-0.0367954485118389,-0.0586718507111072,0.0650883018970489,-0.0738492161035537,-0.2973469793796539,-0.2353304177522659,0.041093610227108,-0.0833771973848342,0.0366732589900493,-0.0851005464792251,-0.1721521914005279,-0.0976951196789741,-0.0811711698770523,-0.3858483731746673,0.2082436233758926,-0.2508913278579712,0.2662901282310486,-0.262660801410675,-0.0896973311901092,-0.2508575022220611,-0.1359792798757553,0.0956552028656005,0.3812642991542816,0.0607704073190689,0.0835973024368286,-0.1761449873447418,-0.0117898751050233,-0.2391204684972763,0.2555018961429596,-0.1656427532434463,-0.1002297028899192,-0.1030491217970848,-0.0700251087546348,0.1394233703613281,-0.1015292927622795,0.0246963035315275,-0.1289925128221511,-0.5483285784721375,0.1495407223701477,0.1806635111570358,-0.3198855817317962,-0.1491224914789199,-0.109866976737976,0.062233243137598,-0.1828035861253738,0.2942160665988922,0.0361634045839309,0.0026842702645808,0.1504293233156204,0.1636830419301986,0.1474656909704208,0.2522471845149994,0.3314783275127411,0.4551684260368347,0.3446137905120849,1
s_000231,코로나일구 때문에 결혼식을 예정대로 할 수 있을지가 걱정이야. [SEP] 코로나일구 때문에 결혼식을 못할까봐 걱정이시군요. [SEP] 하객 수를 줄이라고 해서 내 친구들도 많이 못 오게 되었어. 아무래도 부모님 입장에서는 친척들이 더 중요한 손님이니까 그런가 봐. [SEP] 그동안 준비 많이 하셨을 텐데 힘드시겠어요. [SEP] 결혼식 날만을 기다려왔다고. 그런데 이게 뭐야. [SEP] 실망을 많이 하실 수밖에 없네요.,E21,Pro_05232,Pro_05232_00050,Pro_05232,-0.0597670525312423,-0.1861286759376526,-0.2717698514461517,-0.2548198103904724,0.1210726350545883,0.0750028192996978,-0.1417213231325149,-0.0445150062441825,0.0326212495565414,0.2495260834693908,0.0265508759766817,-0.1714601367712021,-0.1100654527544975,-0.0546074099838733,-0.0753369852900505,0.0309352595359087,-0.0621218346059322,-0.2574760615825653,-0.2122313827276229,0.0759681835770607,-0.0546525157988071,0.0379341654479503,-0.0891946107149124,-0.125111386179924,-0.0898728966712951,-0.0700310468673706,-0.3461090624332428,0.2017038613557815,-0.2278132438659668,0.2298619747161865,-0.2518402934074402,-0.076735608279705,-0.2147858291864395,-0.0836928784847259,0.0821413844823837,0.3582986295223236,0.045672595500946,0.0846697315573692,-0.1574664413928985,0.0067022298462688,-0.2185238003730774,0.2359340190887451,-0.1383480876684188,-0.0934729874134063,-0.1017315909266471,-0.0553083159029483,0.1076734885573387,-0.0862743631005287,0.0315232686698436,-0.1103369444608688,-0.5132534503936768,0.1453809589147567,0.1985587328672409,-0.3211225569248199,-0.1116302385926246,-0.0736909955739975,0.078757643699646,-0.1785065531730651,0.2624213695526123,0.0241033360362052,0.0056246859021484,0.1710925847291946,0.1536799967288971,0.1406255662441253,0.1876424551010131,0.2953492105007171,0.430426687002182,0.3333340883255005,1
s_000232,만성질환으로 밖을 잘 못 나가는데 요즘 채팅으로 사람들과 대화를 할 수 있으니 참 좋구나. [SEP] 채팅으로 사람들과 대화를 할 수 있어 좋으시군요. [SEP] 친구들도 많이 만들었어. 부산에도 있고 광주에도 있고. [SEP] 오늘도 채팅을 사용하실 건가요? [SEP] 오늘도 접속해서 채팅을 할 거야. 요즘 이 재미에 푹 빠져있다니까. [SEP] 채팅으로 즐거운 시간이 되시길 바랄게요.,E64,Pro_11335,Pro_11335_00003,Pro_11335,-0.1565081179141998,-0.1680312305688858,-0.2468303740024566,-0.0795981884002685,0.0060009444132447,0.1356495916843414,-0.1400192379951477,-0.1216045245528221,0.0200002193450927,0.2105093598365783,-0.0292623881250619,-0.2425701320171356,-0.1055757999420166,0.0248396918177604,0.0425755009055137,0.150685504078865,-0.0197556689381599,-0.3094831109046936,-0.2348542809486389,-0.094894602894783,-0.1882306337356567,0.0598419271409511,-0.0619382672011852,-0.2155740857124328,-0.0351472087204456,-0.0720122531056404,-0.4051215648651123,0.1906234174966812,-0.2162039279937744,0.2885898947715759,-0.1900936663150787,-0.1127091571688652,-0.2782341837882995,-0.2963165640830993,0.1086971312761306,0.3360951244831085,0.0593529492616653,0.0867399647831916,-0.1642896085977554,-0.0541826747357845,-0.1679850965738296,0.2236439287662506,-0.2111068069934845,-0.1127568855881691,-0.0951064825057983,-0.1291262954473495,0.2104136496782302,-0.0910572111606597,-0.0353458598256111,-0.1528731882572174,-0.4793517291545868,0.1499007046222686,0.0336064398288726,-0.1644689887762069,-0.1668229401111602,-0.2035006433725357,-0.0811591148376464,-0.1472035348415374,0.2938543260097503,0.0716856867074966,0.0325957313179969,-0.0075356378220021,0.1515176147222519,0.1344771534204483,0.3809269666671753,0.3869552612304687,0.3198491036891937,0.2602541148662567,1
s_000233,가장 친한 친구가 같은 반 아이들에게 괴롭힘을 당했어. 친구가 힘들어하는 모습을 보니 그 아이들에게 화가 나. [SEP] 친구가 괴롭힘을 당해 화가 나시는군요. 괴롭힘을 막을 방법이 있을까요? [SEP] 내일 학교에 가서 선생님께 말씀드리면 해결될 거야. 그 아이들이 꼭 반성했으면 좋겠어. [SEP] 선생님께 도움을 요청할 생각이시군요.,E10,Pro_01861,Pro_01861_00002,Pro_01861,0.0452817678451538,-0.2587213814258575,-0.3054889440536499,-0.3750534951686859,0.2344296425580978,0.0417016483843326,-0.2283384799957275,-0.0143563384190201,0.0557277649641037,0.3120335638523102,0.038516379892826,-0.1687956303358078,-0.1550887525081634,-0.1187718734145164,-0.1971199512481689,-0.0466910414397716,-0.1563206166028976,-0.2748438119888305,-0.245895653963089,0.2110328674316406,0.0474748089909553,-0.0197366550564765,-0.1211988255381584,-0.1611688286066055,-0.2190317660570144,-0.1210493594408035,-0.3406044244766235,0.1872270107269287,-0.3097426295280456,0.2581119537353515,-0.3323958218097687,-0.0199393518269062,-0.2074466496706009,0.0737575367093086,0.0726419240236282,0.4191739857196808,0.1130958050489425,0.0613149628043174,-0.1856570988893509,0.0443719513714313,-0.2987748682498932,0.3108163177967071,-0.0839354842901229,-0.0272339303046464,-0.1162767633795738,0.0240845214575529,0.0351081080734729,-0.1256157308816909,0.0958583205938339,-0.0861491486430168,-0.6120105385780334,0.1336289793252945,0.3365570306777954,-0.4971094727516174,-0.1802111268043518,0.000531826110091,0.2494793087244033,-0.1974446922540664,0.291102796792984,-0.0011569070629775,-0.0467019826173782,0.3223841190338135,0.1575056612491607,0.1387792974710464,0.1240900829434394,0.1884591877460479,0.6263017654418945,0.4404142200946808,1
s_000234,처음 하는 발표에서 내 실수로 발표 전체를 망쳐 버렸어. [SEP] 발표를 망친 것에 대한 죄책감이 크신 것 같네요. [SEP] 열심히 준비한 발표였는데 내 실수로 망쳐서 속상해. [SEP] 열심히 준비한 발표에서 실수를 해서 죄책감을 느끼셨던 것이군요. [SEP] 좋은 경험이라고 생각하고 다음에는 더 잘하자고 생각해야겠어. [SEP] 다음에는 더 잘하겠다고 결심한 계기가 되었군요.,E55,Pro_03826,Pro_03826_00046,Pro_03826,-0.1580853015184402,-0.1492033451795578,-0.2434666454792022,-0.1108364015817642,0.0100509254261851,0.1255593597888946,-0.0988820195198059,-0.0975637137889862,0.0170368403196334,0.2012589573860168,-0.0037191414739936,-0.2092182785272598,-0.0843806564807891,0.0127717908471822,0.0398636572062969,0.131377711892128,0.0013286910252645,-0.2780465185642242,-0.2053257524967193,-0.0750640332698822,-0.166263148188591,0.0769737735390663,-0.0573666431009769,-0.1550069451332092,-0.002382262609899,-0.0499935373663902,-0.3792416155338287,0.2033656388521194,-0.1852310448884964,0.246269479393959,-0.1881740242242813,-0.124539665877819,-0.2521052360534668,-0.2604649662971496,0.0992040857672691,0.3170293569564819,0.0192346274852752,0.1008869856595993,-0.1458144932985305,-0.0431287363171577,-0.1551433652639389,0.1920203119516372,-0.2009255141019821,-0.1362147778272628,-0.0885426178574562,-0.1292944252490997,0.1919363737106323,-0.0707532092928886,-0.0276906117796897,-0.1437660753726959,-0.4441942572593689,0.1496866047382354,0.0477344915270805,-0.1509505659341812,-0.1041684374213218,-0.1680795103311538,-0.0854867026209831,-0.1553734540939331,0.2671674787998199,0.0614421889185905,0.0415265560150146,0.0115247415378689,0.1537507176399231,0.138041466474533,0.3118104338645935,0.3951627612113952,0.2883338332176208,0.2418595254421234,1
s_000235,어느 날 갑자기 중풍 환자가 되었어. [SEP] 어떤 계기로 그렇게 되었나요? [SEP] 고혈압약을 삼 일째 먹지 않고 화장실 갔다가 쓰러진 거야. [SEP] 혈압약 복용을 하지 않아 쓰러졌다고 생각하시는군요. [SEP] 여생 어찌 살아가야 할지 너무 두렵고 혈압약이 그렇게 중요한 걸 몰랐어. [SEP] 혈압약을 소홀히 생각했던 순간을 후회하시는군요.,E53,Pro_11324,Pro_11324_00028,Pro_11324,-0.1014103665947914,-0.1814491003751754,-0.2609082162380218,-0.2127377837896347,0.0809985995292663,0.1019630432128906,-0.1162511333823204,-0.0612779520452022,0.0289646089076995,0.2323155403137207,0.0261449683457613,-0.1811699271202087,-0.0921378806233406,-0.0353981181979179,-0.034406628459692,0.0748403966426849,-0.037939790636301,-0.2644937336444855,-0.1996312439441681,0.0190267916768789,-0.0893455892801284,0.0588151328265666,-0.07007747143507,-0.1270970404148101,-0.0527789779007434,-0.0634767338633537,-0.3560841977596283,0.2061277031898498,-0.2109741121530532,0.2281835526227951,-0.2393704056739807,-0.1045939698815345,-0.2284614294767379,-0.1432476639747619,0.0859409347176551,0.338758647441864,0.0245431698858737,0.1018020361661911,-0.1464013308286667,-0.0139823276549577,-0.1938524842262268,0.2102034837007522,-0.1633668094873428,-0.1197321712970733,-0.089692898094654,-0.0848894193768501,0.1362696290016174,-0.0775821879506111,0.0183369759470224,-0.1235818713903427,-0.4823370575904846,0.1408168971538543,0.1436788141727447,-0.2582848370075226,-0.0912690982222557,-0.0942852571606636,0.0100873420014977,-0.174163281917572,0.2640827894210815,0.0399000719189643,0.0174588691443204,0.121714748442173,0.1599645316600799,0.1399660557508468,0.2188269942998886,0.3441894650459289,0.3788290023803711,0.2857386171817779,1
s_000236,노인정에 가기가 싫어. 노인정 박 씨는 맨날 아들 자랑만 해. [SEP] 노인정 사람이 아들 자랑을 해서 가기가 싫으시군요. [SEP] 관절이 아파서 산 약이 있는데 하도 자식 자랑만 하니 나도 아들이 사줬다고 거짓말을 했어. [SEP] 지금의 기분에서 벗어나기 위해 어떻게 하는 게 좋을까요? [SEP] 당분간은 노인정 모임을 자제하고 친구들이랑 공원에 산책이나 나가야겠어. [SEP] 친구분들과의 외출로 기분전환이 되길 바라요.,E52,Pro_11323,Pro_11323_00003,Pro_11323,-0.0909928604960441,-0.2154314219951629,-0.266037106513977,-0.2229904979467392,0.0955069586634635,0.113844521343708,-0.1419027000665664,-0.0687462463974952,0.0369906835258007,0.2456984668970108,0.0241326764225959,-0.1964899152517318,-0.0996716991066932,-0.0457988791167736,-0.0535696409642696,0.0849853456020355,-0.0640710443258285,-0.2844114601612091,-0.2086080014705658,0.0248587690293788,-0.0790423676371574,0.0473594702780246,-0.0673341825604438,-0.1597883254289627,-0.0877642929553985,-0.0875156372785568,-0.366004467010498,0.1981566548347473,-0.2407833188772201,0.2485310286283493,-0.2658003568649292,-0.1006081402301788,-0.2422933727502823,-0.1344200819730758,0.0861116871237754,0.3508861064910888,0.0461909547448158,0.1044832095503807,-0.1512210071086883,-0.0183375142514705,-0.2084118425846099,0.2274904698133468,-0.1624958515167236,-0.1064402982592582,-0.0856314152479171,-0.0751252770423889,0.1324011981487274,-0.091955155134201,0.0349098891019821,-0.1258206963539123,-0.5076702833175659,0.1290479451417923,0.154245987534523,-0.2914407849311828,-0.1182233020663261,-0.0856679528951644,0.0268151387572288,-0.1753256767988205,0.2836525738239288,0.0460325181484222,0.0016815273556858,0.1440547555685043,0.1662387549877166,0.1357728689908981,0.2331124544143676,0.3350209891796112,0.4264187514781952,0.2909397184848785,1
s_000237,요즘 나는 그저 상위권 친구들 밑바닥을 깔아주기만 하는 것 같아서 우울해. [SEP] 본인이 상위권 친구들을 받쳐줄 뿐이라는 생각에 우울하시군요. [SEP] 나도 성적을 잘 받기 위해 노력하는데 왜 이런 생각이 드는지 모르겠어. [SEP] 그런 생각이 드는데 이유를 모르시겠군요. 이런 상황에선 어떻게 해야 할까요? [SEP] 우선 내가 최선을 다해 노력해 보고 싶어. [SEP] 긍정적으로 생각하고 이지망하신 학교에서 열심히 공부하려고 하시는군요.,E29,Pro_01760,Pro_01760_00016,Pro_01760,-0.0538692735135555,-0.1978856772184372,-0.2734405398368835,-0.2792428135871887,0.1331813782453537,0.0770278126001358,-0.1346557438373565,-0.0350858233869075,0.0362248159945011,0.2534351348876953,0.0406024046242237,-0.1615646183490753,-0.1027975976467132,-0.0684629455208778,-0.0895470678806305,0.0260431300848722,-0.067124418914318,-0.2522062361240387,-0.2008976340293884,0.0915962532162666,-0.0344605818390846,0.0405560247600078,-0.0847760513424873,-0.1103991195559501,-0.0936750024557113,-0.0728237256407737,-0.3373510539531708,0.20437091588974,-0.2296299040317535,0.2180550843477249,-0.2684638500213623,-0.0813808217644691,-0.2085122168064117,-0.0550115369260311,0.076804518699646,0.3558129072189331,0.0361654162406921,0.0947802141308784,-0.1500923186540603,0.010328565724194,-0.2213275283575058,0.2291047126054763,-0.1318961977958679,-0.0989547297358512,-0.0952950417995452,-0.0490207932889461,0.0940735787153244,-0.083918921649456,0.0470130071043968,-0.1065871119499206,-0.510924220085144,0.1377501487731933,0.2138274013996124,-0.3353925347328186,-0.0922452062368393,-0.0465641468763351,0.0874812304973602,-0.1843905746936798,0.2598516345024109,0.0220024809241294,0.000478256464703,0.1967795640230178,0.1593775153160095,0.1402724236249923,0.1564189046621322,0.29475998878479,0.4439001381397247,0.3265643417835235,1
s_000238,자주 다니는 병원 근처의 공공임대 아파트 청약 신청에 떨어져서 슬프네. [SEP] 공공임대 아파트 청약 신청에 떨어져서 슬프시군요. [SEP] 그래. 병원이랑 가까워서 꼭 가고 싶었거든. [SEP] 이제 어떻게 하실 생각이신가요? [SEP] 병원을 바꾸든지 공공임대 아파트 말고 다른 곳으로 이사를 하든지 해야겠지. [SEP] 좋은 선택 하시길 바라요.,E28,Pro_10819,Pro_10819_00005,Pro_10819,-0.0538054555654525,-0.2052554786205291,-0.2723046541213989,-0.2554720640182495,0.1267227530479431,0.0819146633148193,-0.154686763882637,-0.04972780123353,0.0371082797646522,0.2530714273452759,0.0228372812271118,-0.1803445965051651,-0.1116817519068718,-0.0616831257939338,-0.0860141962766647,0.0386238396167755,-0.0761213600635528,-0.2661935687065124,-0.2145133018493652,0.0773171931505203,-0.0487303622066974,0.0311024598777294,-0.0860800147056579,-0.144428938627243,-0.1106830760836601,-0.0858005806803703,-0.3475876748561859,0.1931103616952896,-0.243796244263649,0.2401172667741775,-0.2651738226413727,-0.0730215087532997,-0.2206535637378692,-0.0786976441740989,0.0806014463305473,0.3598386645317077,0.0591701380908489,0.0873663127422332,-0.1566497087478637,0.0037729300092905,-0.2206525057554245,0.2429587692022323,-0.1358162313699722,-0.0829774960875511,-0.0976650416851043,-0.049260888248682,0.1037630438804626,-0.0936465039849281,0.0414418317377567,-0.1102622970938682,-0.5204012989997864,0.1354525238275528,0.1996971368789672,-0.3354247808456421,-0.1261848956346511,-0.0667314901947975,0.0843459367752075,-0.1761230379343032,0.2714707851409912,0.0291312802582979,-0.003863229881972,0.1810954213142395,0.1558691561222076,0.1351704001426696,0.1953582465648651,0.2856150567531585,0.4527492523193359,0.3289274573326111,1
s_000239,우울증으로 인해 흥미도 없고 뭘 하든 힘들어. [SEP] 우울증으로 인해 힘드시군요. [SEP] 재미있어하던 걸 해도 별로 의욕이 없어. [SEP] 사용자님의 기분을 전환하려면 무엇을 해야 할까요? [SEP] 내가 극복할 수 있도록 노력해야지. [SEP] 우울증을 얼른 이겨내시길 바라요!,E32,Pro_08843,Pro_08843_00026,Pro_08843,-0.0712722763419151,-0.1518022567033767,-0.2812030017375946,-0.2320368885993957,0.1092228069901466,0.0634309574961662,-0.1603948920965194,-0.0552107691764831,0.0232176017016172,0.2616708278656006,0.0116630643606185,-0.1860956102609634,-0.1402301490306854,-0.0169030725955963,-0.0440874882042408,0.0228836070746183,-0.0505587384104728,-0.2770763337612152,-0.2506795525550842,0.0576308704912662,-0.0975896343588829,0.0354007892310619,-0.110368974506855,-0.1423419713973999,-0.0689676329493522,-0.0452383197844028,-0.3841843903064728,0.2209352105855941,-0.2215268164873123,0.2564423680305481,-0.2182477563619613,-0.0732374414801597,-0.2341616004705429,-0.140752911567688,0.1024306342005729,0.3915667235851288,0.0547297447919845,0.0535824969410896,-0.1929584890604019,0.0050158225931227,-0.2451155334711074,0.2632198929786682,-0.1613139361143112,-0.0995491743087768,-0.1280185282230377,-0.071402296423912,0.1445055902004242,-0.0923202633857727,-0.0083714537322521,-0.1239750012755394,-0.5518350005149841,0.1840797364711761,0.1953133642673492,-0.3091118335723877,-0.1509154140949249,-0.1434916257858276,0.0840878114104271,-0.1832851469516754,0.2737616300582886,0.0162943322211503,0.0232415255159139,0.1281371265649795,0.1467314511537552,0.1601715683937072,0.2493039071559906,0.3200635015964508,0.4192032217979431,0.3932209610939026,1
s_000240,어제 친구랑 대화하다가 친구가 갑자기 화를 내고 가버렸어. [SEP] 친구가 갑자기 화를 내서 당황하셨군요. 친구가 화를 낸 이유를 아시나요? [SEP] 아니. 이유도 알 수가 없어서 더 황당해. [SEP] 이유를 모르시면 많이 황당하시겠네요.,E59,Pro_05150,Pro_05150_00042,Pro_05150,-0.1129534840583801,-0.1831964701414108,-0.2580481767654419,-0.1918000727891922,0.0676709115505218,0.1114050149917602,-0.1181020513176918,-0.0718640461564064,0.0283031594008207,0.2284470200538635,0.0191703420132398,-0.1917310357093811,-0.0916938856244087,-0.0267431065440177,-0.0214255936443805,0.0917428657412529,-0.0351732186973094,-0.2730534672737121,-0.2027362883090973,-0.0024555947165936,-0.1050777807831764,0.0607211627066135,-0.0657863244414329,-0.1418152004480362,-0.0492955781519413,-0.0664791092276573,-0.3643089532852173,0.2037563472986221,-0.2125080078840255,0.2374221980571746,-0.2347863465547561,-0.1091803610324859,-0.2379071414470672,-0.1695686429738998,0.089091382920742,0.3365176022052765,0.0280695296823978,0.1030307486653328,-0.1471393406391143,-0.0223779082298278,-0.1883579790592193,0.2097156941890716,-0.1725256592035293,-0.1211083680391311,-0.0878954082727432,-0.0933760106563568,0.1487835198640823,-0.0794881358742713,0.0120411971583962,-0.1291960477828979,-0.4797343611717224,0.1395705491304397,0.123386338353157,-0.241416648030281,-0.1002451255917549,-0.1092023625969886,-0.0093567473813891,-0.1702764481306076,0.2700173854827881,0.0468555875122547,0.0191257372498512,0.1016043350100517,0.1605700701475143,0.1385086178779602,0.2442073374986648,0.3551949262619018,0.3693826794624328,0.2756287455558777,1
s_000241,열심히 공부해도 성적은 안 올라서 스트레스 받는데 엄마는 계속 닦달하네. [SEP] 열심히 하고 있는데 그만큼 성과도 안 나오고 어머니도 그 마음을 몰라주셔서 힘드시겠어요. [SEP] 응. 내가 성적이 안 나오고 싶어서 안 나오는 것도 아닌데 왜 내 상황을 하나도 이해해주지 못하는 걸까. [SEP] 엄마가 지금 상황을 이해하시게 하려면 어떻게 하는 게 좋을까요? [SEP] 내가 지금보다 더 열심히 하는 모습을 보여드릴 거야. 그때는 이해해주실 거야. [SEP] 열심히 하셔서 꼭 어머니도 상황을 이해하게 되고 성적도 올랐으면 좋겠네요.,E33,Pro_01764,Pro_01764_00023,Pro_01764,-0.0434327088296413,-0.2372173815965652,-0.2809797823429107,-0.2828169167041778,0.1473907828330993,0.0923138782382011,-0.1734773218631744,-0.0497077032923698,0.0451274402439594,0.2718466818332672,0.0322941839694976,-0.1875907480716705,-0.1184577867388725,-0.073976844549179,-0.1072219088673591,0.0416008792817592,-0.0998065769672393,-0.2839595973491668,-0.2208289951086044,0.0917573198676109,-0.0317180268466472,0.0242053177207708,-0.0843104347586631,-0.1618369668722152,-0.1371754258871078,-0.1020579785108566,-0.3586856126785278,0.1952008455991745,-0.2687850296497345,0.2526886165142059,-0.295779675245285,-0.074938528239727,-0.2322814315557479,-0.0589167401194572,0.0811081677675247,0.3767283856868744,0.0691689029335975,0.0924215391278266,-0.1629106104373932,0.0025838073343038,-0.2432503402233123,0.2573448717594147,-0.1359537094831466,-0.0805049613118171,-0.0943672135472297,-0.0398901216685771,0.0976609662175178,-0.1049579381942749,0.0605442896485328,-0.112764835357666,-0.5491029024124146,0.1282443255186081,0.22233846783638,-0.3722055852413177,-0.1389808803796768,-0.0510699488222599,0.1070750430226326,-0.1849770694971084,0.2891199886798858,0.0304871145635843,-0.0175157189369201,0.213776633143425,0.1659044325351715,0.1370312422513961,0.1929567605257034,0.2866587042808532,0.5036171078681946,0.3418710827827453,1
s_000242,요즘 코로나로 인해 취업 시장이 얼어붙었다는 이야기들을 많이 하는데 나는 그렇게까지 걱정이 되지는 않더라. [SEP] 코로나가 많은 사람에게 영향을 미치고 있죠. 걱정을 덜기 위해 어떤 방법을 취하면 도움이 될 수 있을까요? [SEP] 나는 단 한 군데도 취업이 안 될 리는 없다고 마음을 편하게 가지려고 할 뿐이거든. [SEP] 긍정적인 자세를 가지면 마음을 다스리는 데에 도움을 받을 수 있는 것이네요. [SEP] 실제로 한 군데도 취업이 안 되는 일은 없지 않을까? 취업하고 싶은 곳에 취업이 안 되는 일은 있을 수 있지만 말이야. [SEP] 그러네요! 항상 긍정적인 마음을 갖는 게 좋은 것 같아요.,E66,Pro_05397,Pro_05397_00025,Pro_05397,-0.1073525547981262,-0.2130204886198043,-0.265444666147232,-0.1908201575279235,0.0770359188318252,0.1243006810545921,-0.1527880877256393,-0.0862796232104301,0.0346731394529342,0.2455348074436187,0.0105310063809156,-0.2159411460161209,-0.1081910654902458,-0.0260243881493806,-0.0311434306204319,0.1058485582470893,-0.0609408318996429,-0.3028503656387329,-0.2241067290306091,-0.006923952139914,-0.1093899235129356,0.0474217683076858,-0.067179650068283,-0.1875847727060318,-0.0826510712504386,-0.0881523117423057,-0.3875302970409393,0.198808953166008,-0.2450224608182907,0.2700303792953491,-0.2543713450431824,-0.1047088280320167,-0.2610993087291717,-0.1821349710226059,0.0955182239413261,0.3584135174751282,0.0563724264502525,0.0980272218585014,-0.1622250974178314,-0.0301237236708402,-0.2101363390684127,0.2365430891513824,-0.1800067573785781,-0.1075952872633934,-0.0898486673831939,-0.088899590075016,0.1576203107833862,-0.0979494825005531,0.0183046273887157,-0.1368205845355987,-0.518031656742096,0.1361683905124664,0.1284792721271515,-0.2711382508277893,-0.1440582573413849,-0.1224167272448539,0.0054716072045266,-0.1714695990085601,0.2966135144233703,0.0537668690085411,0.0063749956898391,0.1094887405633926,0.1657867282629013,0.1383385956287384,0.2843130826950073,0.3539010286331177,0.4173930883407593,0.29440638422966,1
s_000243,몸살이 났어도 아침을 정성껏 챙겨줬는데 남편이 글쎄 짜증 나게도 반찬 투정을 하네. [SEP] 아픈 몸으로도 아침을 차려줬는데 남편분이 반찬 투정을 하니까 화가 나셨군요. [SEP] 왜 어린아이처럼 반찬 투정을 할까. 너무 화가 나. [SEP] 어린아이처럼 반찬 투정을 하는군요. 지금의 안 좋은 기분을 털어내려면 무슨 일을 해야 좋을까요? [SEP] 친구한테 전화해서 실컷 수다나 떨고 남편 욕이나 하면 좀 풀리겠지. [SEP] 친구와 전화하려고 하시는군요.,E11,Pro_08822,Pro_08822_00027,Pro_08822,0.0511741675436496,-0.3209426403045654,-0.3012790381908417,-0.3967473804950714,0.2485132813453674,0.0748285353183746,-0.2291882932186126,-0.0165868569165468,0.0714924857020378,0.3135395348072052,0.054378218948841,-0.1738849431276321,-0.131412386894226,-0.1555232107639312,-0.2296934872865677,-0.015085463412106,-0.1851737946271896,-0.2830828130245209,-0.2178390771150589,0.2158073782920837,0.0857620537281036,-0.0206270981580019,-0.0935556665062904,-0.1774703860282898,-0.2568069100379944,-0.1626327037811279,-0.3239799439907074,0.1684257537126541,-0.3391588926315307,0.2547781765460968,-0.3847624659538269,-0.0319398902356624,-0.2113619744777679,0.1149923950433731,0.0573518052697181,0.4008440673351288,0.1165643483400344,0.0982371419668197,-0.1579338610172271,0.034512523561716,-0.2884246408939361,0.2971073091030121,-0.0734964981675148,-0.0221889428794384,-0.0852571129798889,0.0375151522457599,0.0090164961293339,-0.1322874724864959,0.1441850960254669,-0.0824395343661308,-0.6002892851829529,0.0875143259763717,0.3369861245155334,-0.5192762017250061,-0.1636503040790558,0.0655645802617073,0.241892471909523,-0.1970744431018829,0.303802877664566,0.0160836167633533,-0.074109748005867,0.3663287162780761,0.1748812198638916,0.1202527284622192,0.0921872407197952,0.1808677762746811,0.6729943752288818,0.3820444941520691,1
s_000244,오늘 내 친구가 내 비밀을 다른 친구들한테 말해버렸어. 그래서 나는 너무 친구가 미워서 세게 때렸어. [SEP] 그 친구를 믿고 비밀을 말했는데 누설을 해서 당황스럽고 속상했겠네요. [SEP] 맞아. 나는 그 친구를 믿었는데 그걸 많은 사람에게 말하다니. 그래도 때린 것은 미안해. [SEP] 때린 것은 미안하군요. 이런 슬픈 상황에서 어떻게 하는 것이 좋을까요? [SEP] 그 친구에게 미안한 감정을 전달하고 비밀을 말한 것에 대한 속상함을 전달해봐야겠어. [SEP] 친구 분과 진지하게 이야기하면서 서로의 마음을 주고받으며 관계가 더욱 돈독해지길 바랄게요.,E57,Pro_00348,Pro_00348_00021,Pro_00348,-0.1638481169939041,-0.1818066537380218,-0.2569576203823089,-0.1553451716899871,0.0285285580903291,0.1459760963916778,-0.1041697338223457,-0.0940631106495857,0.0245450213551521,0.2288539111614227,0.0243656300008296,-0.2114585041999817,-0.0880763530731201,0.00670662894845,0.0302173364907503,0.1410137563943863,-0.0137461479753255,-0.302272617816925,-0.2087342590093612,-0.0690272450447082,-0.1543081849813461,0.0838252454996109,-0.0512270107865333,-0.1560941338539123,-0.0053817294538021,-0.0527723021805286,-0.4031256735324859,0.2259172350168228,-0.2029280066490173,0.2526412010192871,-0.2265674024820327,-0.1472391188144683,-0.2710067331790924,-0.2510509490966797,0.1044232472777366,0.3431481122970581,0.0059280744753777,0.1143617331981659,-0.1558228880167007,-0.0484878942370414,-0.1907196193933487,0.1990251839160919,-0.2156265974044799,-0.1616012752056121,-0.0837320834398269,-0.1324071288108825,0.1971023827791214,-0.0774919763207435,-0.0097344014793634,-0.1544439941644668,-0.4840903878211975,0.1505867391824722,0.0739569664001464,-0.1828233748674392,-0.0946697816252708,-0.1547162979841232,-0.074782520532608,-0.1776009202003479,0.2887454628944397,0.0612827092409133,0.0346514508128166,0.0459363162517547,0.1741522252559662,0.1520178914070129,0.303043782711029,0.4359807968139648,0.3351079821586609,0.2578901946544647,1
s_000245,내가 에이디에이치디 증후군이 있어서 집중을 못 해. 성적이 너무 나빠져 가고 있어서 슬퍼. [SEP] 에이디에이치디 증후군으로 집중을 못해 성적이 나빠져서 슬프시군요. [SEP] 나도 집중하고 싶은데 잘 안 돼. 이런 내가 너무 불행한 것 같아. [SEP] 지금의 기분에서 벗어나려면 어떻게 해야 할까요? [SEP] 상담도 잘 받고 있는데 뭐가 문제인지 모르겠어. 티브이나 볼래. [SEP] 여유시간을 좀 가지면서 기분이 나아지시길 바라요.,E22,Pro_01753,Pro_01753_00014,Pro_01753,0.0070548397488892,-0.2599207460880279,-0.2961485087871551,-0.3805439174175262,0.2119954526424408,0.0683688968420028,-0.1731716394424438,-0.0070472569204866,0.0550982654094696,0.2974118590354919,0.0712773352861404,-0.148807018995285,-0.117584228515625,-0.1216168776154518,-0.1740161329507827,-0.0169379599392414,-0.1272924542427063,-0.261183351278305,-0.2046026885509491,0.1828124672174453,0.0480035878717899,0.0152469454333186,-0.0936415120959281,-0.1123482659459114,-0.1685281246900558,-0.1052010580897331,-0.3291034698486328,0.2048202604055404,-0.2803086638450622,0.220007911324501,-0.3407767415046692,-0.0634331479668617,-0.2018259316682815,0.0664521232247352,0.0659991577267646,0.3904467523097992,0.0569257885217666,0.0995886772871017,-0.1572656035423278,0.0327709428966045,-0.2747739553451538,0.261715680360794,-0.0988263413310051,-0.0771597623825073,-0.092722550034523,-9.227171540260316e-05,0.039735734462738,-0.103543534874916,0.1055405735969543,-0.0918272882699966,-0.5699496269226074,0.1207151859998703,0.3102599382400512,-0.4530452191829681,-0.1019593700766563,0.0312396753579378,0.1903063356876373,-0.2066669017076492,0.27751424908638,0.0068614338524639,-0.0358594730496406,0.3152885735034942,0.1738611012697219,0.1415356993675232,0.0818148180842399,0.2477005273103714,0.5757498741149902,0.3759022951126098,1
s_000246,동네 사람들에게 우리의 형편을 내색하지 않았어. 그럼 내가 너무 슬프고 비참하잖아. [SEP] 정말 힘드시고 슬프시겠어요. [SEP] 경제적으로 너무 힘든데 내색하긴 싫어. [SEP] 지금 감정에서 벗어나기 위해서 무엇을 할 수 있을까요? [SEP] 우리 집 형편을 알고 날 공감해줄 사람이 필요해. [SEP] 주위에 현재 감정을 나눌 수 있는 사람이 있었으면 좋겠어요.,E20,Pro_12431,Pro_12431_00011,Pro_12431,-0.0332028940320014,-0.2408771216869354,-0.2842507660388946,-0.2825134992599487,0.1546894311904907,0.0874629914760589,-0.1906728744506836,-0.0527006052434444,0.0461929254233837,0.2776752710342407,0.024016335606575,-0.1947612017393112,-0.1292268633842468,-0.0738283991813659,-0.1147599443793296,0.0357554592192173,-0.1101554483175277,-0.2905174791812897,-0.2328579276800155,0.0990930274128913,-0.0313976518809795,0.0142774451524019,-0.0910210758447647,-0.1782080382108688,-0.1536460220813751,-0.1085205897688865,-0.3638308942317962,0.1905411183834076,-0.2798293530941009,0.265119731426239,-0.2966937720775604,-0.0641143769025802,-0.2360942810773849,-0.0572792626917362,0.0832477882504463,0.3863266110420227,0.0856598764657974,0.0829963013529777,-0.1712935864925384,0.0046879118308424,-0.2519413530826568,0.272231251001358,-0.1329819411039352,-0.0671229660511016,-0.1000599339604377,-0.0332028195261955,0.0969748049974441,-0.1123770922422409,0.0596225894987583,-0.1121298819780349,-0.5640732645988464,0.1306849718093872,0.2304913848638534,-0.3879366815090179,-0.1621348708868026,-0.0588255375623703,0.1241855546832084,-0.1831908822059631,0.2954056560993194,0.0292159430682659,-0.0218735355883836,0.2177394032478332,0.1628261506557464,0.1363809555768966,0.206434816122055,0.27215576171875,0.5222248435020447,0.3595635890960693,1
s_000247,아내가 죽은지 일 년이 되었어. 사랑하는 아내에 대한 그리움 속에 지난 일 년을 보냈지. [SEP] 배우자에 대한 상실감이 대단히  크시겠어요. [SEP] 그래서인지 나이 든 부부가 서로 정답게 지내는 모습을 보면 열등감에 사로잡혀. [SEP] 아내의 부재에 대한 상실감이 상당히 크시네요. [SEP] 우리 부부도 그렇게 노년을 함께 보냈다면 좋았을 거라는 아쉬움이 너무 커. [SEP] 혼자 되셨어도 행복한 노후를 보낼 만한 방법을 생각해 보셨을까요?,E14,Pro_10625,Pro_10625_00001,Pro_10625,-0.0942535251379013,-0.2063094824552536,-0.274091362953186,-0.2467725574970245,0.103141963481903,0.1098084300756454,-0.1354543566703796,-0.0593291297554969,0.0351246073842048,0.2578481435775757,0.0398020483553409,-0.1871057599782943,-0.1051090583205223,-0.0405918397009372,-0.0501016974449157,0.07261723279953,-0.0581155642867088,-0.2861075103282928,-0.2129746675491333,0.0341964252293109,-0.0779562816023826,0.0544204078614711,-0.0731557160615921,-0.1396292299032211,-0.0699996948242187,-0.0699458643794059,-0.376864343881607,0.2189111113548278,-0.2328459769487381,0.2423944026231765,-0.2668975591659546,-0.110089473426342,-0.243669182062149,-0.1302688717842102,0.0912824273109436,0.3668057918548584,0.0292589049786329,0.1020089387893676,-0.1615478098392486,-0.0140737425535917,-0.2281877249479293,0.2293037921190261,-0.1697753667831421,-0.1258594542741775,-0.0923547446727752,-0.0797013044357299,0.1374340951442718,-0.0886307209730148,0.0306491535156965,-0.1296549588441848,-0.5248664617538452,0.1447761952877044,0.1735676974058151,-0.2980028390884399,-0.1042392179369926,-0.0898066237568855,0.0374477691948413,-0.1891275346279144,0.2838841080665588,0.0369354672729969,0.0087893465533852,0.152581512928009,0.1713135540485382,0.1500121653079986,0.220337688922882,0.3582361042499542,0.430077314376831,0.3163043856620788,1
s_000248,직장에서 이제 나의 필요성이 점점 줄어드는 것 같아. 은퇴를 생각해야 하는 걸까? [SEP] 왜 그렇게 느끼시나요? 구체적으로 말씀해 주실 수 있으신가요? [SEP] 새로운 직원이 내 일을 잘 해낼 때 종종 느끼는 것 같아. [SEP] 동료가 일을 해낼 때 소외감을 느끼시는 것 같아요.,E49,Pro_08740,Pro_08740_00014,Pro_08740,-0.0946743488311767,-0.2262143492698669,-0.2675938606262207,-0.2246393263339996,0.0957994386553764,0.1223918870091438,-0.145799234509468,-0.0725022405385971,0.0391966253519058,0.2500934898853302,0.0265923477709293,-0.2019688189029693,-0.1001288443803787,-0.0459424778819084,-0.0535702370107173,0.0941002070903778,-0.0688894987106323,-0.2932652831077575,-0.2102138996124267,0.019318800419569,-0.0802894979715347,0.0480037219822406,-0.0638313218951225,-0.1684034019708633,-0.0915293842554092,-0.0924567282199859,-0.373132050037384,0.1997240483760833,-0.2477687299251556,0.2544403076171875,-0.2743835747241974,-0.1058124080300331,-0.249930664896965,-0.1396956741809845,0.0875859037041664,0.3548559546470642,0.04737364128232,0.1083951517939567,-0.1527220755815506,-0.0227226354181766,-0.2132865339517593,0.2296466529369354,-0.1676072925329208,-0.1096430793404579,-0.0829592496156692,-0.0771789923310279,0.1363525837659835,-0.0952269732952117,0.0386826023459434,-0.1295429915189743,-0.5148296356201172,0.1263211965560913,0.1526232957839965,-0.2946406006813049,-0.1217399910092353,-0.085797294974327,0.0233651921153068,-0.1776939034461975,0.2912864983081817,0.0494228079915046,-0.0011600771686062,0.1463212072849273,0.1708252280950546,0.1366079002618789,0.2406409531831741,0.3442170917987823,0.4366419911384582,0.2889162003993988,1
s_000249,이제 어떻게 살지? 당뇨병도 심한 상태라 힘든데 어제는 집에 빨간 딱지까지 붙었어. [SEP] 힘든 몸에 집에 붙은 빨간 딱지로 고생하고 계시는군요. 걱정이 많으시겠어요. [SEP] 내가 그렇게 사업하지 말라고 뜯어 말렸는데도 말을 안 듣더니. 큰일이야. [SEP] 집에 빨간 딱지가 붙은 이 상황에서 할 수 있는 게 어떤 것이 있을까요? [SEP] 파산신청을 하면 어떻게 되는지 내가 직접 변호사를 찾아가봐야지. [SEP] 변호사를 만나 지금의 상황이 잘 풀렸으면 좋겠네요.,E30,Pro_12381,Pro_12381_00003,Pro_12381,-0.079637698829174,-0.2379039078950882,-0.2704864144325256,-0.1904543489217758,0.0971469357609748,0.1198500171303749,-0.1960964202880859,-0.0955325290560722,0.0411686971783638,0.2570376992225647,-0.0097901970148086,-0.2355955988168716,-0.1276362240314483,-0.0358730554580688,-0.0589010529220104,0.1003603413701057,-0.0941580832004547,-0.3188299536705017,-0.245523601770401,0.0113968010991811,-0.09937734156847,0.0211818572133779,-0.0762730687856674,-0.2339089512825012,-0.1363211274147033,-0.1172230169177055,-0.3924872577190399,0.1779612451791763,-0.2803130745887756,0.2996328175067901,-0.2685824334621429,-0.0781454816460609,-0.2696561813354492,-0.1684102714061737,0.095686949789524,0.373564600944519,0.1011957824230194,0.083717443048954,-0.1735717356204986,-0.0275376792997121,-0.2240561544895172,0.2691713571548462,-0.1678681075572967,-0.068776711821556,-0.0952832475304603,-0.0679501891136169,0.1479949653148651,-0.1179789379239082,0.0282426718622446,-0.1329105496406555,-0.5481178164482117,0.1280369907617569,0.1453555524349212,-0.317073255777359,-0.1989190727472305,-0.1247210726141929,0.0443687252700328,-0.163539245724678,0.313666969537735,0.056231040507555,-0.0120924515649676,0.1292585283517837,0.1605618596076965,0.1289883404970169,0.3111661076545715,0.3097969591617584,0.4719407260417938,0.3185082376003265,1
s_000250,친한 친구가 병원에 입원했는데 오늘 퇴원한대. 너무 신이 나. [SEP] 친한 친구가 퇴원하셔서 너무 좋으시겠어요. 좀 더 자세히 말씀해주시겠어요? [SEP] 친구가 집에 가는 길에 우리 집에 들러서 바둑을 두자고 해서 마음이 들떠 있어. [SEP] 어떻게 하실 계획인가요? [SEP] 친구와 바둑을 두면서 그동안 하지 못한 얘기를 서로 나눌 거야. [SEP] 주변 분들의 연락에 깔끔하게 대처하셔서 화가 가라앉으셨으면 좋겠어요.,E68,Pro_10679,Pro_10679_00005,Pro_10679,-0.142969936132431,-0.2107402086257934,-0.2513926029205322,-0.1247437223792076,0.0324033945798873,0.1492340266704559,-0.1432675421237945,-0.1128465086221695,0.0312387198209762,0.2234594821929931,-0.0082604866474866,-0.2376859188079834,-0.0961479172110557,-0.0045202141627669,0.0087619153782725,0.1536994725465774,-0.0439554005861282,-0.3138859868049621,-0.2201477736234665,-0.0700387731194496,-0.1511298418045044,0.05781701952219,-0.0505029894411563,-0.2142155617475509,-0.0632343366742134,-0.0935699492692947,-0.3969549834728241,0.1882719546556472,-0.2381185889244079,0.2825582325458526,-0.2354120761156082,-0.1192522868514061,-0.2776725888252258,-0.2504874169826507,0.0995862111449241,0.3365820050239563,0.0572599656879901,0.1072488650679588,-0.1530189216136932,-0.0529417432844638,-0.1784417331218719,0.2209814339876175,-0.2011302411556244,-0.1135830134153366,-0.0798841938376426,-0.114183984696865,0.1872991621494293,-0.0960341691970825,0.0011383923701941,-0.1487038731575012,-0.4876967370510101,0.1273742616176605,0.0611747913062572,-0.2072287052869796,-0.1514347940683365,-0.1545017659664154,-0.0620154961943626,-0.1563436985015869,0.302245020866394,0.0742632150650024,0.013849907554686,0.0474782548844814,0.1652832478284835,0.1296914964914322,0.3409591615200043,0.3816355764865875,0.3692083656787872,0.2458414882421493,1
s_000251,생계를 꾸리기 힘든데 연락이 오랫동안 끊긴 딸이 있다는 이유로 지원을 못 받아서 억울해. [SEP] 생활에 꼭 필요한 지원을 딸 때문에 받지 못해서 실망스럽고 좌절된 기분일 것 같아요. [SEP] 딸은 내게 생활비 한 푼 준 적 없고 전화도 걸지 않는데 말이야. [SEP] 딸에게도 연락이 닿지 않는 지금 무엇을 하면 나아질 것 같은가요? [SEP] 동네 사람을 만나서 분풀이라도 해야겠어. [SEP] 동네 사람과 어떤 이야기를 하면 나의 기분을 푸는데 도움이 될까요?,E47,Pro_12218,Pro_12218_00049,Pro_12218,-0.0383258499205112,-0.2644846141338348,-0.2810304164886474,-0.2976876199245453,0.157286524772644,0.1044656857848167,-0.1761983931064605,-0.0491296052932739,0.0520584098994731,0.275542676448822,0.0402900949120521,-0.1890700757503509,-0.1108462586998939,-0.090282954275608,-0.124048538506031,0.0512363091111183,-0.1141238659620285,-0.2883285582065582,-0.2110985964536667,0.0983517989516258,-0.0133453784510493,0.0226663090288639,-0.0745637491345405,-0.1682925224304199,-0.1555057615041732,-0.1191179081797599,-0.3532878458499908,0.1890572756528854,-0.2830720543861389,0.2520632147789001,-0.3202883601188659,-0.0789402946829795,-0.2341005802154541,-0.037605594843626,0.0752540528774261,0.3725447952747345,0.0713784545660018,0.1062875166535377,-0.1536322981119156,-6.704404950141907e-05,-0.2432831823825836,0.2543286681175232,-0.1310487985610962,-0.0781773403286933,-0.0828879252076149,-0.032604768872261,0.0857959240674972,-0.1087337359786033,0.0817007198929786,-0.1110581308603286,-0.5487110614776611,0.1107439845800399,0.2282395958900451,-0.3885374963283539,-0.1335661858320236,-0.023376278579235,0.1098891422152519,-0.186604306101799,0.2954520285129547,0.036002017557621,-0.0296032149344682,0.2379708588123321,0.1735250204801559,0.1307999491691589,0.1777790337800979,0.2826554477214813,0.5289305448532104,0.3239116072654724,1
s_000252,이번에 둘째가 시험을 잘 봐서 나한테 자랑했어. 그래서 나도 기분이 좋아. [SEP] 시험을 잘 봐서 기분이 좋군요. [SEP] 친구들한테도 자랑하고 가족들한테도 자랑했어. 그래서 신이 났어. [SEP] 시험을 잘 쳐서 자랑하니깐 기분이 좋은가 보네요. [SEP] 잘했다고 칭찬을 하면 앞으로 더 잘할 거야. [SEP] 칭찬하면 더 좋아서 잘 할 거예요.,E69,Pro_08640,Pro_08640_00011,Pro_08640,-0.192533940076828,-0.1321202367544174,-0.2332271337509155,-0.0398008115589618,-0.0350518077611923,0.1418171674013137,-0.0961040258407592,-0.1246347427368164,0.0100640347227454,0.1835235804319381,-0.0274082534015178,-0.2329126596450805,-0.0838814228773117,0.0453348420560359,0.0866427943110466,0.1695640534162521,0.0218847244977951,-0.2924502491950989,-0.2148507386445999,-0.1368189007043838,-0.2176276594400406,0.0849010646343231,-0.050584889948368,-0.1839195638895034,0.0228959172964096,-0.0455579906702041,-0.3985103666782379,0.1992906033992767,-0.1749247014522552,0.2657065987586975,-0.1556808650493621,-0.1344620585441589,-0.2716647088527679,-0.3368536233901977,0.1093875393271446,0.3072527647018432,0.0237465556710958,0.0972522273659706,-0.1492671817541122,-0.0632634535431861,-0.13341024518013,0.1869831830263137,-0.2259967476129531,-0.141879603266716,-0.089363545179367,-0.156700849533081,0.2296759188175201,-0.0704046711325645,-0.0581415370106697,-0.1580290496349334,-0.4268577396869659,0.1555920094251632,-0.0152232926338911,-0.084651418030262,-0.1245689615607261,-0.2203687876462936,-0.1433051973581314,-0.1420215368270874,0.2741716504096985,0.0766507014632225,0.0549495294690132,-0.061383880674839,0.1492810249328613,0.1362816542387008,0.3832976520061493,0.4252362847328186,0.23781418800354,0.2186313569545745,1
s_000253,왼쪽 안면 마비 때문에 반 친구들이 나를 놀리고 피하기 시작했어. [SEP] 왼쪽 안면 마비로 인해 반 친구들과 어울리기 어려워졌군요. [SEP] 학교에 가야 하는 건 아는데 가기 두려워. 어떻게 해야 할지 모르겠어. [SEP] 두려운 마음 때문에 학교 가기가 어려운 상황이시군요. [SEP] 일단 학교 선생님께 연락드려서 상황을 설명해 드리고 양해를 부탁해 볼까 봐. [SEP] 선생님과 대화가 잘 돼서 해결방안을 찾기를 바랄게요.,E34,Pro_00325,Pro_00325_00016,Pro_00325,-0.0488116666674613,-0.2110256552696228,-0.2726456820964813,-0.2562853395938873,0.13041552901268,0.0818489268422126,-0.1609546691179275,-0.0508579351007938,0.0386207140982151,0.2543344795703888,0.0201529618352651,-0.1830451041460037,-0.1134131401777267,-0.0650080442428588,-0.0918942466378212,0.0382988192141056,-0.0820955708622932,-0.2680476605892181,-0.2162277847528457,0.08094372600317,-0.0451746098697185,0.0269440691918134,-0.0864948704838752,-0.1515455096960067,-0.120434783399105,-0.0918037891387939,-0.3466713428497314,0.188740998506546,-0.249955415725708,0.2439161390066146,-0.2690471410751343,-0.06887898594141,-0.2212681919336319,-0.0739230513572692,0.0796873271465301,0.3606952130794525,0.066138170659542,0.0865294262766838,-0.1568082422018051,0.0041816439479589,-0.2215925455093383,0.2470111101865768,-0.1327993273735046,-0.0763325169682502,-0.0972627326846122,-0.0451334565877914,0.1005250439047813,-0.0966722071170806,0.0449215583503246,-0.1090264171361923,-0.5235122442245483,0.1322243511676788,0.2023421078920364,-0.343119204044342,-0.1335045248270034,-0.063891090452671,0.0902079194784164,-0.1745583564043045,0.2738539576530456,0.0299910325556993,-0.0077230697497725,0.1861051321029663,0.1553574800491333,0.1326791793107986,0.1970770061016082,0.2773303687572479,0.4621409475803375,0.3298855423927307,1
s_000254,연차를 많이 썼다고 회사에서 날 해고했어. 쓰라고 있는 연차인데 정말 억울해. [SEP] 잦은 연차 사용으로 회사에서 해고 조치가 되셔서 억울하시군요. [SEP] 그래. 이렇게 연차를 자주 쓴다고 자를 줄 알았으면 나도 안 썼을 거야. [SEP] 지금의 기분에서 벗어나기 위해 무언가 할 수 있는 것이 있을까요? [SEP] 밖에 나가서 기분 전환 좀 하고 와야겠어. 어차피 해고된 거 어쩔 수 없잖아? [SEP] 새로운 회사를 알아보고 상황이 나아지길 바라요.,E47,Pro_08978,Pro_08978_00017,Pro_08978,-0.0707475766539573,-0.2689615786075592,-0.2709958553314209,-0.2167980372905731,0.1128435954451561,0.1313223987817764,-0.1957783550024032,-0.0903456434607505,0.0494750440120697,0.261784166097641,0.0036055066157132,-0.2321932911872863,-0.116928182542324,-0.0587333664298057,-0.0828045457601547,0.1062082946300506,-0.1105174794793129,-0.3195331990718841,-0.2308594435453415,0.0263064075261354,-0.0716809034347534,0.0201939139515161,-0.0651927143335342,-0.2333482354879379,-0.1567979753017425,-0.1353147774934768,-0.3821312487125397,0.1720964461565017,-0.2947717905044555,0.2934484183788299,-0.2996107041835785,-0.0827692821621894,-0.2674861252307892,-0.1337136477231979,0.0871131494641304,0.3676045536994934,0.0998781844973564,0.1012854427099227,-0.1607863903045654,-0.0277956966310739,-0.2244682013988495,0.2632730007171631,-0.158923715353012,-0.0674738436937332,-0.0813525468111038,-0.0570800565183162,0.1292497664690017,-0.1204867884516716,0.0560304410755634,-0.1287591457366943,-0.5457947254180908,0.10718934237957,0.1587706804275512,-0.3406509160995483,-0.1855432838201522,-0.0850801020860672,0.0522656962275505,-0.1671231985092163,0.317739337682724,0.0603554472327232,-0.0264077875763177,0.1657670885324478,0.1698067933320999,0.1220916360616684,0.2811595797538757,0.302887886762619,0.5023980140686035,0.2978934049606323,1
s_000255,우리 오빠는 손재주가 좋아서 물건을 잘 고쳐! [SEP] 오빠가 손재주가 좋군요. [SEP] 내 라디오가 고장이 나서 오빠에게 고쳐달라고 할거야. [SEP] 오빠에게 라디오를 고쳐달라고 할거군요? [SEP] 보답으로 오빠에게 작은 선물을 해야지. [SEP] 선물을 통해서 고마운 마음을 전하려 하시는군요.,E62,Pro_01673,Pro_01673_00039,Pro_01673,-0.1484073847532272,-0.1811884939670562,-0.2483027130365371,-0.1172816604375839,0.022794684395194,0.1365366876125335,-0.1256825625896453,-0.1062640249729156,0.0243948325514793,0.2139887809753418,-0.0081621380522847,-0.2256238162517547,-0.0931120589375495,0.0045081293210387,0.0228224582970142,0.1415952891111374,-0.0239138826727867,-0.2981405556201935,-0.2160345613956451,-0.071321964263916,-0.1591420769691467,0.0649991184473037,-0.0555569566786289,-0.1893279701471328,-0.0369010046124458,-0.0734527930617332,-0.3898847103118896,0.194793552160263,-0.2148065119981765,0.2679964303970337,-0.2121134549379348,-0.1194425076246261,-0.2663047015666961,-0.2559366226196289,0.1001208424568176,0.3295681178569793,0.0424772314727306,0.101701334118843,-0.1517436206340789,-0.0477738417685031,-0.1692208349704742,0.2105197608470916,-0.2007108181715011,-0.1217884123325347,-0.0856709033250808,-0.120396502315998,0.1899507492780685,-0.0853902250528335,-0.0137337939813733,-0.1463395357131958,-0.4707805812358856,0.139275923371315,0.0561766736209392,-0.183351531624794,-0.134059190750122,-0.1637846380472183,-0.0698791220784187,-0.1554391384124755,0.2867061793804168,0.0676970556378364,0.0266733765602111,0.0300222914665937,0.1588508188724517,0.1338158249855041,0.3306445777416229,0.3853744864463806,0.3333993852138519,0.248328223824501,1
s_000256,머리가 하얗게 다 세어 버렸어. [SEP] 그렇군요. 그 누구도 흘러가는 시간은 잡을 수 없죠. [SEP] 얼굴에 검버섯도 피고. 더 아프지나 않았으면 좋겠는데. [SEP] 아프지 않기를 바라시는군요.,E28,Pro_12199,Pro_12199_00005,Pro_12199,-0.0629072561860084,-0.186255395412445,-0.2716075778007507,-0.2554502487182617,0.1194818019866943,0.0771757736802101,-0.138454258441925,-0.0443176813423633,0.0325408466160297,0.2493559122085571,0.0290217250585556,-0.1706311851739883,-0.1082461774349212,-0.0540014542639255,-0.0730864405632019,0.0332463309168815,-0.060182087123394,-0.2576788067817688,-0.2103834301233291,0.0734317079186439,-0.0554899424314498,0.0404396019876003,-0.0875778272747993,-0.1223937273025512,-0.0859021916985511,-0.0685110688209533,-0.3468848764896393,0.2038214951753616,-0.2260332852602005,0.2281289249658584,-0.2525376677513122,-0.0802068337798118,-0.2154222130775451,-0.0855793878436088,0.0823043063282966,0.357578694820404,0.0417708717286586,0.0869238749146461,-0.1565586179494857,0.005633246153593,-0.2181707620620727,0.2332607060670852,-0.1403370797634124,-0.0976023972034454,-0.1005707830190658,-0.0574904158711433,0.1090952530503273,-0.0850851684808731,0.0316506884992122,-0.1113532558083534,-0.5117392539978027,0.1453661173582077,0.1968953311443328,-0.3178626596927643,-0.1070369556546211,-0.0730414614081382,0.0746624767780304,-0.179713100194931,0.2623338103294372,0.0245689153671264,0.0066082449629902,0.1701546758413314,0.1551351547241211,0.1415530890226364,0.186267465353012,0.3010307550430298,0.4277249872684479,0.3305061459541321,1
s_000257,몸이 좋지 않은데 아르바이트 하는 곳에서 치료하라며 돈을 더 주셨어. [SEP] 아르바이트 하는 곳에서 치료를 위해 돈을 더 주셔서 당황하셨군요. [SEP] 무척 당황스럽고 혼란스러워. 내가 이걸 정말 받아도 되는 걸까? [SEP] 치료를 위해 받은 돈에 많이 당황하셨겠어요. 어떻게 해야 좋을까요? [SEP] 이 돈으로 열심히 잘 치료받고 얼른 나아서 활기찬 모습을 되찾아야겠다! [SEP] 좋은 생각이에요. 고마운 마음이 성공적으로 전달되기를 바랄게요.,E59,Pro_10850,Pro_10850_00006,Pro_10850,-0.1927763521671295,-0.1864341497421264,-0.2384232878684997,-0.0123868007212877,-0.0345138348639011,0.1725655496120453,-0.1509881317615509,-0.1579772680997848,0.0207244176417589,0.2013061344623565,-0.0504085905849933,-0.2799593508243561,-0.1038467660546302,0.0491312108933925,0.0798633471131324,0.2106054276227951,-0.0179519746452569,-0.3424694240093231,-0.2448092997074127,-0.1643643379211425,-0.2343159317970276,0.064584732055664,-0.0446116998791694,-0.2697498798370361,-0.0325643792748451,-0.0894957706332206,-0.4331400394439697,0.181051567196846,-0.229751244187355,0.3219263851642608,-0.1853572577238083,-0.1295222342014312,-0.3125476837158203,-0.3724435865879059,0.1184645071625709,0.3306299448013305,0.074470654129982,0.0947747305035591,-0.1661099791526794,-0.0841025412082672,-0.1529650092124939,0.2243338972330093,-0.2411553114652633,-0.1161222606897354,-0.0858218520879745,-0.1549065709114074,0.2490047812461853,-0.1008030250668525,-0.049114316701889,-0.1722851991653442,-0.4761295616626739,0.1403897404670715,-0.0326511524617672,-0.1150219514966011,-0.1991894543170929,-0.2450841963291168,-0.1429717093706131,-0.1353682279586792,0.3187618255615234,0.0972950905561447,0.0330976508557796,-0.0666094645857811,0.1570353657007217,0.1282389312982559,0.4661273062229156,0.4241101145744324,0.3022177815437317,0.2237085998058319,1
s_000258,아무 준비 없이 할머니 되니 자식 손주들한테 부끄러워. [SEP] 아무 준비 없이 할머니가 되어 힘드시군요. [SEP] 자식들한테 도움은 못 주고 짐이 되는 거 같아서 너무 슬퍼. [SEP] 자식들한테 짐이 되는 거 같아 슬프셨군요. 이 감정에서 벗어나려면 어떻게 해야 할까요? [SEP] 조금이라도 도움이 되게 손주도 돌봐주고 반찬도 만들어 주려고 해. [SEP] 지금 감정에서 벗어나길 응원할게요.,E28,Pro_12439,Pro_12439_00031,Pro_12439,-0.0825423002243042,-0.2316622138023376,-0.2839874029159546,-0.2957814037799835,0.1307379454374313,0.1147562637925148,-0.1376427412033081,-0.0459744073450565,0.0424007251858711,0.2771983742713928,0.0644803643226623,-0.1776354610919952,-0.1047272756695747,-0.0593887865543365,-0.0757645815610885,0.0629975497722625,-0.0746302381157875,-0.2912229001522064,-0.2078445851802826,0.0631150379776954,-0.047527827322483,0.0550280809402465,-0.0709843561053276,-0.1273049861192703,-0.0829611867666244,-0.0750274360179901,-0.3784986436367035,0.2303793281316757,-0.2460322082042694,0.2358034253120422,-0.300271987915039,-0.1180836111307144,-0.2440781593322754,-0.0882096588611602,0.0883167535066604,0.380574494600296,0.0199643969535827,0.1127533018589019,-0.1624002605676651,-0.0087632639333605,-0.2517848908901214,0.2324990481138229,-0.1655498594045639,-0.136150985956192,-0.0874752029776573,-0.0691466927528381,0.1219798177480697,-0.0916711241006851,0.0548421964049339,-0.1284042298793792,-0.5461449027061462,0.139809101819992,0.2104221284389495,-0.3375326693058014,-0.0881666243076324,-0.0560972429811954,0.0653076171875,-0.2050468772649765,0.2911416888236999,0.031499620527029,-0.0013588323490694,0.2005690336227417,0.1839092075824737,0.1562237441539764,0.1829425543546676,0.365255206823349,0.4744272828102112,0.3287190496921539,1
s_000259,지난번 관절염으로 고생할 때 계단에서 짐을 들어줬던 청년을 옆집에서 다시 봤는데 너무 반갑더라고. [SEP] 계단에서 도움을 주었던 그 청년을 다시 만나셔서 기쁘시겠어요. [SEP] 다시 보니 너무 반가워서 아는척 했는데 그 청년도 기억하고 있더라고. 고마움을 표시하고 싶어. [SEP] 다시 만나 서로 인사도 나누셨군요. 어떻게 하면 그 마음을 표현할 수 있을까요? [SEP] 또 보게 되면 음료수라도 줘야겠어. [SEP] 다시 만날 때 음료수를 주실 생각이군요. 만약 음료수를 준다면 어떤 이유에서일까요?,E65,Pro_11336,Pro_11336_00012,Pro_11336,-0.1519018113613128,-0.1835328787565231,-0.2514238059520721,-0.1032769605517387,0.0187178682535886,0.1404303461313247,-0.1421977430582046,-0.1168424785137176,0.0241039544343948,0.2201652824878692,-0.0178225226700305,-0.2400379925966262,-0.105014331638813,0.0155585668981075,0.0302869081497192,0.1493215560913086,-0.02904630638659,-0.3138598203659057,-0.2324106246232986,-0.0833586305379867,-0.17462819814682,0.0599811486899852,-0.0595661103725433,-0.2130538374185562,-0.0431555211544036,-0.0766838416457176,-0.4068685472011566,0.1952589601278305,-0.2246234714984893,0.2872180938720703,-0.2087293714284896,-0.1173425391316413,-0.2801676392555237,-0.2793475687503814,0.1073110848665237,0.3426375091075897,0.0561055950820446,0.0931147113442421,-0.1642974317073822,-0.0530738122761249,-0.1793139427900314,0.2253753542900085,-0.2099876254796981,-0.1174007058143615,-0.0916242450475692,-0.1245001032948494,0.2039603292942047,-0.0934235304594039,-0.0226573497056961,-0.1529801189899444,-0.4906392693519592,0.1458456367254257,0.0498877428472042,-0.1848022937774658,-0.1607776135206222,-0.187751829624176,-0.0697906836867332,-0.1546010673046112,0.2990713119506836,0.0705651268362999,0.0266962014138698,0.0158728398382663,0.1583991348743438,0.1367446631193161,0.3657463192939758,0.3913133144378662,0.3429062664508819,0.2637642920017242,1
s_000260,가족들 위해서 지금껏 열심히 일만 했는데 어느 순간 내가 일하는 기계인 것만 같아서 불행해. [SEP] 일하는 기계인 것만 같아서 힘드시군요. 조금 더 자세히 말씀해 주시겠어요? [SEP] 부모님도 연로하시고 아이들도 어려서 내가 부양해야 하는 건 알지만 부담스러워. [SEP] 지금의 기분에서 벗어나려면 어떻게 해야 할까요? [SEP] 월차를 내고 하루만 나 혼자 바람 좀 쐬고 오면 좀 나아지지 않을까 싶어. [SEP] 좋은 여행이 되셔서 기분이 나아지시길 바라요.,E45,Pro_07056,Pro_07056_00001,Pro_07056,-0.0758590698242187,-0.233103722333908,-0.2762125730514526,-0.2471669167280197,0.1171090453863143,0.1127918139100074,-0.1651548445224762,-0.0672639310359954,0.0418188236653804,0.264867752790451,0.0273216683417558,-0.2025473117828369,-0.1143025606870651,-0.0520773828029632,-0.0725252702832222,0.0757520645856857,-0.0846671536564827,-0.2988739013671875,-0.2233115285634994,0.0446886233985424,-0.0671293959021568,0.0367005169391632,-0.0744389966130256,-0.1758280098438263,-0.1122186481952667,-0.0966673865914344,-0.3781923055648803,0.2013173103332519,-0.2616457343101501,0.2631566226482391,-0.2840864062309265,-0.0942408740520477,-0.2508690655231476,-0.1176251173019409,0.0892340093851089,0.3732216954231262,0.0608304813504219,0.098164789378643,-0.1646635085344314,-0.0148014826700091,-0.2345221489667892,0.2490015178918838,-0.1607381999492645,-0.0987075045704841,-0.0909210443496704,-0.0643677040934562,0.1281846910715103,-0.1033463031053543,0.0441134572029113,-0.126891016960144,-0.5420700311660767,0.1318079978227615,0.182045891880989,-0.3304216563701629,-0.1403210312128067,-0.0830392837524414,0.0598562806844711,-0.1828968226909637,0.2978301644325256,0.0421785898506641,-0.0077432375401258,0.1705719977617263,0.17027547955513,0.1403482407331466,0.2364904582500457,0.3278348743915558,0.4723596572875976,0.3217255771160126,1
s_000261,이번이 대학교 마지막 학기인데 아직도 진로를 정하지 못해서 답답해. 내가 어떤 일을 좋아하는지 방학 내내 고민했더니 머리가 마비될 것 같아. [SEP] 진로를 정하는 데 어려움을 겪고 있군요. 어떤 일을 하고 싶으세요? [SEP] 잘 모르겠어. 나는 외국어를 잘해서 무역회사에서 일하면 좋을 것 같다고 생각했어. [SEP] 외국어를 잘하시는군요. 어떤 외국어를 잘하시나요? [SEP] 영어와 프랑스어를 잘해. 이 두 언어를 모두 사용할 수 있는 직업을 가지면 좋겠어. [SEP] 두 언어를 모두 사용할 수 있는 무역회사에 다니면 좋겠군요.,E25,Pro_05356,Pro_05356_00027,Pro_05356,-0.0792625397443771,-0.2444033771753311,-0.2675266563892364,-0.192596822977066,0.097271591424942,0.1234464198350906,-0.1903982758522033,-0.0940583571791648,0.0429077818989753,0.2528671324253082,-0.0069274315610527,-0.2327740937471389,-0.1198047772049903,-0.0431347750127315,-0.0634406730532646,0.1042674556374549,-0.0950454995036125,-0.3144238591194153,-0.2361657619476318,0.0123277464881539,-0.091896004974842,0.0228265263140201,-0.0705921947956085,-0.2300852239131927,-0.1387351155281067,-0.1221888661384582,-0.3841807544231415,0.1734913736581802,-0.2803542613983154,0.2935479879379272,-0.2745383679866791,-0.080069400370121,-0.2657310664653778,-0.1591610014438629,0.09125267714262,0.3645405173301697,0.0981481149792671,0.0913504362106323,-0.1648085862398147,-0.0281546972692012,-0.2160755544900894,0.261540412902832,-0.1638366281986236,-0.0684755071997642,-0.0888155475258827,-0.0659360438585281,0.1412360966205597,-0.1159721910953521,0.036080352962017,-0.1303795129060745,-0.5372990965843201,0.119057647883892,0.1426324099302292,-0.3157682418823242,-0.189226359128952,-0.1104646548628807,0.0392007194459438,-0.1618488132953643,0.3108167350292206,0.0587905161082744,-0.0152014894410967,0.1355858147144317,0.1620750874280929,0.1243298575282096,0.299072265625,0.3062504231929779,0.4706297814846039,0.3022228181362152,1
s_000262,딸의 그림일기에 내가 가장 무서운 사람으로 그려져 있어서 부끄러운 마음이 들었어. [SEP] 딸의 그림일기를 보고 부끄러운 마음이 드셨군요. [SEP] 내가 딸에게 잘 못 해준 것 같아서 마음이 좋지 않았어. [SEP] 힘드셨겠어요. 현재에 감정에서 벗어나려면 어떻게 하면 좋을까요? [SEP] 딸과 이야기를 해보고 딸에게 무섭지 않게 잘 대해줘야겠어. [SEP] 문자로 사랑한다는 마음이 잘 전해졌으면 좋겠네요.,E56,Pro_07067,Pro_07067_00010,Pro_07067,-0.1463529020547866,-0.1914189755916595,-0.2483011186122894,-0.1079461202025413,0.0224909465759992,0.1411469280719757,-0.1387028843164444,-0.1139473691582679,0.0264400877058506,0.2156432420015335,-0.0163314044475555,-0.2362335622310638,-0.0975277870893478,0.0047673746012151,0.02033700235188,0.1493220627307891,-0.0328308530151844,-0.307147741317749,-0.2225874662399292,-0.0765212774276733,-0.1626578420400619,0.0587953254580497,-0.0550039708614349,-0.2096401304006576,-0.0513822585344314,-0.084299236536026,-0.3948869705200195,0.187562346458435,-0.2266265600919723,0.2805332243442535,-0.2160839289426803,-0.1150479912757873,-0.273481547832489,-0.2632458508014679,0.1012687534093856,0.3323908746242523,0.0565061010420322,0.0997025147080421,-0.1544436067342758,-0.0515225194394588,-0.1704360246658325,0.2190144956111908,-0.2016604244709015,-0.1119880080223083,-0.0852406919002533,-0.1184193193912506,0.1925983428955078,-0.092118315398693,-0.0123199699446558,-0.1479889750480651,-0.4783916175365448,0.1349856704473495,0.0511267073452472,-0.1894545257091522,-0.1529373824596405,-0.1693893671035766,-0.068834938108921,-0.1515711396932602,0.2949137985706329,0.072299800813198,0.0214725323021411,0.0275527108460664,0.1584842652082443,0.1300947666168213,0.3492721319198608,0.3788349628448486,0.3457396626472473,0.2483116388320922,1
s_000263,아이를 낳다가 실패했어. [SEP] 비통한 심정이시겠어요. [SEP] 내게 왜 이런 일이 생길까? [SEP] 너무 힘든 일이라 지금의 상황을 받아들이시기 어려우시겠어요. [SEP] 당분간 안정을 취해야겠어. [SEP] 잘 추스르시길 바랄게요.,E22,Pro_03673,Pro_03673_00016,Pro_03673,-0.0412576049566268,-0.2369169741868972,-0.2901620864868164,-0.3466704785823822,0.1712298095226287,0.0884732827544212,-0.1425579637289047,-0.0195392202585935,0.0468636713922023,0.2860953211784363,0.0763328671455383,-0.1532318890094757,-0.1066472381353378,-0.0902962386608123,-0.1218123808503151,0.0170661099255085,-0.0922506004571914,-0.2684565186500549,-0.199795201420784,0.1267661452293396,0.0028277894016355,0.041880264878273,-0.0822018533945083,-0.1000395566225051,-0.1112438440322876,-0.0795802325010299,-0.3502189815044403,0.2252665758132934,-0.2521398663520813,0.2158468216657638,-0.3176147639751434,-0.0964742824435234,-0.2170296162366867,-0.0051841894164681,0.0764000937342643,0.3831939101219177,0.024097179993987,0.1088330522179603,-0.1573458760976791,0.0148343173786997,-0.2625322043895721,0.2387070208787918,-0.1326502412557602,-0.1176092475652694,-0.0901253223419189,-0.0375942476093769,0.0795255228877067,-0.0911465585231781,0.0788520947098732,-0.1093001738190651,-0.5519412755966187,0.1344147324562072,0.2646484375,-0.3907680809497833,-0.0760942474007606,-0.0074559669010341,0.1256493926048278,-0.2099642902612686,0.2771381437778473,0.0152001054957509,-0.013421076349914,0.2603778839111328,0.1799483448266983,0.1528571099042892,0.1155111417174339,0.3153658211231231,0.5130261182785034,0.3515940010547638,1
s_000264,퇴직하자마자 이혼하자고 하네. [SEP] 당황스러우시겠어요. 이혼 이유를 들어보셨나요? [SEP] 글쎄 퇴직연금으로 둘이 생활이 힘들기 때문이래. 헛살았지. 헛살았어. [SEP] 퇴직연금으로 살아가기 힘들어 이혼하자고 하셨군요. [SEP] 집 팔아 칠십 퍼센트는 주겠대. 그렇다고 하더라도 이혼해달란 말에 눈물이나. [SEP] 슬픔이 크시겠지만 이성적인 모습 찾아서 합리적인 합의점 찾을 수 있길 바라요.,E27,Pro_11358,Pro_11358_00034,Pro_11358,-0.0350443571805954,-0.1581112891435623,-0.2900497019290924,-0.309377372264862,0.1555246263742447,0.0400777868926525,-0.1475737243890762,-0.01753537543118,0.0283463541418313,0.275012195110321,0.0442236363887786,-0.1476214677095413,-0.1337511837482452,-0.0534095466136932,-0.0918612107634544,-0.0270679742097854,-0.0620127357542514,-0.2484598159790039,-0.2309960722923278,0.1291259974241256,-0.0359822809696197,0.033407088369131,-0.1171372756361961,-0.0875105932354927,-0.0808428674936294,-0.0394430719316005,-0.3536104559898376,0.2299281805753708,-0.21835757791996,0.2196452766656875,-0.2464977502822876,-0.0659139975905418,-0.2023138403892517,-0.041852980852127,0.0887179896235466,0.3942156434059143,0.0351688042283058,0.0605767555534839,-0.1834042370319366,0.0308773331344127,-0.2612964808940887,0.2570143043994903,-0.1305318176746368,-0.1018237546086311,-0.1262994706630706,-0.0429380387067794,0.0977999791502952,-0.0844416543841362,0.0233700424432754,-0.1052743047475814,-0.5548387169837952,0.1799627542495727,0.2615872025489807,-0.3642257750034332,-0.1070896014571189,-0.0773519873619079,0.1426407694816589,-0.1992422044277191,0.2548404335975647,-0.0043006162159144,0.0141474297270178,0.2055191248655319,0.1506795287132263,0.1636669486761093,0.1504865288734436,0.2907222509384155,0.4559887647628784,0.4125365316867828,1
s_000265,나 많이 긴장되고 애간장이 탈 것 같아. [SEP] 왜 그러신가요? 어떤것 때문에 그렇게 안절부절하시는 거예요? [SEP] 내일이 구월 모의고사를 치르는 날이거든. 그동안 열심히 공부했는데 공부한 만큼 점수가 잘 나오지 않을까봐 너무 불안해. [SEP] 열심히 준비한 만큼 점수가 안 나올까봐 불안하신가 보군요. [SEP] 응. 이번에는 반드시 잘 나와야 해. [SEP] 열심히 노력한 만큼 좋은 점수가 나왔으면 좋겠네요.,E39,Pro_01770,Pro_01770_00004,Pro_01770,-0.0279832873493433,-0.2736206352710724,-0.2784709632396698,-0.2798962593078613,0.1575738191604614,0.1035742983222007,-0.1964505612850189,-0.0592701733112335,0.0541455335915088,0.2725803256034851,0.0214664451777935,-0.2029995024204254,-0.1172717362642288,-0.0925016403198242,-0.1317402273416519,0.0557748824357986,-0.1271451413631439,-0.2941402196884155,-0.2198268622159958,0.0966806188225746,-0.0156321059912443,0.009022251702845,-0.0765657350420951,-0.1980359405279159,-0.1815871894359588,-0.1367277950048446,-0.3517357409000397,0.1706528812646865,-0.2983152866363525,0.2685644924640655,-0.3197499215602875,-0.0630895420908927,-0.2377153635025024,-0.0419500656425952,0.0742032676935195,0.3709072172641754,0.0980965122580528,0.0992403775453567,-0.1547573357820511,-0.0018178093014284,-0.2378600239753723,0.2669356167316437,-0.1244700849056243,-0.0530059114098548,-0.0836281478404998,-0.0243556890636682,0.0832628384232521,-0.1179504171013832,0.0827989429235458,-0.1085485145449638,-0.5516641139984131,0.1025624275207519,0.2211823463439941,-0.3971451222896576,-0.165141224861145,-0.0296708177775144,0.1167071834206581,-0.1754013299942016,0.3016689419746399,0.0415375009179115,-0.0380418263375759,0.2338970452547073,0.1673348248004913,0.120644524693489,0.2015468776226043,0.2551221847534179,0.5425102114677429,0.3225997686386108,1
s_000266,할머니가 다리를 다쳤었는데 오늘 처음으로 걸음을 떼셨어. [SEP] 다리를 다쳤던 할머니께서 오늘 걸음을 떼셔서 기쁘시겠군요. [SEP] 맞아. 할머니는 나이가 드셔서 몸이 낫는데 오래 걸린다고 하셨거든. [SEP] 나이가 있으셔서 회복이 오래걸리시는데 오늘 회복에 진전이 보여 기쁘신거군요. [SEP] 할머니는 내가 병문안 갈 때마다 힘이 난다고 하셨는데 앞으로는 병문안을 더 자주 가야겠어. [SEP] 앞으로는 병문안을 더 자주 가서 할머니께 힘이 되었으면 좋겠어요.,E65,Pro_00116,Pro_00116_00013,Pro_00116,-0.1580992490053177,-0.1530779600143432,-0.2442478090524673,-0.0922165289521217,0.005766739603132,0.128166913986206,-0.1168951988220214,-0.1089723333716392,0.0172265768051147,0.2035799473524093,-0.0175982061773538,-0.2243607342243194,-0.0945596322417259,0.020609239116311,0.0438985228538513,0.1391810029745102,-0.0057236002758145,-0.2909511923789978,-0.2196559756994247,-0.0857704281806945,-0.1792302131652832,0.0692299529910087,-0.0606216974556446,-0.1821107566356659,-0.0147223379462957,-0.0579413287341594,-0.3907194435596466,0.1972251683473587,-0.1967667788267135,0.2654909789562225,-0.1841924637556076,-0.1179362162947654,-0.2631592154502868,-0.2801809310913086,0.1039918586611747,0.3248198628425598,0.0377216413617134,0.0924375802278518,-0.1547184437513351,-0.0478620640933513,-0.159073993563652,0.2062593698501587,-0.2056986540555954,-0.1248660609126091,-0.0929139479994773,-0.1301919519901275,0.201741486787796,-0.0792066678404808,-0.0345375426113605,-0.1477647572755813,-0.4582624733448028,0.1516272723674774,0.0387470722198486,-0.1528328508138656,-0.1337520331144333,-0.1881448477506637,-0.0850710123777389,-0.1503705084323883,0.2777155637741089,0.0656910613179206,0.0392428152263164,-0.0021837868262082,0.150990292429924,0.1364475190639495,0.3458325266838074,0.3904912173748016,0.2971672415733337,0.2509990930557251,1
s_000267,부모님이 이혼해서 새엄마와 같이 사는데 새엄마가 나를 싫어해서 슬퍼. [SEP] 새어머니가 사용자님을 싫어해서 슬프시군요. [SEP] 나를 싫어하는 새엄마와 같이 사는 내 처지가 너무 불행한 것 같아. [SEP] 어떻게 하면 지금 기분에서 벗어날 수 있을까요? [SEP] 아버지께 새엄마가 나를 차별한다고 말해서 조처를 해주셨으면 좋겠어. [SEP] 아버지께 말씀드려서 문제가 해결되어 기분이 나아졌으면 좋겠어요.,E22,Pro_01633,Pro_01633_00011,Pro_01633,-0.0124757261946797,-0.281052827835083,-0.2883285284042358,-0.311333030462265,0.1801001578569412,0.0963307544589042,-0.2082480490207672,-0.0499847680330276,0.0570361576974391,0.2893905639648437,0.0310946553945541,-0.1985039114952087,-0.1280519217252731,-0.0999854356050491,-0.1498426645994186,0.037067886441946,-0.1399552971124649,-0.2986645698547363,-0.2283877432346344,0.1233982890844345,0.0011347639374434,0.0028828787617385,-0.0849902927875518,-0.1949221491813659,-0.1942493021488189,-0.1364262253046035,-0.3573688566684723,0.1790619045495987,-0.308214396238327,0.2710195183753967,-0.3333245813846588,-0.0585773512721061,-0.237966775894165,-0.0148723553866148,0.0756269097328186,0.3896988034248352,0.1012394875288009,0.0938016772270202,-0.1653074771165847,0.0063076708465814,-0.261707991361618,0.2809183001518249,-0.1197604537010192,-0.0519361123442649,-0.0897146090865135,-0.0137752015143632,0.0745646134018898,-0.1231564506888389,0.0909210443496704,-0.1068795472383499,-0.577092707157135,0.1089700236916542,0.253774881362915,-0.429485410451889,-0.170599102973938,-0.0205903798341751,0.1506298333406448,-0.1856250911951065,0.3071153163909912,0.0328763574361801,-0.0431077517569065,0.2626381814479828,0.1706189513206482,0.1278140097856521,0.1861414164304733,0.2497219741344452,0.5774091482162476,0.3539811074733734,1
s_000268,그동안 빚 때문에 힘들었던 우리 집이 빚을 다 갚았대. 정말 속이 다 후련해. [SEP] 빚을 다 갚게 되어 속이 후련하시군요. [SEP] 온 가족이 힘을 모아 아껴 쓰고 노력한 덕분이야. 부모님께 고생하셨다고 해야지. [SEP] 부모님께 어떤 말씀을 드릴 수 있을까요? [SEP] 어려운 가정형편에서도 가족을 위해 희생하시고 노력해주셔서 감사하고 사랑한다고 말할 거야. [SEP] 부모님께 사랑한다는 말이 잘 전달되었으면 좋겠어요.,E60,Pro_01671,Pro_01671_00001,Pro_01671,-0.1536064147949218,-0.1387914568185806,-0.2551033198833465,-0.1004940271377563,0.0140479365363717,0.116446852684021,-0.1339525133371353,-0.1083081737160682,0.0139257805421948,0.2200208157300949,-0.0200517270714044,-0.2284066081047058,-0.1168923825025558,0.0351641960442066,0.0482194609940052,0.1223232522606849,-0.0074856001883745,-0.3023709058761596,-0.2445940673351287,-0.0775440260767936,-0.1903275698423385,0.0636933669447898,-0.077372170984745,-0.1882021278142929,-0.0122061455622315,-0.0447136424481868,-0.4118165969848633,0.2115838825702667,-0.1993118673563003,0.279873251914978,-0.1743369102478027,-0.1121723502874374,-0.2718991339206695,-0.291126012802124,0.114957794547081,0.3537898659706116,0.0448024682700634,0.072377786040306,-0.1792803257703781,-0.0430178493261337,-0.1874864548444748,0.2293889373540878,-0.213387981057167,-0.1261857450008392,-0.1106198355555534,-0.1313082128763198,0.214167445898056,-0.0852845683693885,-0.0503810197114944,-0.1530041396617889,-0.4964013397693634,0.1755901426076889,0.0585995614528656,-0.1695936322212219,-0.1574127823114395,-0.2174882143735885,-0.0602021515369415,-0.1586194783449173,0.2858607470989227,0.0559219680726528,0.0453206151723861,-0.0060231802053749,0.1486183851957321,0.1505354344844818,0.3671517670154571,0.3976422548294067,0.3119145631790161,0.3014868497848511,1
s_000269,통장에 모아둔 돈이 별로 없어서 걱정이야. 뭐부터 어떻게 시작해야 할지. [SEP] 심히 걱정이 많이 되겠어요. 재무관리에 대해 조언을 구할 만한 분이 주변에 계실까요? [SEP] 수많은 지인 중에 누구한테 물어봐야 할지 모르겠어. 아무 생각이 떠오르지 않아. [SEP] 책이나 강의를 통해서 접해보는 것은 어떨까요?,E25,Pro_08716,Pro_08716_00021,Pro_08716,-0.0584579557180404,-0.2166020721197128,-0.2749518156051636,-0.2749685645103454,0.1321174502372741,0.0909169763326644,-0.1458700597286224,-0.0445366390049457,0.0399375893175601,0.2590673565864563,0.038962360471487,-0.1746932715177536,-0.1052277162671089,-0.0679366961121559,-0.08969546854496,0.0429725795984268,-0.0771999061107635,-0.2684828042984009,-0.2061124593019485,0.0802582874894142,-0.0390515588223934,0.0384848415851593,-0.0796144381165504,-0.1327355802059173,-0.1051867753267288,-0.0847528129816055,-0.3493411242961883,0.2023018449544906,-0.2441932708024978,0.2324574440717697,-0.2806192636489868,-0.0860674604773521,-0.2224384993314743,-0.0677069649100303,0.079327255487442,0.3614744842052459,0.0448462702333927,0.0989634990692138,-0.1530263125896453,0.0022613366600126,-0.2270257920026779,0.2356095165014267,-0.139427900314331,-0.0980869755148887,-0.091414988040924,-0.051291387528181,0.1012759804725647,-0.0913880839943885,0.0519946813583374,-0.1124374121427536,-0.5225473046302795,0.1318397223949432,0.2074668705463409,-0.3403860628604889,-0.1065899133682251,-0.0505258552730083,0.0817619934678077,-0.1849298924207687,0.2739138007164001,0.0292226281017065,-0.0055399155244231,0.196642205119133,0.1649215668439865,0.1391296088695526,0.1769261211156845,0.3036642074584961,0.4615820944309234,0.3225180506706238,1
s_000270,내가 나이가 들어 자식들에게 짐이 되는 것 같아. [SEP] 자식들에게 짐이 되는 느낌이 드시는군요. [SEP] 더 사는 것에 흥미를 느끼지 못하겠어. [SEP] 사는 것에 대한 흥미를 다시 찾으려면 어떤 게 도움이 될까요? [SEP] 빨리 내가 흥미를 느끼는 것을 찾고 싶어. [SEP] 흥미를 느끼는 것을 찾아 이 상황을 빨리 극복하길 바라요.,E32,Pro_09803,Pro_09803_00009,Pro_09803,-0.03207528591156,-0.2420384138822555,-0.2821137607097626,-0.3207248151302337,0.1654057949781417,0.0864249840378761,-0.1548338681459427,-0.0294188316911458,0.0479908362030983,0.2733229696750641,0.0544039569795131,-0.1640045195817947,-0.1053550913929939,-0.0949726551771164,-0.1277671158313751,0.0236199703067541,-0.1000842005014419,-0.2650718688964844,-0.1997978687286377,0.1218315288424491,0.0013819737359881,0.029884897172451,-0.0806910023093223,-0.1248333603143692,-0.1346288472414016,-0.0982766896486282,-0.3372722566127777,0.2003951966762542,-0.2614398598670959,0.2251781821250915,-0.3118351697921753,-0.079122744500637,-0.2135261297225952,-0.0078116366639733,0.0712689682841301,0.3685196042060852,0.0487275086343288,0.1052064895629882,-0.1493417918682098,0.0131481979042291,-0.24275603890419,0.2421376258134842,-0.1213345602154731,-0.0895893648266792,-0.0869227349758148,-0.0292831324040889,0.072507619857788,-0.0961686074733734,0.0803272351622581,-0.1032501980662345,-0.53719562292099,0.1203429922461509,0.2481142282485962,-0.3883668482303619,-0.0997735857963562,-0.0074758473783731,0.1226148605346679,-0.193167507648468,0.2757242023944855,0.0228068381547927,-0.0210666749626398,0.2508913576602936,0.1707275509834289,0.1370194554328918,0.1323943138122558,0.2801809906959533,0.510803759098053,0.333035796880722,1
s_000271,할머니가 되니 질병이 생기네. [SEP] 노년기에 신체 질환이 있으시군요. [SEP] 고령이 되니 모든 일에 집중하기 어려워서 문제야. [SEP] 노인이 되셔서 업무 수행이 힘들어서 걱정이시군요. [SEP] 몸이 아프니 지인들과 의사소통도 단절되어서 정말 외로워. [SEP] 어떤 것이 외로움을 덜 느끼는 데 도움이 될까요?,E35,Pro_11306,Pro_11306_00031,Pro_11306,-0.0624394416809082,-0.1710483729839325,-0.2800774872303009,-0.276707649230957,0.1280930042266845,0.0672320201992988,-0.1353274434804916,-0.0343795344233512,0.0294283032417297,0.261292040348053,0.0406382121145725,-0.1610269099473953,-0.1175003722310066,-0.0469139479100704,-0.0699963718652725,0.0146574005484581,-0.053923700004816,-0.2576097548007965,-0.2187546789646148,0.0862110257148742,-0.0558085292577743,0.0445994287729263,-0.0976747870445251,-0.1028686687350273,-0.0695198029279708,-0.0490256734192371,-0.3574607670307159,0.223412349820137,-0.2171518355607986,0.2234667539596557,-0.2480598837137222,-0.0843269452452659,-0.2149373590946197,-0.0812153071165084,0.0882268473505973,0.3753618597984314,0.0288768131285905,0.0787634402513504,-0.1698244959115982,0.0124137578532099,-0.2387821078300476,0.239026129245758,-0.145514041185379,-0.1124149113893508,-0.1111611798405647,-0.0601988211274147,0.11381696164608,-0.0823093056678772,0.0234464388340711,-0.1138707101345062,-0.5310069918632507,0.1646569073200225,0.2183557450771331,-0.3261734545230865,-0.099059410393238,-0.0823701843619346,0.0912574753165245,-0.1920394301414489,0.2609311938285827,0.0132047366350889,0.0148202022537589,0.1763794869184494,0.1568775624036789,0.1560375839471817,0.1762236654758453,0.3172753453254699,0.4304056763648987,0.3638486862182617,1
s_000272,가족들이 나한테 더 관심을 주고 나를 더 아껴줘야 하는데 요즘 별 관심이 없어. [SEP] 가족들과의 관계에 많이 실망하셨군요. 기분이 안 좋으셨겠어요. [SEP] 응. 속으로 생각하는 것보다 요새는 이걸 입 밖으로 이야기를 해줬으면 좋겠는 마음이야. [SEP] 그런 마음이 있으시군요. 그러면 이걸 극복할 방법을 혹시 찾으셨나요? [SEP] 차라리 내가 한번 물어보려고. 내 검진 결과를 아는지 나에게 관심이 없던 건지. [SEP] 관계에 대하여 많이 힘드셨겠어요. 너무 상심하지 마시고 잘 해결되길 바랄게요!,E40,Pro_10651,Pro_10651_00002,Pro_10651,-0.0647585019469261,-0.212316483259201,-0.2718825042247772,-0.2260114103555679,0.1130598187446594,0.0941273048520088,-0.172125905752182,-0.0685957372188568,0.0372097566723823,0.2543784976005554,0.0073128007352352,-0.202998474240303,-0.1207666471600532,-0.0473691709339618,-0.0716275200247764,0.0609443821012973,-0.0808170959353447,-0.2872462272644043,-0.2303115874528885,0.0497332774102687,-0.0735124871134758,0.0267821252346038,-0.0849103480577468,-0.1805978417396545,-0.1178621277213096,-0.0949030295014381,-0.3677358329296112,0.1882791072130203,-0.2560940086841583,0.2654929459095001,-0.260811299085617,-0.0734826475381851,-0.240554466843605,-0.1200329363346099,0.0882883965969085,0.3672808706760406,0.0767705887556076,0.0819532200694084,-0.1663903892040252,-0.008117345161736,-0.2228810638189315,0.2554512023925781,-0.1498449444770813,-0.0769862756133079,-0.0998371765017509,-0.0580868683755397,0.1244923546910286,-0.1031671985983848,0.0310652870684862,-0.1198522076010704,-0.5331931114196777,0.1368229836225509,0.1772055625915527,-0.3253395557403564,-0.1586896628141403,-0.0972954630851745,0.0688789784908294,-0.1706627160310745,0.2877200245857239,0.0386664904654026,-0.0046492144465446,0.1548120826482772,0.1558315753936767,0.1342089027166366,0.2466941624879837,0.2955321073532104,0.4560843110084533,0.3304206430912018,1
s_000273,아내가 병이 심해져서 직장도 그만두고 펜션도 처분했어. 마음도 편치가 않아. [SEP] 아내분이 병에 걸려서 마음이 편치가 않으시군요. [SEP] 오랫동안 치료를 받아야 해. [SEP] 이 상황에서 무엇을 하는 게 좋을까요? [SEP] 내가 잘할 거야. 아내에게 잘해주고 간호도 할 거야. [SEP] 아내와의 대화로 기분이 잘 풀리셨으면 좋겠어요.,E48,Pro_09759,Pro_09759_00009,Pro_09759,-0.104045569896698,-0.192912682890892,-0.2598651349544525,-0.1893111616373062,0.073763720691204,0.1109070777893066,-0.1352415531873703,-0.0767271369695663,0.0306527502834796,0.2327950894832611,0.0107433088123798,-0.2007168084383011,-0.0994246378540992,-0.0290741845965385,-0.0301480535417795,0.0916740819811821,-0.0474991127848625,-0.2807146906852722,-0.2117991298437118,0.0017750319093465,-0.1035238727927208,0.0510629713535308,-0.0689045935869216,-0.1617136895656585,-0.0691861659288406,-0.0776577144861221,-0.3678704500198364,0.1960490047931671,-0.2264601290225982,0.2503619194030761,-0.2396799623966217,-0.0998698696494102,-0.2427183538675308,-0.1680234670639038,0.0898116528987884,0.3427542448043823,0.0455326810479164,0.0975448489189148,-0.1520550549030304,-0.0224693398922681,-0.1936849802732467,0.2226306796073913,-0.1694150120019912,-0.1069567576050758,-0.0899949595332145,-0.0866773575544357,0.1470864117145538,-0.0874740853905677,0.0147786531597375,-0.1286390721797943,-0.492433488368988,0.1367974877357483,0.1275890618562698,-0.2574324011802673,-0.1228227838873863,-0.112513430416584,0.0032390838023275,-0.1670781970024109,0.2776501476764679,0.0485287569463253,0.0124620152637362,0.1065563410520553,0.1587792187929153,0.1351530849933624,0.2580218017101288,0.3404709994792938,0.3892494142055511,0.2843900024890899,1
s_000274,나 이제 아무 희망이 없어. 너무 비관적이야. [SEP] 어떤 상황이라 그런 생각이 드셨어요? [SEP] 내가 다쳐서 몸에 장애가 생겨서 하던 일을 그만둬야 하게 생겼어. [SEP] 몸에 생긴 장애로 퇴직을 하게 되신 거군요. [SEP] 너무나 비관적이야. 이제 뭘 해서 먹고살아야 하지? [SEP] 신체의 불편함으로 일을 못 하게 되어 희망을 잃으신 거네요. 정말 힘드시겠어요.,E47,Pro_10838,Pro_10838_00006,Pro_10838,-0.125331312417984,-0.1871938109397888,-0.2553030550479889,-0.175035610795021,0.0553245022892952,0.122565746307373,-0.1169878244400024,-0.0809224918484687,0.028236024081707,0.2250549495220184,0.0158193465322256,-0.2003326117992401,-0.0889366269111633,-0.020072178915143,-0.0095074493438005,0.1093749925494194,-0.0322232581675052,-0.2809331715106964,-0.202867716550827,-0.0230029467493295,-0.117987185716629,0.0644493028521537,-0.0597110912203788,-0.1528266966342926,-0.044346410781145,-0.0693000182509422,-0.3714972138404846,0.202862873673439,-0.2134741842746734,0.2438362538814544,-0.2334817498922348,-0.1165004670619964,-0.2467456310987472,-0.1922634541988372,0.0914253890514373,0.3333155810832977,0.0279438775032758,0.1073022112250328,-0.1460447758436203,-0.0308983623981475,-0.1829704940319061,0.2065243870019912,-0.1817452758550644,-0.1256143301725387,-0.0842533931136131,-0.1020654365420341,0.1598656326532364,-0.0803897604346275,0.0084638921543955,-0.1347877085208892,-0.4757099151611328,0.1368613988161087,0.1043637096881866,-0.2248643040657043,-0.1035314947366714,-0.1192433536052703,-0.0299031622707843,-0.16795215010643,0.275560975074768,0.0538704507052898,0.0204089060425758,0.0851357653737068,0.1629651337862014,0.1373981684446334,0.2638816237449646,0.3692973852157593,0.3606756031513214,0.2624707520008087,1
s_000275,자식 다 잘 키워놨어도 제 어미 어디가 아픈지 한 번도 물어보지도 않아서 너무 서러워. [SEP] 자녀 분들로 인해 마음이 안 좋으시군요. [SEP] 내가 그동안 어떻게 키웠는데 처자식 생겼다고 어미는 궁금해하지도 않아. [SEP] 마음이 좋지 않을 때 주로 어떻게 해소하시나요? [SEP] 친구들이랑 욕이나 실컷 하는 거지 뭐. [SEP] 열심히 치료 받으시고 지금의 상황을 극복하시길 바랄게요. 저도 응원하고 있을게요!,E53,Pro_08624,Pro_08624_00039,Pro_08624,-0.1004758551716804,-0.2415548861026764,-0.2765600979328155,-0.2517075836658478,0.1059789136052131,0.133995234966278,-0.1468238681554794,-0.0694264620542526,0.0427552051842212,0.2674567699432373,0.0454203225672245,-0.2019742280244827,-0.1032062768936157,-0.0468729548156261,-0.0561689287424087,0.0986295789480209,-0.0750418603420257,-0.3078850507736206,-0.2132750302553177,0.0221322607249021,-0.0752794668078422,0.0541060455143451,-0.0612010098993778,-0.1653132289648056,-0.0877818316221237,-0.0897305756807327,-0.3900770843029022,0.2173265814781189,-0.2551813721656799,0.2572239637374878,-0.2944541275501251,-0.1217027083039283,-0.2618418037891388,-0.1365744620561599,0.0921349003911018,0.3724145591259002,0.035730842500925,0.1156118586659431,-0.1607412099838256,-0.0257238652557134,-0.2366300672292709,0.2334547191858291,-0.17892986536026,-0.1292516887187957,-0.0816316828131675,-0.0813353061676025,0.1421461105346679,-0.098136305809021,0.0467389374971389,-0.1371726393699646,-0.5387258529663086,0.1306092739105224,0.1689460128545761,-0.310254842042923,-0.1134704798460006,-0.0810104385018348,0.0291019510477781,-0.1929613649845123,0.3036991655826568,0.0479358546435833,-0.002830903744325,0.1644399762153625,0.1834950745105743,0.1477959752082824,0.2354024797677993,0.3744637668132782,0.4617382287979126,0.3024808764457702,1
s_000276,남자친구랑 또 싸워서 기분이 안좋아. [SEP] 남자친구와 싸워서 기분이 좋지 않으시겠어요. [SEP] 별거 아닌 걸로 화내는 내가 싫다 정말. [SEP] 별거 아닌걸로 화내는 본인이 싫으시군요. 해결 방안이 있을까요? [SEP] 일단 내가 먼저 사과해야지. [SEP] 먼저 사과를 할 생각이군요.,E58,Pro_05269,Pro_05269_00015,Pro_05269,-0.0841991305351257,-0.2019605189561844,-0.2634769976139068,-0.1968244612216949,0.0893800109624862,0.1023761853575706,-0.1566954106092453,-0.0765325203537941,0.0335751213133335,0.2395715564489364,0.0020961060654371,-0.2057235985994339,-0.1102706268429756,-0.0369429029524326,-0.0492862276732921,0.079490415751934,-0.0645662993192672,-0.2839312255382538,-0.2221854925155639,0.0210917834192514,-0.0924316868185997,0.03640753403306,-0.0766883343458175,-0.1785295456647873,-0.0973691791296005,-0.0899198874831199,-0.3661745190620422,0.1861752420663833,-0.2426528185606002,0.2614049613475799,-0.2462027817964553,-0.0827895551919937,-0.2418946921825409,-0.149933859705925,0.0886607021093368,0.3513886928558349,0.0674210041761398,0.0879928842186927,-0.1580468565225601,-0.0166439954191446,-0.202576532959938,0.240049734711647,-0.1585222780704498,-0.0855215415358543,-0.0947537943720817,-0.072107046842575,0.1367104202508926,-0.0964850634336471,0.0207924675196409,-0.1236602142453193,-0.5089135766029358,0.1345353126525879,0.1450056582689285,-0.2874529659748077,-0.1480437219142913,-0.1090162545442581,0.0324184969067573,-0.1640456616878509,0.2826128005981445,0.0459793806076049,0.003214031457901,0.1236392259597778,0.1545273065567016,0.1310678124427795,0.2610386312007904,0.3112232685089111,0.4187890291213989,0.3027928173542022,1
s_000277,얼마 전에 보험설계사가 연락이 왔어. 보험 설계가 잘못돼 은퇴 후 받는 금액이 적다는 거야. [SEP] 많이 차이가 나는 건가요? [SEP] 종신보험에 들었는데 보장이 너무 약해졌다는 거지. [SEP] 그렇군요. 어떻게 해야 한다고 하시던가요? [SEP] 다시 설계하기엔 기간이 길어서 다른 단기적금으로 준비해야 할 것 같다네? [SEP] 보험설계사님과 협의해 잘 설계 하시길 바랄게요.,E59,Pro_07190,Pro_07190_00005,Pro_07190,-0.1002902537584304,-0.2146175056695938,-0.2632837891578674,-0.2074806988239288,0.0847209170460701,0.1201421618461608,-0.140407457947731,-0.0755826830863952,0.0360386073589324,0.2414570748805999,0.0197255350649356,-0.2024777829647064,-0.0978718176484108,-0.0394285321235656,-0.0430362969636917,0.0968127027153968,-0.0599676147103309,-0.288484513759613,-0.2090731710195541,0.0089107556268572,-0.0905050560832023,0.0499640069901943,-0.063818871974945,-0.1671048551797866,-0.0824692696332931,-0.0881320163607597,-0.3703072071075439,0.1967950016260147,-0.2393939793109893,0.2527670264244079,-0.2610825002193451,-0.1046272814273834,-0.2475848048925399,-0.1532983630895614,0.0879386588931083,0.3473915457725525,0.0464408621191978,0.1060311272740364,-0.1504523009061813,-0.0241402760148048,-0.202530950307846,0.2248394638299942,-0.1688770204782486,-0.108729250729084,-0.0839635208249092,-0.0819497033953666,0.1411366611719131,-0.0919005274772644,0.0298406165093183,-0.1294877082109451,-0.5026586055755615,0.1282232105731964,0.1385237574577331,-0.2765964269638061,-0.1212266162037849,-0.0956504642963409,0.0107682654634118,-0.172360360622406,0.2860248684883117,0.0508084036409854,0.0039004373829811,0.1284844130277633,0.166410818696022,0.1346706748008728,0.2489188909530639,0.3436698913574219,0.4155386984348297,0.2815118432044983,1
s_000278,애들이 나 왕따 시키는 것 같고 그래서 죽고 싶어. 너무 불행한데 다 내 마음은 몰라줘. [SEP] 학교에서의 소외감 때문에 괴로우시군요. 알아주는 사람이 없어서 많이 힘드셨겠어요. [SEP] 엄마한테도 말했는데 그냥 졸업까지만 버티래. 너무 짜증 나. [SEP] 짜증이 많이 나셨군요. 이 상황이 앞으로 어떻게 되기를 원하시나요? [SEP] 난 전학을 가고 싶어. 얘네는 나를 계속 괴롭힐 거 같아. [SEP] 지금의 불안하고 비관적인 상황이 해결되어 불행한 감정이 사라지길 바라요.,E45,Pro_01896,Pro_01896_00018,Pro_01896,0.0020817450713366,-0.2789904773235321,-0.2926246523857116,-0.3150851428508758,0.1906371414661407,0.0850748717784881,-0.2251789271831512,-0.0493826940655708,0.0570713840425014,0.2958528101444244,0.0229280348867177,-0.2019247263669967,-0.1409917622804641,-0.1000725626945495,-0.1594778597354889,0.0225560087710618,-0.1491909176111221,-0.3012973070144653,-0.2417176514863968,0.1378501206636428,0.0039746961556375,-0.0083276787772774,-0.0956009849905967,-0.2057310491800308,-0.2095855772495269,-0.1391564309597015,-0.3603183329105377,0.1756166964769363,-0.3164680600166321,0.2808257937431335,-0.3310218155384063,-0.0441017895936965,-0.237853467464447,-0.0069428053684532,0.0776764750480651,0.4009363055229187,0.1173463761806488,0.0805520340800285,-0.1754549145698547,0.0122707998380064,-0.2722933888435364,0.2972159683704376,-0.1136754974722862,-0.0369742251932621,-0.0985952094197273,-0.0046231527812778,0.0710656940937042,-0.1295854747295379,0.0882475823163986,-0.104192703962326,-0.5926862359046936,0.1151365637779235,0.2681131958961487,-0.4476556479930877,-0.1929686665534973,-0.0284001640975475,0.1751363575458526,-0.1844811886548996,0.3101323544979095,0.0279376413673162,-0.0461462549865245,0.2691265344619751,0.1653929352760315,0.1285116374492645,0.1939024031162262,0.230035200715065,0.5955981016159058,0.3796029984951019,1
s_000279,정신질환 때문에 더는 생계 유지조차 어려울 것 같아. 너무 힘들어. [SEP] 정신질환으로 생계유지가 어려우시다니 많이 힘드시겠군요. [SEP] 우울증과 공황장애가 더 심해져서 집 밖에 나가는 것도 힘겨워 이젠. [SEP] 우울증과 공황장애가 더 심해지셨다니 이런 상황에선 어떻게 해야 할까요? [SEP] 병원부터 가봐야겠지. 다니던 병원이 별로 도움이 안 되는 것 같아서 다른 병원을 찾아보려고. [SEP] 부디 지금 상황을 잘 극복해나가시길 바랄게요.,E25,Pro_07156,Pro_07156_00025,Pro_07156,-0.0482822358608245,-0.1817732602357864,-0.2881253659725189,-0.2974086403846741,0.1464814841747284,0.0628769695758819,-0.1523671895265579,-0.0308444555848836,0.0326390080153942,0.2758171856403351,0.0435338504612445,-0.1630283296108245,-0.1291223615407943,-0.0525454618036747,-0.0861544013023376,0.0026702780742198,-0.0690143853425979,-0.2659186124801636,-0.2297399491071701,0.1056917384266853,-0.0444199219346046,0.0359542742371559,-0.104851521551609,-0.1113359183073043,-0.0877802968025207,-0.0541452765464782,-0.364652007818222,0.2262112647294998,-0.2315422445535659,0.2324660420417785,-0.2607053518295288,-0.0775563642382621,-0.2187303602695465,-0.0635163262486457,0.0901130586862564,0.3922577798366546,0.0393925048410892,0.0724042281508445,-0.1802013218402862,0.0174037963151931,-0.2588669955730438,0.2554970383644104,-0.1419330239295959,-0.1057386919856071,-0.1164527982473373,-0.0503539517521858,0.1082315444946289,-0.0901535525918006,0.0301562901586294,-0.1132053956389427,-0.556248128414154,0.1681307554244995,0.2426771968603134,-0.3572211265563965,-0.1144505962729454,-0.0789215788245201,0.1203416064381599,-0.1980614215135574,0.2695602476596832,0.0082519473508,0.0081889322027564,0.1986573189496994,0.1588378697633743,0.1599185168743133,0.1739652603864669,0.3084697425365448,0.4649148881435394,0.3905032277107239,1
s_000280,이제 할머니라서 건강이 안 좋아. [SEP] 노년이 되셔서 건강이 좋지 않으신가 봐요. [SEP] 그리고 남편과 가까운 친척들까지 죽어서 너무 슬프다. [SEP] 배우자와 가까운 친지들까지 돌아가셔서 정말 슬프시군요. [SEP] 나도 언젠가 죽을까 봐 정말 불안하고 절망적이야. [SEP] 이럴 때 주변의 가족들이나 친구들에게 위로의 말을 들을 수 있다면 기분이 어떻게 변하실 것 같나요?,E47,Pro_12158,Pro_12158_00034,Pro_12158,-0.0787999406456947,-0.2301913499832153,-0.2743654251098633,-0.2643113732337951,0.1191905364394187,0.112698495388031,-0.1432341486215591,-0.055674985051155,0.0417380295693874,0.2609913051128387,0.0432215891778469,-0.186202198266983,-0.1008672341704368,-0.0604321770370006,-0.0748708695173263,0.0709899142384529,-0.075725719332695,-0.285074919462204,-0.2054608762264251,0.0526066794991493,-0.0537530668079853,0.0469695031642913,-0.0685944855213165,-0.1458473950624466,-0.0967869088053703,-0.0884348303079605,-0.3653280138969421,0.2079473584890365,-0.2485879957675933,0.2412444651126861,-0.2888120114803314,-0.1040457263588905,-0.2394004762172699,-0.0973673611879348,0.0836769267916679,0.3627004623413086,0.0386205613613128,0.1099101975560188,-0.153032973408699,-0.0112768067046999,-0.2279633730649948,0.2309364080429077,-0.1568188965320587,-0.1132965758442878,-0.0842503234744072,-0.0651949495077133,0.1183069497346878,-0.0933801606297493,0.0520977340638637,-0.1232200488448143,-0.5251330137252808,0.1279949098825454,0.1876299679279327,-0.3244929909706116,-0.1051102429628372,-0.0596595890820026,0.0539514496922493,-0.188041940331459,0.2864980399608612,0.0390524230897426,-0.0050107901915907,0.1830362230539322,0.1742336750030517,0.1415269374847412,0.1997126340866089,0.3364081680774688,0.4596423506736755,0.3061811923980713,1
s_000281,사업이 안 풀려서 친구가 점을 보고 부적을 사는 데 돈을 너무 많이 써서 답답해. [SEP] 힘들어서 미신에 의존하는 친구의 모습이 안타깝군요. [SEP] 적당히 하는 건 괜찮은데 미신에 너무 큰 돈을 쓰는 건 좀 아닌 것 같아. [SEP] 미신에 큰 돈을 쓰는 친구가 답답하시겠어요. [SEP] 미신에 쓸 돈을 차라리 사업에 유용하게 쓸 수 있게끔 같이 진지하게 이야기해 봐야겠어. [SEP] 친구와의 대화가 원하시는 대로 잘 되셨으면 좋겠어요.,E37,Pro_09808,Pro_09808_00006,Pro_09808,-0.0406803414225578,-0.2332200556993484,-0.2903711497783661,-0.3017087876796722,0.1581607162952423,0.0871922448277473,-0.1805027425289154,-0.0447505004703998,0.0444276928901672,0.2868632078170776,0.0402375049889087,-0.1858174949884414,-0.1308761239051818,-0.0684958547353744,-0.1083241999149322,0.0290002878755331,-0.1021430417895317,-0.2919332683086395,-0.233615294098854,0.1026574894785881,-0.0320456251502037,0.0238299313932657,-0.0934026986360549,-0.1577151119709015,-0.1332161873579025,-0.0917931795120239,-0.3736704587936401,0.2105812579393386,-0.2705720961093902,0.257496029138565,-0.2980776727199554,-0.0769589245319366,-0.2379853129386901,-0.0570008903741836,0.0877047553658485,0.3976477980613708,0.0660828649997711,0.0841944813728332,-0.178244799375534,0.0065966299735009,-0.2668627202510834,0.2696175277233124,-0.1419045478105545,-0.0891753211617469,-0.1038765609264373,-0.0403195805847644,0.1033261939883232,-0.1077745407819747,0.0560262463986873,-0.1167280226945877,-0.5745306015014648,0.1435949802398681,0.2429773807525634,-0.3878000676631927,-0.1440453082323074,-0.061548501253128,0.1263887733221054,-0.1960205435752868,0.2952094674110412,0.0224702879786491,-0.014423394575715,0.2225978225469589,0.168933019042015,0.1493133902549743,0.1941156387329101,0.299408346414566,0.5204319953918457,0.3758754730224609,1
s_000282,난 노인정 사람들을 믿어. [SEP] 노인정 사람들을 믿을만한 이유가 있으신가요? [SEP] 나를 항상 도와줘. [SEP] 항상 나를 도와주는 노인정 사람들을 신뢰하고 계시군요.,E62,Pro_09773,Pro_09773_00006,Pro_09773,-0.2207579165697097,-0.1989115476608276,-0.2628231644630432,-0.1781080514192581,0.0068260096013545,0.1933426111936569,-0.0610899291932582,-0.0958167538046836,0.0260870307683944,0.2430700808763504,0.0732148364186286,-0.2078780978918075,-0.0672047212719917,0.0225365217775106,0.0699974372982978,0.1879319250583648,0.0098279453814029,-0.3269815742969513,-0.1903933137655258,-0.1171430945396423,-0.1737467348575592,0.1262374222278595,-0.0240487866103649,-0.1256239116191864,0.0586205571889877,-0.028793716803193,-0.437995970249176,0.2728588879108429,-0.1860642731189727,0.2392034828662872,-0.2527772784233093,-0.2139247953891754,-0.2992549240589142,-0.2929242253303528,0.1148641258478164,0.3522807657718658,-0.0583810396492481,0.1521318107843399,-0.1542423218488693,-0.0723285973072052,-0.2085336446762085,0.1660560518503189,-0.2614880204200744,-0.2392181158065796,-0.0664260685443878,-0.1734199672937393,0.2328007370233535,-0.0654187500476837,-0.0062879463657736,-0.181021898984909,-0.4893928170204162,0.1565412729978561,0.0531807504594326,-0.1379631012678146,-0.0292805675417184,-0.1551181972026825,-0.1387064307928085,-0.2081959843635559,0.3051551282405853,0.0703895464539527,0.0490036085247993,0.0353274829685688,0.2075500786304474,0.176936075091362,0.2991307377815246,0.5567057728767395,0.3162706196308136,0.2293905317783355,1
s_000283,내 수업료는 내가 벌어야 할 거 같은데 학업과 일을 잘 병행할 수 있을지 걱정이야. [SEP] 학업과 일을 잘 병행할 수 있을지 걱정이시군요. 어떤 점이 가장 걱정되시나요? [SEP] 장학금을 받고 싶은데 일을 하면 아무래도 시간이 부족해서 공부할 시간이 없으니까. [SEP] 일과 공부를 모두 하기 위한 시간이 부족한 상황이군요. 어떻게 하면 좋을까요? [SEP] 교내 장학생으로 일을 한다면 두 가지를 한 번에 할 수도 있을 것 같아. [SEP] 좋은 생각이네요. 사용자님이 원하는 대로 이루어지길 응원해요.,E37,Pro_00208,Pro_00208_00008,Pro_00208,-0.1149291023612022,-0.2309074252843856,-0.2709765434265136,-0.1856330186128616,0.0758642554283142,0.1395080238580703,-0.17136912047863,-0.0991047546267509,0.0378193855285644,0.258113145828247,0.008035896345973,-0.2344459146261215,-0.1186808347702026,-0.0179705563932657,-0.0262165833264589,0.1239165067672729,-0.0724328383803367,-0.3280737102031708,-0.2395235300064087,-0.0227026809006929,-0.1223490461707115,0.0445724613964557,-0.0656516626477241,-0.2173358350992202,-0.0928845629096031,-0.0972163304686546,-0.4115816354751587,0.2028446346521377,-0.2629406452178955,0.2931891083717346,-0.2655473053455353,-0.1111011654138565,-0.2830187082290649,-0.2068984359502792,0.1035009175539016,0.3756396472454071,0.0679095163941383,0.096988245844841,-0.174961507320404,-0.0401444695889949,-0.2270354032516479,0.2516968846321106,-0.1948159337043762,-0.1098586097359657,-0.0909755229949951,-0.0948012992739677,0.1740805655717849,-0.1090545505285263,0.0173865519464015,-0.147534042596817,-0.5446345210075378,0.1381111890077591,0.1238435357809066,-0.2791160643100738,-0.1692163646221161,-0.1408537775278091,0.0025370216462761,-0.1755092144012451,0.3175166845321655,0.0602029487490654,0.0021977315191179,0.1041386723518371,0.1727056205272674,0.1427993476390838,0.3209988474845886,0.3729742765426636,0.4418392181396484,0.3057954907417297,1
s_000284,건강하지 못할거면 오래 살아서 뭐하겠어. [SEP] 건강하지 못할거면 오래 살지 않아도 된다고 생각하시는군요. 건강이 많이 안좋으신가요? [SEP] 엄청 안좋은건 아닌데 난 아프게 오래살바엔 그냥 빨리 죽고싶거든. [SEP] 건강이 엄청 안좋은건 아니지만 아프게 오래살바에는 빨리 죽는게 낫다고 생각하시는군요.,E26,Pro_08837,Pro_08837_00002,Pro_08837,-0.0555927269160747,-0.2429831773042678,-0.2766596674919128,-0.275359958410263,0.1373337358236313,0.1042031049728393,-0.1625142097473144,-0.0532757975161075,0.0458956062793731,0.265848845243454,0.0361685566604137,-0.1885315328836441,-0.1078697219491005,-0.0741782113909721,-0.0995215326547622,0.0578937642276287,-0.0946796759963035,-0.2844632565975189,-0.2105928808450698,0.0764900520443916,-0.035402812063694,0.0318548157811164,-0.0742186233401298,-0.1597989499568939,-0.1287428438663482,-0.1041263118386268,-0.3570882380008697,0.1947687119245529,-0.2654009759426117,0.2482090592384338,-0.2991991639137268,-0.0859578847885131,-0.2346962094306945,-0.0686661973595619,0.079332984983921,0.3664320111274719,0.0600621215999126,0.1038531064987182,-0.1540298759937286,-0.0042380066588521,-0.232917845249176,0.2449775785207748,-0.1412819176912307,-0.0895998403429985,-0.0858228951692581,-0.0471597500145435,0.1013385578989982,-0.1015307828783989,0.0637512356042862,-0.1154976785182952,-0.5354299545288086,0.1203806325793266,0.2065907567739486,-0.3562075495719909,-0.125442162156105,-0.0455699414014816,0.0844522789120674,-0.1840243488550186,0.2890649437904358,0.036943607032299,-0.0169181209057569,0.2066889554262161,0.1702442914247512,0.1343950182199478,0.1926516145467758,0.3009415566921234,0.4912209212779999,0.3173890709877014,1
s_000285,내 후임은 정말 일을 잘해. [SEP] 후임이 일을 잘하시는군요. [SEP] 맡기는 일마다 척척 해내니 너무 신뢰성이 생기는 거 있지? [SEP] 후임의 일 처리에 신뢰성이 생기시는군요. [SEP] 그래. 그래서 다음 프로젝트도 맡겨볼 생각이야. [SEP] 후임에게 프로젝트를 맡길 계획을 하고 계시는군요.,E62,Pro_03833,Pro_03833_00011,Pro_03833,-0.1360494643449783,-0.1689307987689972,-0.2511095702648163,-0.1535779684782028,0.0396194607019424,0.120240032672882,-0.1084215492010116,-0.0847288221120834,0.0232827514410018,0.2158568203449249,0.0092484848573803,-0.2007012069225311,-0.0874513611197471,-0.0079224091023206,0.0084330113604664,0.113016128540039,-0.0179326310753822,-0.2766973674297333,-0.2033621519804,-0.0389064736664295,-0.1347283720970153,0.0693218037486076,-0.060539610683918,-0.1487090140581131,-0.0264694280922412,-0.0591860674321651,-0.3724344074726105,0.2041139900684356,-0.2000977993011474,0.2419226616621017,-0.2142852693796157,-0.1183010786771774,-0.2459216117858886,-0.2146345525979995,0.0940316915512085,0.3271991312503814,0.0229323040693998,0.103490225970745,-0.1461184024810791,-0.0333430618047714,-0.1727268546819687,0.2005472928285598,-0.1873192638158798,-0.1298494488000869,-0.0872187092900276,-0.1114540472626686,0.170287624001503,-0.0754206702113151,-0.0061209737323224,-0.136926531791687,-0.463060975074768,0.1436124593019485,0.0862805172801017,-0.1978961527347564,-0.1011415794491767,-0.1369055956602096,-0.0478431172668933,-0.1636906415224075,0.2696981728076935,0.0546408109366893,0.0295670479536056,0.0587572455406188,0.15842105448246,0.1384231001138687,0.2770694494247436,0.3770710825920105,0.3312422633171081,0.2576345801353454,1
s_000286,갱년기가 온 것 같아. 너무 우울하고 매사에 비관적이야. [SEP] 갱년기로 인해 우울하고 비관적이군요. [SEP] 내 삶이 너무 절망스러워. 가족들에게도 미안해. [SEP] 미안한 감정을 환기하기 위한 일이 무엇이 있을까요? [SEP] 밖에 나가서 친구들과 기분전환이라도 해봐야겠어. [SEP] 친구들과 좋은 시간이 되었으면 좋겠어요.,E46,Pro_07297,Pro_07297_00003,Pro_07297,-0.1394824534654617,-0.1719060987234115,-0.2499910145998001,-0.1246972754597663,0.0296193230897188,0.1250213384628296,-0.1271237283945083,-0.1002601534128189,0.0228992123156785,0.215069979429245,-0.0090706469491124,-0.2196930944919586,-0.0972561165690422,0.0030889934860169,0.0172823704779148,0.1263500601053238,-0.0234935041517019,-0.2912344336509704,-0.2186082452535629,-0.0575152188539505,-0.1538401842117309,0.0615477077662944,-0.0625758096575737,-0.1815234720706939,-0.0381073281168937,-0.068549633026123,-0.3852209448814392,0.1953151822090149,-0.2114841938018798,0.2642804682254791,-0.2066457867622375,-0.111644297838211,-0.2591981887817383,-0.2441788166761398,0.0995103046298027,0.3324326276779175,0.0439924597740173,0.0946883857250213,-0.1545578837394714,-0.0407598763704299,-0.1723745316267013,0.2143230140209198,-0.1942095458507537,-0.116893321275711,-0.0911240726709365,-0.114890344440937,0.1839998960494995,-0.0843337327241897,-0.0160123128443956,-0.1421655863523483,-0.4735023081302643,0.1446931362152099,0.0684263631701469,-0.1921119391918182,-0.1349625140428543,-0.1629388034343719,-0.0547532737255096,-0.1557566672563552,0.2811533212661743,0.0615145377814769,0.0279883556067943,0.0360455848276615,0.1545901447534561,0.1351810693740844,0.320792406797409,0.3731796145439148,0.3344106078147888,0.2619654536247253,1
s_000287,도대체 어째서 날 괴롭히고 때리는지 진짜 모르겠어. 이젠 나도 같이 때릴꺼야. [SEP] 매우 흥분되신 것 같아요. 어찌 하면 상황이 나아질까요? [SEP] 이젠 나도 함께 때리지 않으면 안되겠어. 더는 못참아. [SEP] 좋은 방법이 있었으면 좋겠어요.,E65,Pro_00356,Pro_00356_00007,Pro_00356,-0.1438260227441787,-0.1907965987920761,-0.2634911239147186,-0.1812024861574173,0.0508545115590095,0.1365455687046051,-0.1184981614351272,-0.0862602591514587,0.0278941486030817,0.2402823269367218,0.0272481106221675,-0.2080973982810974,-0.0967464819550514,-0.0048371101729571,0.0074582467786967,0.1225340738892555,-0.0291438475251197,-0.3023906946182251,-0.2147363126277923,-0.0406236089766025,-0.1351095139980316,0.0736635774374008,-0.0589348971843719,-0.1576949059963226,-0.0269173942506313,-0.0589074678719043,-0.4005818665027618,0.2246241569519043,-0.2152965515851974,0.2550752758979797,-0.2390958070755005,-0.1359826475381851,-0.2670721709728241,-0.2211141586303711,0.1025765314698219,0.3548149466514587,0.0164228547364473,0.1085428893566131,-0.1613997220993042,-0.039554227143526,-0.206093356013298,0.2126889377832412,-0.2046994566917419,-0.1502772122621536,-0.0879434049129486,-0.1175877600908279,0.1830586493015289,-0.0833057910203933,0.0006035807891748,-0.1490309834480285,-0.5033343434333801,0.1507507115602493,0.1037862226366996,-0.2200685739517212,-0.1047951802611351,-0.1413759142160415,-0.0401102192699909,-0.1815772354602813,0.2912849187850952,0.0545761138200759,0.0265994630753994,0.0758665651082992,0.1737318783998489,0.1526722162961959,0.2871847450733185,0.4150565564632416,0.3681098222732544,0.280655026435852,1
s_000288,가까운 친족의 죽음은 정말 슬픈 일 이네. [SEP] 죽음보다 더 슬픈 건 없다고 생각합니다. [SEP] 살면서 죄를 짓고 죄책감을 느끼면 죽어서도 후회 할 것 같네. [SEP] 그런 마음을 가지고 계시는군요. [SEP] 그러기에 살아생전에 정직하게 올바르게 살아야겠지. [SEP] 좋은 일만 하기에도 바쁜 세상 인 것 같습니다.,E57,Pro_10668,Pro_10668_00001,Pro_10668,-0.1167356744408607,-0.1612986326217651,-0.2553387582302093,-0.184200569987297,0.0599493086338043,0.1019095703959465,-0.1060384288430213,-0.0678426474332809,0.0232410654425621,0.2207704484462738,0.0176853500306606,-0.1836269646883011,-0.0896532461047172,-0.0199040621519088,-0.0109503641724586,0.0833015367388725,-0.02075064368546,-0.2613084614276886,-0.2000959813594818,-0.0042176670394837,-0.1117718741297721,0.0652976706624031,-0.0695306211709976,-0.1249397993087768,-0.0310764163732528,-0.0525747276842594,-0.3586853146553039,0.2071785181760788,-0.1957272142171859,0.227408155798912,-0.2169278562068939,-0.1083361059427261,-0.2294964641332626,-0.1748102307319641,0.0894173383712768,0.3307377994060516,0.0187839940190315,0.0984705761075019,-0.1460623145103454,-0.0188216138631105,-0.1805506348609924,0.2024442255496978,-0.1719066947698593,-0.1255527585744857,-0.0921665951609611,-0.0977586880326271,0.1508857607841491,-0.0720278620719909,0.000728219631128,-0.1273055225610733,-0.4665748476982116,0.1477988362312317,0.1183561161160469,-0.2236010134220123,-0.0892330631613731,-0.1169943287968635,-0.015611907467246,-0.1685844808816909,0.2584961652755737,0.0425057336688041,0.0282864775508642,0.0875430703163147,0.155229315161705,0.1407471597194671,0.2386004775762558,0.3562567234039306,0.3426661491394043,0.2767371237277984,1
s_000289,이제 나이를 먹고 나니 매사에 자신도 없고 뭔가 불안하기도 하고 원래 이런 건지 나이는 숫자에 불과하다고 하더니 아닌 것 같아 자식들도 왠지 멀어져 보이고 외로움에 슬픔이 앞선다. [SEP] 요즘 이런 저런 걱정으로 고민이 많으신가봐요. [SEP] 나도 젊었을 때는 모든 일에 자신감 있었고 실패하면 또 도전하면 된다는 식으로 매사 적극적이었는데 나이 먹어 가니 용기 점점 사라지는 것 같아서 슬프고 우울하고 힘이 많이 든다. [SEP] 그러시군요. 나이가 들수록 용기가 사라져 힘드시군요. [SEP] 용기가 사라지다 보니 일상생활에도 제한이 있고.  절망적이야. [SEP] 어떻게 하면 다시 용기를 가질 수 있을까요?,E46,Pro_10657,Pro_10657_00025,Pro_10657,-0.0523362904787063,-0.2091301083564758,-0.2758364379405975,-0.280378133058548,0.1365989595651626,0.0823190435767173,-0.1451345980167389,-0.0394748076796531,0.0386793501675128,0.2591623067855835,0.0390638448297977,-0.1691711544990539,-0.1072233021259307,-0.0691898316144943,-0.0933161079883575,0.0314720198512077,-0.0758223012089729,-0.2621677219867706,-0.2067310214042663,0.090309090912342,-0.0347102172672748,0.0367767252027988,-0.0843246951699256,-0.1247839257121086,-0.1045129373669624,-0.0803716853260994,-0.3448113203048706,0.2030254900455474,-0.2404721230268478,0.2280965447425842,-0.276429533958435,-0.0809785351157188,-0.2162404954433441,-0.0579203851521015,0.0785321816802024,0.3624490201473236,0.0443586409091949,0.0945274755358696,-0.1541909128427505,0.0075549092143774,-0.2283213138580322,0.2368799149990081,-0.1344066709280014,-0.0954906567931175,-0.0949954986572265,-0.0475450232625007,0.0964118316769599,-0.0897657349705696,0.0504225715994834,-0.1091265827417373,-0.5226609110832214,0.1356649100780487,0.2157350033521652,-0.3449547588825226,-0.1047976687550544,-0.0488170273602008,0.091723121702671,-0.1852661520242691,0.2687901258468628,0.0245440676808357,-0.0041236979886889,0.2008268535137176,0.1618805527687072,0.140133649110794,0.1676504909992218,0.2953860759735107,0.4603885114192962,0.3310700953006744,1
s_000290,다른 노인들에 비해 내가 능력이 없는 거 같아 나는 기분이 좋지 않아. [SEP] 능력이 없다고 느끼셔서 많이 속상하시군요. [SEP] 다른 노인들은 외부활동도 하고 돈도 버는데 나는 집에서 누워만 있어. [SEP] 나만 아무것도 하고 있지 않은 것 같아 속상하시군요. 앞으로 어떻게 하실 생각이신가요? [SEP] 문화센터에 가서 노인들이 배워서 활용할 수 있는걸 찾아봐야겠어. [SEP] 문화센터 방문이 도움이 되었으면 좋겠어요.,E54,Pro_12465,Pro_12465_00005,Pro_12465,-0.0844371318817138,-0.1683355569839477,-0.2718435227870941,-0.2004928588867187,0.0906195640563964,0.0829233080148696,-0.1599841862916946,-0.0710833445191383,0.0257576629519462,0.2489972561597824,0.000944189436268,-0.2008760571479797,-0.1291063576936721,-0.0167373586446046,-0.0350735038518905,0.0551480315625667,-0.0521091632544994,-0.2842121720314026,-0.2428009957075119,0.0277677904814481,-0.1088627576828002,0.0368200466036796,-0.0957284569740295,-0.1660920530557632,-0.0758207812905311,-0.0629079192876815,-0.3823962211608886,0.2054311335086822,-0.2287179231643676,0.2646507322788238,-0.221669316291809,-0.078562282025814,-0.2427251935005188,-0.1651011705398559,0.0996706560254097,0.374110072851181,0.0626976788043975,0.0656486228108406,-0.1806054264307022,-0.0086702732369303,-0.2235716432332992,0.2541719079017639,-0.1663849204778671,-0.0939787626266479,-0.1153644546866417,-0.0780718550086021,0.1511003673076629,-0.0946866273880004,-0.004389417823404,-0.1274378597736358,-0.5325146913528442,0.1658573299646377,0.1603807806968689,-0.2865169048309326,-0.1572425663471222,-0.1438840329647064,0.0501529611647129,-0.1719808727502823,0.279787003993988,0.0320669971406459,0.0180966798216104,0.1084857732057571,0.1484525352716446,0.1479156762361526,0.2735817730426788,0.3226626217365265,0.4081500172615051,0.3525322675704956,1
s_000291,부모님께서 분주하셔서 나는 짐이 되어드리지 않기 위해 항상 웃어. 이제는 지쳐. [SEP] 부모님을 힘들지 않게 하려 하셨군요. 매우 힘드셨겠어요. [SEP] 나도 부모님께 내 걱정거리를 털어놓고 싶어. [SEP] 언젠가 반드시 그렇게 될 거예요. 응원할게요.,E46,Pro_01657,Pro_01657_00015,Pro_01657,-0.1030764281749725,-0.151442140340805,-0.2853099405765533,-0.2784949243068695,0.1068313047289848,0.0832471996545791,-0.1071697995066642,-0.0348063744604587,0.0230582207441329,0.2687930762767792,0.0641291588544845,-0.1564811468124389,-0.1147502288222312,-0.0194766167551279,-0.0284026730805635,0.0315750837326049,-0.0248285830020904,-0.2697945535182953,-0.2196880131959915,0.0521754249930381,-0.0865574702620506,0.0724719762802124,-0.0928410142660141,-0.0756440982222557,-0.0099842175841331,-0.0143535155802965,-0.3877498805522918,0.2614356577396393,-0.1915913373231887,0.2161724269390106,-0.2382788658142089,-0.1224936693906784,-0.2316802591085434,-0.1294522285461425,0.1017674878239631,0.3888227045536041,-0.0138781415298581,0.0864359736442565,-0.1810266673564911,0.0014052083715796,-0.2537556290626526,0.2243949174880981,-0.1804661452770233,-0.1652315855026245,-0.1141187623143196,-0.0932830199599266,0.1492414772510528,-0.0713029950857162,0.0029178904369473,-0.1327319294214248,-0.5390821695327759,0.1888381987810135,0.2041812986135482,-0.2858162820339203,-0.0649709403514862,-0.1123958379030227,0.0526245534420013,-0.211214542388916,0.2653827965259552,0.0114670721814036,0.0367437452077865,0.1464496999979019,0.1702624410390854,0.1799635887145996,0.1887890398502349,0.3977707624435425,0.3956302106380462,0.3711119890213012,1
s_000292,열심히 일해도 돈은 모이지 않고 계속 가난해지는 것 같아서 힘들고 속상해. [SEP] 경제문제 때문에 많이 힘드시군요. [SEP] 젊었을 때 공부를 더 열심히 해야 했는데 이제 와서 이렇게 후회하는 나 자신이 싫어. [SEP] 지금의 상황에서 할 수 있는 게 어떤 것이 있을까요? [SEP] 직업상담을 해보고 여러 가지 방법을 좀 찾아야겠어. [SEP] 상담을 통해 이 상황을 잘 극복하시길 바라요.,E59,Pro_08750,Pro_08750_00013,Pro_08750,-0.0637885257601738,-0.1955510526895523,-0.2850200533866882,-0.2480657249689102,0.1240644678473472,0.0826640129089355,-0.1794356703758239,-0.0614567697048187,0.0334650129079818,0.2740386724472046,0.0164502691477537,-0.1992215067148208,-0.1403087377548217,-0.0332844443619251,-0.0659995228052139,0.0398868322372436,-0.0776683762669563,-0.2963214218616485,-0.2509433329105377,0.0621441230177879,-0.080969400703907,0.0278134029358625,-0.1009270772337913,-0.1706898361444473,-0.1034882888197898,-0.0730379223823547,-0.3904336988925934,0.2130679339170456,-0.2520680129528045,0.2713339626789093,-0.2544670403003692,-0.0759225487709045,-0.2476153522729873,-0.1255068331956863,0.0997119769454002,0.3979338407516479,0.0698946863412857,0.0658063143491745,-0.1909218728542328,-0.0015886934706941,-0.2560292184352875,0.2726562321186065,-0.160461887717247,-0.0915868282318115,-0.1171863377094268,-0.0621293820440769,0.137081429362297,-0.1050262153148651,0.0165960267186164,-0.126220166683197,-0.5688244104385376,0.1650220304727554,0.2041479051113128,-0.3404213190078735,-0.1656509935855865,-0.1218085587024688,0.0938868522644043,-0.186074748635292,0.2934060096740722,0.0252457968890666,0.0048021343536674,0.157854825258255,0.1575719714164734,0.1541840583086013,0.2528088092803955,0.3167212009429931,0.4686487913131714,0.3840960264205932,1
s_000293,회사 사람들이 내가 안 씻은 걸 알고 나를 쳐다보는 것 같더라고 너무 민망했어. [SEP] 안 씻고 출근해서 회사 사람들 시선이 의식되었나 보네요. [SEP] 내가 평소에는 잘 씻고 다니는데 오늘은 늦어서 그냥 나갔거든. [SEP] 앞으로 못씻게 되는 일이 발생하면 어떻게 하면 될까요? [SEP] 간단한 세면도구를 회사에 갖다 두고 시간날 때 씻을 수 있게 준비해야겠어. [SEP] 간단한 세면도구를 구비해 두려고 하시는군요.,E52,Pro_03583,Pro_03583_00062,Pro_03583,-0.1193219274282455,-0.174157440662384,-0.2564705908298492,-0.1860749870538711,0.0608869567513465,0.1108068600296974,-0.1103558987379074,-0.0716173946857452,0.0259342789649963,0.2246991842985153,0.0198384951800107,-0.1892231851816177,-0.0893307700753212,-0.0216806530952453,-0.0126947108656167,0.0927994474768638,-0.0267824698239564,-0.269829660654068,-0.2006916403770446,-0.0089213792234659,-0.1113457977771759,0.0653097331523895,-0.0653716921806335,-0.1344501376152038,-0.0371165871620178,-0.0593866482377052,-0.3643196523189544,0.2071304768323898,-0.2039656639099121,0.2331869751214981,-0.2270942479372024,-0.1128292605280876,-0.2365975975990295,-0.1778537929058075,0.0900552049279213,0.3334764540195465,0.0209890510886907,0.1031847670674324,-0.14630126953125,-0.0231593213975429,-0.1843080073595047,0.2042906135320663,-0.1757436394691467,-0.1272389888763427,-0.0885581523180008,-0.0986908376216888,0.153198555111885,-0.0755707770586013,0.0061605242080986,-0.1303504705429077,-0.4728498160839081,0.1432170867919922,0.1167249605059623,-0.2281553000211715,-0.0928722992539405,-0.1146617978811264,-0.0186686664819717,-0.1702727228403091,0.2661413550376892,0.0464075431227684,0.0243093091994524,0.0915288627147674,0.1598002463579177,0.1403588205575943,0.2447981238365173,0.3630432784557342,0.3542295098304748,0.2725490629673004,1
s_000294,내가 폐암을 앓고 있는데 의사가 폐를 절제해야 된대. 너무 우울해. [SEP] 폐를 절제해야 된다니 정말 우울하시겠어요. [SEP] 폐를 절제하는 큰 수술이라 그런지 너무 슬퍼. [SEP] 큰 수술을 앞두고 많이 불안하시군요. 어떤 것이 슬픔을 덜 느끼는데 도움이 될까요? [SEP] 그래도 나를 위해서 하는 거니까 수술 후 회복에 좀 더 집중을 해야겠어. [SEP] 치료를 통해 좋은 결과가 있기를 바라요.,E24,Pro_10575,Pro_10575_00010,Pro_10575,-0.0269169732928276,-0.2422552704811096,-0.2785397469997406,-0.2968318462371826,0.1596783250570297,0.0839310437440872,-0.1705740392208099,-0.0401227325201034,0.0476422123610973,0.2675618529319763,0.0344545021653175,-0.1770093888044357,-0.1115988418459892,-0.0913259610533714,-0.1272382140159607,0.028309840708971,-0.1060739159584045,-0.269016832113266,-0.2090937048196792,0.1142959371209144,-0.0082502262666821,0.0192630775272846,-0.0836850330233573,-0.1506435722112655,-0.1510468423366546,-0.1094900593161583,-0.3371274471282959,0.1849235296249389,-0.2700823843479156,0.2401386052370071,-0.3031694889068603,-0.0651198774576187,-0.216754749417305,-0.0218758303672075,0.0718773379921913,0.3657902181148529,0.071300059556961,0.0962298437952995,-0.1515002250671386,0.0108532775193452,-0.234869122505188,0.2522449493408203,-0.1179714575409889,-0.0685555562376976,-0.0896904990077018,-0.025740073993802,0.0751369148492813,-0.1027232110500335,0.0745170414447784,-0.1020330339670181,-0.5366265773773193,0.1169193834066391,0.2355304658412933,-0.3868877291679382,-0.128748133778572,-0.0220382250845432,0.1226519122719764,-0.1815983951091766,0.2792452573776245,0.0276398640125989,-0.0246001277118921,0.2366607338190078,0.1630237400531768,0.1288763880729675,0.1602700799703598,0.2585586607456207,0.5114083290100098,0.3321993947029114,1
s_000295,윗집에서 너무 쿵쿵거려서 스트레스받아. 아침이나 낮에는 괜찮은데 잠자는 밤에도 그래서 매우 스트레스받아. [SEP] 층간 소음 때문에 스트레스받으셨겠어요. 윗집에 얘기해 보셨나요? [SEP] 윗집에 얘기했는데 며칠간은 조용하더니 다시 원점으로 돌아갔어. [SEP] 말을 해도 안 지켜지니 얼마나 스트레스받으셨겠어요. [SEP] 어제 얘기를 했는데 혼자 애들 셋을 키우고 있는데 감당이 안 된다고 조심히 하겠다고 미안해하더라. 윗집 주인은 좋은 분이시더라. [SEP] 그런 일이 있으셨군요. 그래도 윗집 이웃이 좋은 사람이라고 생각하시나 봐요.,E32,Pro_05123,Pro_05123_00061,Pro_05123,-0.0653421506285667,-0.1537020206451416,-0.2942505776882171,-0.288877934217453,0.1347725689411163,0.0583591684699058,-0.1500942260026931,-0.0335606038570404,0.0250440146774053,0.2830488085746765,0.0442905165255069,-0.1652896255254745,-0.1427846699953079,-0.0254822857677936,-0.0579356215894222,-0.0008945723529905,-0.0517167709767818,-0.2752913534641266,-0.2478699088096618,0.0895450115203857,-0.0739063173532486,0.0439579114317894,-0.1153569817543029,-0.1053157970309257,-0.0558373034000396,-0.0276641268283128,-0.3899463415145874,0.2484579980373382,-0.2167582660913467,0.2396600842475891,-0.2381639182567596,-0.0866316854953765,-0.2299771904945373,-0.1033310741186142,0.1038229614496231,0.411541610956192,0.0281147174537181,0.0581814423203468,-0.2007122337818145,0.0154084544628858,-0.2755921185016632,0.2630183696746826,-0.1623381972312927,-0.125799760222435,-0.1315556913614273,-0.0680008381605148,0.1356684863567352,-0.0878152102231979,0.0027478099800646,-0.1243665665388107,-0.5746113657951355,0.1965396404266357,0.239112839102745,-0.3385097682476043,-0.1196064427495002,-0.1218485608696937,0.113139308989048,-0.2065938413143158,0.2729963958263397,0.0017061999533325,0.0253482572734355,0.1689444482326507,0.1582657098770141,0.1776071786880493,0.2027121782302856,0.3437662720680237,0.4444806575775146,0.4243194460868835,1
s_000296,아내가 이혼하자고 해. [SEP] 이혼 요구가 무척이나 당황스러우신 걸까요? [SEP] 내가 가부장적인 사람이라 내 맘대로 하고 살았는데 황혼 이혼이 내 얘기가 될 줄은 몰랐어. [SEP] 부인께서 이혼을 요구할거라고는 생각하지 못하셨군요. 이혼에 응하실 생각이신가요? [SEP] 나는 혼자는 못 살아. 내가 그동안 못 해준 것이 많아서 미안한 마음도 있고 다시 한번 잘해보고 싶어. [SEP] 이혼을 하기 싫으시다면 부부관계 개선을 위해서 노력하고 계신 일이 있나요?,E48,Pro_09819,Pro_09819_00018,Pro_09819,-0.0833344236016273,-0.2066186815500259,-0.2696470320224762,-0.2406712174415588,0.1053925156593322,0.1030235514044761,-0.1384105533361435,-0.0585780218243598,0.0357494466006755,0.2499872595071792,0.0309559721499681,-0.1858591139316558,-0.1023365706205368,-0.048565849661827,-0.0598680637776851,0.0671960562467575,-0.0621154978871345,-0.2767215967178345,-0.208623394370079,0.0424237810075283,-0.0697829127311706,0.047500230371952,-0.0737237259745597,-0.1427730619907379,-0.0834105983376503,-0.0784135237336158,-0.3621752858161926,0.2049680054187774,-0.2349550127983093,0.2398917078971862,-0.2644062340259552,-0.0978320688009262,-0.2343852669000625,-0.1164540871977806,0.0855896398425102,0.3560898303985595,0.0396869778633117,0.1003527715802192,-0.1541404873132705,-0.0102522987872362,-0.2160259187221527,0.2285414189100265,-0.1572994142770767,-0.1093281060457229,-0.0905172899365425,-0.0705900937318801,0.1254633516073227,-0.0889115557074546,0.0349163487553596,-0.1222490295767784,-0.5124222636222839,0.136311188340187,0.1724990010261535,-0.3019913136959076,-0.1092604026198387,-0.0797412991523742,0.0435383133590221,-0.1805160641670227,0.2774367332458496,0.0376961007714271,0.0041221184656023,0.1564678996801376,0.165069580078125,0.1406761854887008,0.213150143623352,0.3310604393482208,0.4291177690029144,0.3068762123584747,1
s_000297,영어 듣기 평가에서 오늘은 좋은 점수를 받아서 뿌듯해. [SEP] 듣기 평가에서 좋은 점수를 잘 받아서 뿌듯하시군요. 어떻게 좋은 점수를 받으셨나요? [SEP] 평소에 끝까지 집중하지 못했는데 오늘은 듣기 평가 끝날 때까지 집중을 했어. [SEP] 끝까지 집중하셨다니 멋지시네요! 집중할 수 있었던 비결이 있나요? [SEP] 이전엔 듣기 평가 중간 중간에 자꾸 딴 생각이 들었는데 오늘은 영어 듣기만 생각했어. [SEP] 다음 듣기 평가에도 오늘처럼 끝까지 집중하셔서 좋은 점수를 받으시길 바라요.,E64,Pro_01795,Pro_01795_00013,Pro_01795,-0.1541686654090881,-0.1870880126953125,-0.2491249591112136,-0.090028315782547,0.0131785674020648,0.1443964689970016,-0.1467425972223281,-0.1232180520892143,0.0244947001338005,0.2170577496290207,-0.024764934554696,-0.2469178289175033,-0.1051466017961502,0.017606159672141,0.0332491546869277,0.1575904935598373,-0.0309151150286197,-0.3177313506603241,-0.2342623174190521,-0.0923663675785064,-0.1804728507995605,0.0578524656593799,-0.0575069151818752,-0.2249756455421447,-0.0481326207518577,-0.0826317965984344,-0.4084042906761169,0.1893150955438614,-0.2286934703588485,0.2936307787895202,-0.2072638124227523,-0.1157345995306968,-0.2840193808078766,-0.2892223298549652,0.1076860502362251,0.3398227095603943,0.0632965415716171,0.0929900184273719,-0.1635239124298095,-0.0569349564611911,-0.1743502020835876,0.226926177740097,-0.2115362733602523,-0.1120550781488418,-0.0901776775717735,-0.1257892400026321,0.2074236422777176,-0.0959580764174461,-0.0240095667541027,-0.1542501151561737,-0.4883480966091156,0.1422230005264282,0.0391731411218643,-0.1794713586568832,-0.1701868772506714,-0.1931919604539871,-0.0769527703523635,-0.1500144898891449,0.3022742867469787,0.0750123038887977,0.0250762645155191,0.0072108381427824,0.1572864651679992,0.1330768465995788,0.3798604011535644,0.3887307643890381,0.3415620923042297,0.2568928003311157,1
s_000298,내가 왜 이 여자랑 결혼을 해서 이렇게 스트레스를 받는 걸까 너무 짜증이 난다. [SEP] 아내랑 결혼하신 거에 대해 스트레스를 많이 받고 계시는군요. [SEP] 내가 선택해서 결혼했지만 너무 후회스러워. 이혼하고 싶어. [SEP] 후회되는 마음이 너무 크신가 봐요. 이혼하는 것이 이 문제를 해결하는 가장 좋은 방법일까요? [SEP] 일단 아내랑 대화를 해서 문제에 대해 논해보고 안되면 이혼할 거야. [SEP] 아내와 충분한 대화를 통해 결정을 해서 후회되는 마음이 사라졌으면 좋겠어요.,E12,Pro_07023,Pro_07023_00003,Pro_07023,0.3415004312992096,0.9836856722831726,0.5193445682525635,0.9998669028282166,0.9903242588043212,0.9988559484481812,-0.6630329489707947,-0.9036742448806764,0.3458131551742553,0.796104907989502,0.9786354899406432,-0.6361508965492249,0.9999961853027344,-0.9842678308486938,0.9965222477912904,0.9681477546691896,-0.9997825026512146,0.9542875289916992,0.9998685717582704,-0.7152576446533203,0.9343824982643129,-0.6749309301376343,-0.9562878012657166,-0.9999421238899232,0.5174742937088013,-0.9968801140785216,0.0199005994945764,0.9797129034996032,-0.9531779885292052,-0.9996328353881836,-0.9971709251403807,0.9999656677246094,-0.9977308511734008,0.5490171313285828,-0.8632080554962158,0.9999816417694092,0.9999682307243348,0.9958174228668212,0.9421883821487428,0.1871992200613021,-0.1641809195280075,-0.7536344528198242,-0.927794635295868,0.6169347763061523,0.9812650680541992,-0.9880865216255188,0.9252548217773438,-0.9547404050827026,0.9939805269241332,-0.9759669303894044,0.3908625543117523,0.8444347977638245,0.9509021043777466,0.8548750877380371,-0.9831066131591796,-0.7750555276870728,0.5476381778717041,0.9971454739570618,-0.9311550259590148,-0.99179208278656,-0.9912792444229126,-0.9996187686920166,-0.1558742076158523,0.7233591079711914,0.2794140577316284,0.2614040970802307,0.5710358619689941,0.3483346700668335,2
s_000299,요즘 보이스피싱이 많아져서 두렵네. [SEP] 보이스피싱 때문에 짜증이 나시겠어요. [SEP] 맞아. 노인이 만만한지 노인을 대상으로 한다네. [SEP] 그렇군요. 그럼 보이스피싱을 당하지 않기 위해 어떤 방법이 있을까요? [SEP] 모르는 번호는 무조건 안 받으려고 해. [SEP] 보이스피싱을 피하기 위해 모르는 전화번호는 피하려고 하시는군요.,E13,Pro_12424,Pro_12424_00028,Pro_12424,0.0067612370476126,-0.2437109947204589,-0.2874897420406341,-0.3470785319805145,0.1963517367839813,0.0603903196752071,-0.1751046627759933,-0.0156118813902139,0.0507114045321941,0.2809419333934784,0.0490902625024318,-0.1549615114927292,-0.1173913925886154,-0.1138540059328079,-0.1637501120567321,-0.0146165685728192,-0.1197254508733749,-0.2527429461479187,-0.2067366391420364,0.169824868440628,0.0326868444681167,0.0098294951021671,-0.0962158814072609,-0.1237427219748497,-0.1692522168159485,-0.1071787625551223,-0.3196383714675903,0.1886640191078186,-0.2739194929599762,0.2240784466266632,-0.3179516196250915,-0.0497756637632846,-0.1963193118572235,0.046851996332407,0.064886562526226,0.3763780295848846,0.0706355348229408,0.0904306545853614,-0.1533314287662506,0.0318255573511123,-0.2534444034099579,0.2607296109199524,-0.0939447730779647,-0.0592944882810115,-0.0955806672573089,-0.0010835132561624,0.0429323390126228,-0.1023831441998481,0.0919355750083923,-0.0882182568311691,-0.5512108206748962,0.1195178106427192,0.2876569330692291,-0.4332779347896576,-0.117708683013916,0.0139032136648893,0.1777994483709335,-0.1910713762044906,0.2694299817085266,0.0106206471100449,-0.0322068929672241,0.2880627512931824,0.1615166068077087,0.1320153623819351,0.1034892350435257,0.2257883101701736,0.5476614832878113,0.364326149225235,1
s_000300,우리 팀에 새로운 팀장님이 오셨어. [SEP] 새로운 팀장님이 오셔서 어떠신가요? [SEP] 인성이 바른 사람 같아서 좋고 믿음직스러워. [SEP] 좋은 분이 팀장님으로 오셔서 기쁘겠어요. [SEP] 맞아. 회사를 그만두고 싶었는데 믿고 의지할 수 있는 팀장님이 계셔서 계속 다닐 수 있을 것 같아. [SEP] 퇴사 생각을 접을 만큼 팀장님을 많이 신뢰하고 있군요.,E62,Pro_05393,Pro_05393_00023,Pro_05393,-0.2000372558832168,-0.17743681371212,-0.2491920739412307,-0.0781737938523292,-0.0170272607356309,0.1703947186470031,-0.1159563362598419,-0.1301758140325546,0.0198733750730752,0.2175749391317367,-0.0045274184085428,-0.2479729503393173,-0.0943692103028297,0.0427650064229965,0.0777117237448692,0.1898796260356903,-0.0025034719146788,-0.3312423825263977,-0.2281353026628494,-0.1395392715930938,-0.2127821296453476,0.0873360708355903,-0.0437482148408889,-0.2075258046388626,0.0082416571676731,-0.0574789382517337,-0.4340856969356537,0.2199900597333908,-0.2063097357749939,0.2879303693771362,-0.2012214809656143,-0.1573140919208526,-0.3027614951133728,-0.3406817317008972,0.1185007989406585,0.3424730002880096,0.0224339440464973,0.109063796699047,-0.1660806536674499,-0.0744675770401954,-0.1771856546401977,0.2049334496259689,-0.246870681643486,-0.1631412506103515,-0.0849936231970787,-0.161079540848732,0.2425998300313949,-0.0851856544613838,-0.0399916805326938,-0.1738156378269195,-0.4835079610347748,0.1553405523300171,0.0069411410950124,-0.1240727305412292,-0.1353718638420105,-0.217580571770668,-0.1329688727855682,-0.1641151458024978,0.3083974421024322,0.0813052207231521,0.0437699519097805,-0.0303693581372499,0.172293558716774,0.1503187417984008,0.3990399241447449,0.4703992307186126,0.3010782599449157,0.2398831248283386,1
s_000301,남편이 하늘나라로 가고 나 혼잔데 몸이 안 좋다 보니 생활하기가 어려워서 막 짜증이 나. [SEP] 생활의 어려움으로 스트레스가 많으시겠어요. [SEP] 많지. 둘이 있을 때는 남편이 도와주기도 하고 힘든 일 있으면 의지하곤 했는데. [SEP] 지금 상황을 좋게 만들 수 있는 방법이 있을까요? [SEP] 날 도와줄 수 있는 사람을 찾아봐야겠어. [SEP] 좋은 인연을 만나 상황이 잘 해결되셨으면 좋겠어요.,E39,Pro_08610,Pro_08610_00013,Pro_08610,-0.0918854922056198,-0.2697805762290954,-0.2856493294239044,-0.2442450821399688,0.1158102825284004,0.1444716453552246,-0.1926024109125137,-0.0883276462554931,0.0487385094165802,0.2871281504631042,0.0290842484682798,-0.2329979240894317,-0.1279154270887375,-0.0415484607219696,-0.0653055012226104,0.1116406023502349,-0.1048971787095069,-0.3429697751998901,-0.2447173744440078,0.0164984464645385,-0.0857669785618782,0.0351422354578971,-0.0673964023590087,-0.2236728370189666,-0.128132551908493,-0.1136293411254882,-0.4191856682300567,0.210294559597969,-0.2926564812660217,0.2998273074626922,-0.3098856508731842,-0.1111855655908584,-0.2894929945468902,-0.1575683355331421,0.1017495989799499,0.4005890190601349,0.0750372856855392,0.1028719246387481,-0.183099165558815,-0.0337921828031539,-0.2631097733974457,0.2702617645263672,-0.1877467930316925,-0.1083270534873008,-0.0886083096265792,-0.0757226273417472,0.1554960012435913,-0.1214005798101425,0.0479490421712398,-0.1462120711803436,-0.5837089419364929,0.1312836557626724,0.1743067950010299,-0.3436035513877868,-0.1749929785728454,-0.1069366261363029,0.0504526831209659,-0.1923101246356964,0.3345940709114074,0.0547949634492397,-0.0162964835762977,0.1669877767562866,0.1860788762569427,0.1481585055589676,0.2926012873649597,0.3678448796272278,0.5168012976646423,0.3336783349514007,1
s_000302,아빠가 자꾸 내 연애에 간섭해서 짜증 난다. [SEP] 아버지의 연애에 대한 지나친 관심에 짜증난 상황이시군요. 앞으로 어떻게 하실 건가요? [SEP] 앞으로 아빠 몰래 연애해야겠어. 너무 피곤해. [SEP] 몰래 연해하는 것으로 지나친 아버지의 관심으로부터 벗어나려고 하시는 군요.,E48,Pro_01659,Pro_01659_00011,Pro_01659,-0.0253291688859462,-0.1981519162654876,-0.2895833253860473,-0.3086641728878021,0.1643959283828735,0.0564581677317619,-0.1703445166349411,-0.0285614244639873,0.0375837758183479,0.2797127664089203,0.0374163575470447,-0.1652630418539047,-0.1336993724107742,-0.0685193613171577,-0.1120766848325729,-0.0080484291538596,-0.0888275802135467,-0.2649339139461517,-0.232111781835556,0.1288051456212997,-0.0240094102919101,0.0213377196341753,-0.1082615852355957,-0.1254612952470779,-0.121102325618267,-0.0721827894449234,-0.3545399010181427,0.2117473036050796,-0.2493707835674286,0.2383205890655517,-0.2739763259887695,-0.0604787282645702,-0.2136459946632385,-0.0325963981449604,0.084553487598896,0.3934647142887115,0.0602234303951263,0.0690940544009208,-0.1786020249128341,0.0236794184893369,-0.2616626918315887,0.2672534883022308,-0.1256369203329086,-0.0820768624544143,-0.1156932190060615,-0.0319094285368919,0.0896095335483551,-0.0981001630425453,0.0446285270154476,-0.1050958037376403,-0.5634374618530273,0.1574467122554779,0.2598921656608581,-0.3879058957099914,-0.1323116421699524,-0.0605573914945125,0.1483016908168792,-0.1936468183994293,0.272141546010971,0.0074256896041333,-0.0050364565104246,0.2240523546934127,0.1557432860136032,0.1513599306344986,0.1643390357494354,0.2727623581886291,0.4971189498901367,0.3962278962135315,1
s_000303,평생 옥이야 금이야 키워온 내 자식들이지만 다 크고 나면 나 몰라라 할까 내심 불안해지네. [SEP] 아이들 때문에 걱정하고 계시는군요. [SEP] 나 때문에 아이들이 자립심이 부족하고 이기적인 성향을 가지게 된 것 같아. [SEP] 부모로서의 역할에 대한 불안감이 있으시군요. [SEP] 아빠인 내가 좀 더 집안의 기강을 잡아두고 경제 관념 교육을 잘 시켰어야 하는데 아쉽구먼. [SEP] 아이들의 태도 때문에 힘들어하시는 것 같아요.,E30,Pro_08721,Pro_08721_00033,Pro_08721,-0.0343760587275028,-0.1765716522932052,-0.2864925861358642,-0.3033853769302368,0.1544007658958435,0.0504669323563575,-0.1519500613212585,-0.0235761106014251,0.0324284695088863,0.2716614603996277,0.0407808609306812,-0.1548186987638473,-0.1278848499059677,-0.0613274313509464,-0.0983281508088111,-0.0129785565659403,-0.0709219574928283,-0.2526160180568695,-0.2254121452569961,0.1234410852193832,-0.0312705598771572,0.0305348113179206,-0.1089522913098335,-0.1024607419967651,-0.095960646867752,-0.0555295385420322,-0.3492285311222076,0.2187700122594833,-0.2293289899826049,0.2242208570241928,-0.2579728662967682,-0.0657759681344032,-0.2054641544818878,-0.0397816635668277,0.0847481340169906,0.3860644102096557,0.04346863925457,0.0689351111650466,-0.175274521112442,0.0256803352385759,-0.2530185580253601,0.2548240423202514,-0.1279188245534896,-0.0939506441354751,-0.11758354306221,-0.0398445129394531,0.0933661982417106,-0.0881842300295829,0.0341253615915775,-0.1045799031853675,-0.5483216047286987,0.1651982069015503,0.2527141571044922,-0.3663930594921112,-0.1119459792971611,-0.0658335983753204,0.1352364867925644,-0.1941146701574325,0.2598191797733307,0.0037204341497272,0.0057842722162604,0.2098038494586944,0.152971938252449,0.155020609498024,0.1543475687503814,0.2833169102668762,0.465337336063385,0.3915792107582092,1
s_000304,부모님은 아프시고 애들은 어리고 택배 일로는 버티기가 어려워 눈물이 나. [SEP] 가장 역할에 부담이 커서 힘드시겠어요. [SEP] 내가 대학을 졸업했다면 조금 더 높은 연봉을 받으면서 모두를 돌볼 수 있었겠지. [SEP] 지금 상황에서 할 수 있는 게 어떤 것이 있을까요? [SEP] 야간 대학원에 진학해서 학위를 취득하면 정규직으로 취직할 수 있을 것 같아. [SEP] 열심히 공부해서 지금 상황을 잘 극복하기 바라요.,E27,Pro_07038,Pro_07038_00020,Pro_07038,-0.0523403249680995,-0.2241873890161514,-0.2846107184886932,-0.2552849650382995,0.1350958794355392,0.091291956603527,-0.1926631927490234,-0.0647200345993042,0.0406225696206092,0.2770182490348816,0.0147641822695732,-0.2064431607723236,-0.1378980129957199,-0.0494060255587101,-0.0864439904689788,0.0478284657001495,-0.0975206196308136,-0.3025647699832916,-0.2475442737340927,0.0702545270323753,-0.0644078403711319,0.0190245062112808,-0.0946097895503044,-0.1899612843990326,-0.1336548179388046,-0.0963170900940895,-0.3849646151065826,0.1993486136198043,-0.272656500339508,0.2786098718643188,-0.276680439710617,-0.0705848187208175,-0.2502614557743072,-0.1061402261257171,0.0941017866134643,0.3950057029724121,0.085318237543106,0.0735139101743698,-0.1843508630990982,-0.0035503394901752,-0.2552489936351776,0.277439147233963,-0.1520176231861114,-0.0766593441367149,-0.1084446758031845,-0.0504652597010135,0.1243570744991302,-0.1131002604961395,0.036104567348957,-0.1229702308773994,-0.5717498064041138,0.1467868983745575,0.2091889232397079,-0.3624979555606842,-0.1767745465040207,-0.1001344919204711,0.1034268587827682,-0.1827005743980407,0.3018031418323517,0.0316327176988124,-0.0101641900837421,0.1800570338964462,0.1610258370637893,0.1443754732608795,0.2491630613803863,0.2981198132038116,0.4998977780342102,0.3710569739341736,1
s_000305,늙으니 돈도 없어서 이혼하고 싶어. [SEP] 이혼을 원하고 계시는군요. [SEP] 몸도 아프니 누구랑 같이 살고 싶지가 않아. 혼자 편하게 살고 싶어. [SEP] 혼자 지내는 게 편하실 것 같으신가요? [SEP] 누구랑 같이 있으면 신경쓰느라 안절부절 하게 되니까 점점 지치게 되더라고. [SEP] 그래서 이혼했으면 하시는군요.,E34,Pro_11305,Pro_11305_00026,Pro_11305,-0.0665633976459503,-0.1933876723051071,-0.2740652561187744,-0.2755052745342254,0.1250504106283188,0.0830497294664383,-0.1277011930942535,-0.0373210906982421,0.0344942174851894,0.2543531954288482,0.0451413355767726,-0.1624808013439178,-0.101763479411602,-0.0599446706473827,-0.0764950811862945,0.033872902393341,-0.0591544359922409,-0.2568443417549133,-0.2014771252870559,0.0786376819014549,-0.0453524179756641,0.0480612814426422,-0.0825337469577789,-0.1063924729824066,-0.0779803544282913,-0.064786821603775,-0.3465960621833801,0.2134980112314224,-0.2234409898519516,0.2178792357444763,-0.2651249468326568,-0.0920186266303062,-0.2145377993583679,-0.0725826174020767,0.0807479098439216,0.3584980070590973,0.0259825550019741,0.0971459224820137,-0.1528181731700897,0.0058273309841752,-0.2237136214971542,0.2250259965658188,-0.1425547003746032,-0.112668402493,-0.0955153182148933,-0.0591180101037025,0.1054957956075668,-0.0814261361956596,0.0406867377460002,-0.1124270111322403,-0.5120677947998047,0.1434536576271057,0.2060380280017852,-0.3218865692615509,-0.085159882903099,-0.0569352358579635,0.0735591948032379,-0.1883771568536758,0.2620254158973694,0.0230506472289562,0.0063294409774243,0.1853219717741012,0.1628719121217727,0.14591945707798,0.1644487828016281,0.3171982169151306,0.4329257011413574,0.3258229494094848,1
s_000306,나만 새된 것 같아. 정말 짜증나. 이직하려고 사표를 냈는데 결국 이직을 못하게 됐어. [SEP] 무슨 일인 지 조금 더 자세히 말씀해주시겠어요? [SEP] 경쟁사에서 스카웃이 와서 이직하려고 사표를 냈는데 경쟁사의 사정으로 이직을 못 하게 됐어. [SEP] 정말 난감한 상황이네요. 어떻게 하실 계획이세요? [SEP] 우선 팀장님께 사표를 취소해달라고 해 볼 생각인데 잘 될 지 모르겠어 걱정돼. [SEP] 팀장님께 사표를 취소해달라고 해 볼 생각인데 잘 될 지 몰라 걱정이군요.,E42,Pro_08973,Pro_08973_00002,Pro_08973,-0.061954878270626,-0.2371108084917068,-0.2717933654785156,-0.2545764744281769,0.1251533329486847,0.1058224961161613,-0.1608636975288391,-0.0599263161420822,0.043870210647583,0.2572448849678039,0.0268601812422275,-0.1935243010520935,-0.1056920289993286,-0.0680866912007331,-0.0894693881273269,0.0662999078631401,-0.0890474095940589,-0.28352952003479,-0.2103811800479889,0.0621348246932029,-0.0470788441598415,0.0323636047542095,-0.0722985789179802,-0.1666125208139419,-0.1248138546943664,-0.1048967763781547,-0.3559481203556061,0.1887499243021011,-0.2616949677467346,0.2509720623493194,-0.2888648509979248,-0.0846802294254303,-0.2356659770011901,-0.0863148942589759,0.0797408148646354,0.3586169183254242,0.0634970739483833,0.1026896461844444,-0.1513553261756897,-0.0081837736070156,-0.2213464379310608,0.2417532056570053,-0.1435699611902237,-0.0859845355153083,-0.0851349756121635,-0.0519547499716281,0.1074262633919715,-0.1005291566252708,0.0565706714987754,-0.1164520606398582,-0.5245548486709595,0.1189787164330482,0.188822403550148,-0.3394326567649841,-0.13044174015522,-0.0561979673802852,0.0692958161234855,-0.1771231144666671,0.2872873246669769,0.0412232130765914,-0.0142067754641175,0.1880354732275009,0.1665350049734115,0.1304512172937393,0.2078667432069778,0.2997155487537384,0.4741179645061493,0.3060990571975708,1
s_000307,동생이 아직도 집에 안 들어왔어. 무슨 일 생긴 걸까. [SEP] 동생이 늦게까지 들어오지 않아 걱정되는군요. [SEP] 한 번도 이런 적 없었는데 무슨 일일까. [SEP] 일단 계속 연락해보는 건 어떨까요? [SEP] 연락하는데도 안 받아. [SEP] 연락이 닿지 않는군요. 별 문제 없으시길 바랄게요.,E39,Pro_05130,Pro_05130_00020,Pro_05130,-0.0432346500456333,-0.2209353595972061,-0.2799118757247925,-0.30060875415802,0.1503966748714447,0.0822874307632446,-0.149588331580162,-0.0338805429637432,0.0421746894717216,0.2671986222267151,0.046860858798027,-0.1658878028392791,-0.1083627194166183,-0.0789781287312507,-0.1077490299940109,0.0250523090362548,-0.0855969935655593,-0.2636797726154327,-0.2056745588779449,0.1058905869722366,-0.0195591710507869,0.034018587321043,-0.0846601948142051,-0.1226536184549331,-0.1155586019158363,-0.0852871686220169,-0.3434874713420868,0.2046572864055633,-0.2485291063785553,0.2267671823501587,-0.2907857596874237,-0.0802765116095542,-0.2151920050382614,-0.0361007489264011,0.0764727741479873,0.3681545257568359,0.0450593419373035,0.0973245501518249,-0.154567152261734,0.0110466200858354,-0.2379195988178253,0.2406937927007675,-0.1295361220836639,-0.094587355852127,-0.0934887155890464,-0.0399412773549556,0.0870372802019119,-0.0923972502350807,0.0617293007671833,-0.1069937199354171,-0.5324254035949707,0.1322842091321945,0.2330261915922165,-0.3653990030288696,-0.1026170253753662,-0.033229362219572,0.1080865636467933,-0.1903570890426635,0.2717901766300201,0.0220269821584224,-0.0102192740887403,0.2231432795524597,0.1657048463821411,0.1409808546304702,0.1519390046596527,0.290704607963562,0.4828861057758331,0.3377988934516907,1
s_000308,집에 가야되는데 업무 때문에 못가고있어. [SEP] 업무가 지연되셨나요? [SEP] 응. 빨리 가야 되는데 정말 우울해. [SEP] 업무가 지연되어 집에 빨리못가서 우울하시군요.,E24,Pro_08955,Pro_08955_00026,Pro_08955,-0.0368945188820362,-0.2511430084705353,-0.2795594334602356,-0.3100422322750091,0.1595239341259002,0.0953923836350441,-0.1579045951366424,-0.0367599539458751,0.0496145412325859,0.2706938982009887,0.0501303784549236,-0.1719978153705597,-0.1028032898902893,-0.0946970656514167,-0.1251680254936218,0.0373848788440227,-0.1031344160437583,-0.2711616158485412,-0.1989460885524749,0.1101438775658607,-0.0034038627054542,0.029434036463499,-0.0751947313547134,-0.1381206065416336,-0.1399429142475128,-0.106716014444828,-0.3395275473594665,0.1946940422058105,-0.2672401070594787,0.2315762639045715,-0.3153092265129089,-0.0813060998916626,-0.2194856107234954,-0.0186898056417703,0.0710474029183387,0.3644627928733825,0.053956501185894,0.1094464436173439,-0.1463670432567596,0.0070965997874736,-0.2374036163091659,0.2413007915019989,-0.1245035156607627,-0.0869603529572486,-0.0822970643639564,-0.031669408082962,0.0762731358408927,-0.0988645702600479,0.0824939236044883,-0.1056120991706848,-0.5340185165405273,0.1132785975933075,0.2360928952693939,-0.3831861317157745,-0.1060860380530357,-0.0090057533234357,0.1112828180193901,-0.1895316243171692,0.2809294462203979,0.0293776448816061,-0.024156954139471,0.2448203563690185,0.1722661554813385,0.1327777057886123,0.1454111188650131,0.2822521030902862,0.5117266774177551,0.319917619228363,1
s_000309,딸이 나를 보러 오다 사고로 병원에 이송 중이라는 연락을 받았어. [SEP] 딸의 사고 연락을 받아 마음이 슬프겠어요. [SEP] 하필 나를 보러 오다 사고를 당해 더욱더 마음이 아파. [SEP] 딸이 나를 보러오다 사고를 당해 더욱 마음이 좋지 않으시군요. 어떻게 하면 기분이 좀 더 나아지실 수 있을까요? [SEP] 회복 후 딸을 위해 해줄 수 있는 것은 뭐든지 해줘야겠어. [SEP] 딸을 위해 할 수 있는 일을 해주려 하시는군요.,E25,Pro_12196,Pro_12196_00005,Pro_12196,-0.0665220469236373,-0.2126480787992477,-0.2737739384174347,-0.2398363053798675,0.1168653070926666,0.0950455591082573,-0.1642100214958191,-0.0626687854528427,0.0375580824911594,0.2574599385261535,0.0177625138312578,-0.1960039287805557,-0.1174695119261741,-0.0500679276883602,-0.0729959085583686,0.0578478574752807,-0.0782496556639671,-0.284812718629837,-0.2252825200557708,0.0548815764486789,-0.0674366876482963,0.0319137275218963,-0.0834402590990066,-0.1671791672706604,-0.1102297008037567,-0.0895285680890083,-0.367097407579422,0.1958885937929153,-0.2519372403621673,0.257568359375,-0.2659668028354645,-0.0802105441689491,-0.2383838444948196,-0.1111226230859756,0.0876374319195747,0.3685403764247894,0.0654210373759269,0.0866681784391403,-0.1649965196847915,-0.0065390728414058,-0.2269884198904037,0.2503308355808258,-0.150802195072174,-0.0872396603226661,-0.098294012248516,-0.0591796077787876,0.122166134417057,-0.0998463332653045,0.0347806997597217,-0.1200489625334739,-0.5334295630455017,0.138157919049263,0.1848174780607223,-0.3273025155067444,-0.1437584161758422,-0.0886172503232956,0.0699638277292251,-0.1766294091939926,0.2856953144073486,0.0359996370971202,-0.0032430735882371,0.1637562215328216,0.1597539037466049,0.1381363421678543,0.230995774269104,0.3054312765598297,0.4567169547080993,0.3308805823326111,1
s_000310,나 혼자 집에서 밥 먹기가 너무 서럽고 외로워. 그냥 배 채우려고 먹는 거야. [SEP] 혼자 밥 먹는 것이 마음이 쓸쓸하시군요. [SEP] 너무 쓸쓸해. 가끔 그냥 눈물이 나와. [SEP] 좀 더 즐거운 식사를 위한 방법이 있을까요? [SEP] 옆집 할머니 반찬 챙겨주러 가서 같이 먹어야겠네. [SEP] 이렇게 신경 써주는 부모님이 계시니까 가족 분의 피부도 더 좋아질 거예요.,E53,Pro_05144,Pro_05144_00004,Pro_05144,-0.119989238679409,-0.1746238619089126,-0.2574487030506134,-0.1711745411157608,0.0569087602198123,0.1118626520037651,-0.1242915764451026,-0.0805270299315452,0.0254505276679992,0.2267979681491851,0.008743830025196,-0.2010427564382553,-0.0983534753322601,-0.0137745821848511,-0.0078301895409822,0.0979553163051605,-0.0310061536729335,-0.2800776958465576,-0.213232472538948,-0.017855541780591,-0.1234469041228294,0.0595515742897987,-0.0689817667007446,-0.1550676524639129,-0.044676661491394,-0.0636167675256729,-0.3746788799762726,0.203649565577507,-0.2116487026214599,0.2485979497432708,-0.2219529002904892,-0.1076936721801757,-0.2455710768699646,-0.1960061341524124,0.0946398004889488,0.3407469689846039,0.0348983369767665,0.0952123627066612,-0.1546788662672042,-0.0266382209956645,-0.1883323788642883,0.2160006612539291,-0.1804252117872238,-0.119218036532402,-0.0932672768831253,-0.100276842713356,0.1624550521373748,-0.0819228366017341,-0.0012658529449254,-0.1339432746171951,-0.4846586585044861,0.1468681693077087,0.1098440811038017,-0.2283748090267181,-0.1165637522935867,-0.1335196942090988,-0.0182319711893796,-0.1667688935995102,0.2741948664188385,0.0490315183997154,0.0237680822610855,0.078841745853424,0.1572383940219879,0.1402279585599899,0.2729496657848358,0.3608099520206451,0.3594388663768768,0.2824029922485351,1
s_000311,상황이 좋지 않아서 나와 비슷한 여건이거나 못한 수준의 친구만 만나는데 불안하고 초조해. [SEP] 사용자님과 비슷한 수준의 친구를 만나는데 마음이 불안하고 초조하시군요. [SEP] 나보다 못한 수준의 친구를 보며 내 현재 상황을 피하고 있지만 마음은 항상 불안해. [SEP] 불안한 마음을 어떻게 하면 가라앉힐 수 있을까요? [SEP] 현재 내 상황을 피하지 말고 직면하면서 직접 내 문제와 부딪혀볼래. [SEP] 자녀분들과 대화가 잘 되길 바랄게요.,E38,Pro_10889,Pro_10889_00005,Pro_10889,0.6494318246841431,0.9979844689369202,0.998745858669281,0.9999985098838806,0.99943745136261,0.9990538358688354,-0.8998453617095947,-0.8939844965934753,-0.245558351278305,-0.2844881415367126,0.9963754415512084,-0.7766548991203308,0.9999998807907104,-0.957588255405426,0.9984046816825868,0.9982282519340516,-0.9999927878379822,0.687794029712677,0.999998927116394,0.0083627765998244,0.9171878695487976,-0.5795179009437561,-0.9481966495513916,-0.9999952912330629,0.9357298612594604,-0.9992918968200684,0.4698597192764282,0.997732400894165,-0.6543720364570618,-0.9999982714653016,-0.9995482563972472,0.9999991059303284,-0.9987890124320984,0.649651288986206,-0.9961109161376952,0.9999980926513672,0.9999992847442628,0.9998348355293274,0.8255451321601868,0.6279394030570984,-0.3382017910480499,-0.6994838118553162,-0.8855193853378296,0.8606378436088562,0.9919513463974,-0.986613154411316,0.8653018474578857,-0.7680917978286743,0.999460220336914,-0.7591900825500488,0.1643907874822616,0.9523792266845704,0.8965403437614441,0.9682437181472778,-0.9958232641220092,-0.9514585137367249,0.641730010509491,0.9999060034751892,-0.9627912640571594,-0.998369038105011,-0.9980263710021972,-0.999985933303833,-0.4085532128810882,0.9948265552520752,0.2297422736883163,0.2366932034492492,0.6036160588264465,0.3206731081008911,4
s_000312,회사에서 내 생일이라고 축하금 줬어! 용돈 받은 느낌이라 기뻐. [SEP] 생신 축하드려요! 회사에서 생일을 챙겨 줘서 많이 기쁘시겠어요. [SEP] 생일날 일하는 게 달갑지는 않지만 이렇게 챙겨주니 한결 낫더라. 좋은 문화라고 생각해. [SEP] 생일날 일하시기 마음이 내키진 않으시지만 생일을 챙겨주니 한결 낫다고 느끼셨군요. [SEP] 응 그래도 이 정도면 좋은 회사 같아. 앞으로 열심히 다녀 봐야지. [SEP] 좋은 회사라고 느끼셨다니 다행이네요.,E60,Pro_05391,Pro_05391_00038,Pro_05391,-0.1862298548221588,-0.1576211303472519,-0.2375133335590362,-0.023892480880022,-0.0311289932578802,0.1518432348966598,-0.1337111890316009,-0.1427065432071685,0.0151291219517588,0.1949172765016555,-0.0453791953623294,-0.2599900364875793,-0.1010838150978088,0.0486145727336406,0.0798679813742637,0.1845000982284546,-0.002598458668217,-0.3197749555110931,-0.2377954125404358,-0.1458217948675155,-0.2270301282405853,0.0685067996382713,-0.0531328953802585,-0.2355059087276458,-0.013375605456531,-0.0695870593190193,-0.418082594871521,0.1872004121541977,-0.2072725296020507,0.3007567822933197,-0.1674094647169113,-0.1239563897252082,-0.2930620908737182,-0.3546347320079803,0.1153937205672264,0.3246607780456543,0.0592988841235637,0.0883579775691032,-0.163275197148323,-0.0714643821120262,-0.1476642489433288,0.2151031643152237,-0.2312133312225341,-0.1201162934303283,-0.0924537777900695,-0.1518936157226562,0.2391400635242462,-0.0894241407513618,-0.0565390922129154,-0.1642088592052459,-0.4609431326389313,0.1511789262294769,-0.0190956220030784,-0.1089263558387756,-0.1764694303274154,-0.2394004315137863,-0.1323275715112686,-0.13680399954319,0.2986718118190765,0.0852850452065467,0.0427029132843017,-0.0640296787023544,0.1497204601764679,0.1320105046033859,0.4332054853439331,0.4140077829360962,0.277676522731781,0.2336419373750686,1
s_000313,고혈압 진단을 받았어. 건강관리를 못 한 것에 후회가 돼. [SEP] 건강관리에 대한 후회를 느끼셨군요. [SEP] 평생 고혈압약을 먹어야 한다니 나 스스로 죄책감이 들어. [SEP] 죄책감에서 벗어나기 위해 할 수 있는 일에는 무엇이 있을까요? [SEP] 고혈압에 좋은 음식에 대해 검색해볼래. 다시 건강해질 거야. [SEP] 인터넷 검색을 통해 부정적인 감정에서 벗어나시길 바라요.,E59,Pro_08870,Pro_08870_00006,Pro_08870,-0.1437530517578125,-0.1756199598312378,-0.2483902722597122,-0.1034860759973526,0.0211281385272741,0.1306048184633255,-0.1381048709154129,-0.1115621402859687,0.0229264460504055,0.2134260535240173,-0.0209468882530927,-0.2328902930021286,-0.1019336283206939,0.0102184806019067,0.0243051871657371,0.1385252326726913,-0.0267635714262723,-0.3012752532958984,-0.2270086705684662,-0.0728312879800796,-0.1671385765075683,0.057427879422903,-0.0619790181517601,-0.2037589401006698,-0.0451540425419807,-0.0758332163095474,-0.3934234082698822,0.188865065574646,-0.2190316766500473,0.2787292301654815,-0.2025257050991058,-0.1089482977986335,-0.2686698138713836,-0.2653723359107971,0.1027896627783775,0.3339389860630035,0.0570454001426696,0.0909196510910987,-0.1585149317979812,-0.0471042804419994,-0.1701093465089798,0.2214783579111099,-0.1996499896049499,-0.1093112081289291,-0.0920346528291702,-0.1182888895273208,0.1936899572610855,-0.08995171636343,-0.0217666737735271,-0.1461454480886459,-0.4778316617012024,0.1435867249965667,0.0532685369253158,-0.1853837370872497,-0.155679315328598,-0.1791542619466781,-0.0634413287043571,-0.150039330124855,0.2890727519989013,0.0675264373421669,0.0266968142241239,0.0196128822863101,0.1528162956237793,0.1322395354509353,0.3505203425884247,0.3726603984832763,0.3349242210388183,0.260116696357727,1
s_000314,잘 다니던 회사에서 갑자기 나오게 생겼어. 이제 뭐로 먹고사나? [SEP] 재정상황이 악화되어 힘드시겠어요. [SEP] 평생 이 회사에서만 일했는데 앞이 캄캄해. 너무 슬프네. [SEP] 이 힘든 상황을 어떻게 극복해야 할까요? [SEP] 슬픔에서 벗어나 뭐라도 벌 수 있는 걸 찾아야겠지? [SEP] 전화 상담을 통해서 도움 받을 만한 방법을 꼭 찾았으면 좋겠어요.,E25,Pro_10816,Pro_10816_00006,Pro_10816,-0.0490997917950153,-0.2390593290328979,-0.2810949683189392,-0.273923397064209,0.1420545578002929,0.0974138900637626,-0.1775541007518768,-0.0557983107864856,0.0449730418622493,0.2726954519748688,0.0287669263780117,-0.1946562528610229,-0.1209889277815818,-0.0682876259088516,-0.1007369309663772,0.0499770976603031,-0.1000383347272872,-0.2914008498191833,-0.2256677597761154,0.0811684802174568,-0.0409659817814827,0.0243275538086891,-0.0834020972251892,-0.1721222102642059,-0.1366792768239975,-0.103517360985279,-0.3666220903396606,0.1955898702144622,-0.2716476321220398,0.2603853046894073,-0.2944477498531341,-0.0772884860634803,-0.2395876049995422,-0.0744506642222404,0.0841604992747306,0.3796450197696686,0.0725305452942848,0.0914677083492279,-0.1663727164268493,-0.0019184438278898,-0.2446842044591903,0.2604136168956756,-0.1422650218009948,-0.0814455896615982,-0.094921238720417,-0.0443884879350662,0.1060010567307472,-0.1074796915054321,0.0566040314733982,-0.1168291717767715,-0.5533729791641235,0.1295681446790695,0.2144803702831268,-0.3672626912593841,-0.1474070698022842,-0.06189401820302,0.0999971851706504,-0.1842883378267288,0.2946574985980987,0.0336141511797905,-0.016851533204317,0.2043829411268234,0.1667950302362442,0.137858971953392,0.2097662836313247,0.2941369712352752,0.5032840967178345,0.342187762260437,1
s_000315,내가 배움이 짧아서 제대로 된 회사에 취직도 못 하는 것 같아. 내 삶은 너무 불행해. [SEP] 삶이 불행하다고 생각하시는군요. [SEP] 이제 늙어서 돈도 없고 할 줄 아는 것도 없어. [SEP] 지금의 상황을 벗어나기 위해 무엇을 할 수 있을까요? [SEP] 나를 도와줄 사람이 있었으면 좋겠어. [SEP] 사용자님을 도와줄 누군가가 있었으면 좋겠어요.,E45,Pro_12456,Pro_12456_00020,Pro_12456,-0.1313685625791549,-0.2442642748355865,-0.2797066569328308,-0.2248026877641677,0.0831007957458496,0.1567655056715011,-0.1534982472658157,-0.0898027941584587,0.0408623851835727,0.2748513221740722,0.0422610305249691,-0.2246353477239608,-0.1118400245904922,-0.0197168961167335,-0.0226272288709878,0.1317284554243087,-0.0686164796352386,-0.3378616571426391,-0.2308105081319809,-0.0231468379497528,-0.1145448610186576,0.0629099979996681,-0.0566990077495574,-0.1925346702337265,-0.0691548362374305,-0.0846202224493026,-0.4265274703502655,0.2316862642765045,-0.2590761482715606,0.2818483710289001,-0.2896422743797302,-0.1419956982135772,-0.2922793924808502,-0.2010641247034073,0.1069891452789306,0.3886933624744415,0.0340485870838165,0.1150688678026199,-0.1770269870758056,-0.044369451701641,-0.249034434556961,0.2408407330513,-0.2111007571220398,-0.1495055556297302,-0.0844713002443313,-0.1062072217464447,0.1807285398244857,-0.1041630133986473,0.0283798370510339,-0.1571163088083267,-0.558982789516449,0.142822265625,0.1399043798446655,-0.2834823727607727,-0.1323096454143524,-0.125767782330513,-0.0048528155311942,-0.1979961097240448,0.3251352906227112,0.0577323734760284,0.0053912587463855,0.1256145685911178,0.1917253285646438,0.1588896214962005,0.2957888841629028,0.4261194169521332,0.4543872475624084,0.3081121742725372,1
s_000316,진로 고민이 너무 많았는데 상담 선생님이 도와주셔서 정말 감사한 것 같아. [SEP] 진로 고민이 너무 많았는데 상담 선생님이 도와주셔서 정말 감사한 마음이 드시는군요. [SEP] 일단 손편지로 진심을 전하려고 생각 중이야. [SEP] 정성이 담긴 편지로 상담 선생님께 감사하는 마음을 전하려 하시는군요.,E61,Pro_01792,Pro_01792_00016,Pro_01792,-0.1999182850122451,-0.1500618308782577,-0.2496526837348938,-0.0943024381995201,-0.015247949399054,0.1547103822231292,-0.0935342535376548,-0.1142992824316024,0.0143832108005881,0.213962897658348,0.0071626049466431,-0.22666996717453,-0.0898257121443748,0.0442964434623718,0.0821559280157089,0.1678555607795715,0.0156520716845989,-0.311432808637619,-0.2195044457912445,-0.1253191828727722,-0.207334816455841,0.0963765010237693,-0.0497206561267375,-0.167658731341362,0.035558134317398,-0.0336734242737293,-0.4238193035125732,0.2328459024429321,-0.1813996881246566,0.2645421624183655,-0.1867291927337646,-0.1599238067865371,-0.2865138351917267,-0.3264763653278351,0.1169953718781471,0.3390107452869415,-0.0010409370297566,0.1066875904798507,-0.1639553010463714,-0.0641389489173889,-0.1756983548402786,0.1923395842313766,-0.2425695657730102,-0.1771421134471893,-0.0902237296104431,-0.1628409624099731,0.2369486987590789,-0.0723280608654022,-0.0472080819308757,-0.1690020263195037,-0.4708127379417419,0.167867973446846,0.0199319869279861,-0.1139390096068382,-0.1041789501905441,-0.2120909839868545,-0.1282854378223419,-0.1700788885354995,0.2902083396911621,0.0695961043238639,0.0553508028388023,-0.0279958825558424,0.1692079305648803,0.1579238027334213,0.3647957444190979,0.4753813743591308,0.2752679586410522,0.2487832605838775,1
s_000317,요즘 나는 매일 밤 불면증에 시달리는데 우리 엄마는 모르는 것 같아서 안타까워. [SEP] 어머니가 불면증이 있는 걸 모르신다니 안타까워요. [SEP] 옛날부터 엄마는 나에게 관심이 없다고 느껴서 항상 슬펐어. [SEP] 전부터 무관심하셔서 계속 슬퍼하셨군요. 앞으로 어떻게 하실 건가요? [SEP] 엄마가 조금 더 관심을 두길 기다려볼래. [SEP] 지금 상황을 잘 극복해내길 바라요.,E23,Pro_01634,Pro_01634_00047,Pro_01634,-0.0335130579769611,-0.2128221839666366,-0.2865555584430694,-0.3159600794315338,0.1622449904680252,0.0703432634472847,-0.1565749049186706,-0.0269780736416578,0.0409277267754077,0.2767709493637085,0.0495401062071323,-0.1612120270729065,-0.1192610710859298,-0.0774468258023262,-0.1137359589338302,0.0060224365442991,-0.088047944009304,-0.2634942829608917,-0.2157419621944427,0.1230792701244354,-0.0151993939653038,0.0299600288271904,-0.0954216718673706,-0.1164966970682144,-0.1167092472314834,-0.0772105157375335,-0.3484074175357818,0.2125153839588165,-0.2486279159784317,0.2279704809188842,-0.2886098325252533,-0.0741403177380561,-0.2131965607404709,-0.0249255076050758,0.0796520337462425,0.3825520575046539,0.0466053560376167,0.0867520272731781,-0.1656984686851501,0.0187287908047437,-0.2538758516311645,0.2518631815910339,-0.1271794438362121,-0.0937806442379951,-0.1031418591737747,-0.0349766612052917,0.0850744396448135,-0.0940591171383857,0.0579028464853763,-0.1057793796062469,-0.5500819087028503,0.1445068269968032,0.2538110911846161,-0.3818873167037964,-0.1087304279208183,-0.0385337099432945,0.1318320780992508,-0.196263775229454,0.2716880142688751,0.0129990614950656,-0.0083345295861363,0.233096033334732,0.1638530194759369,0.1483309119939804,0.1463738828897476,0.2863553762435913,0.4953009188175201,0.368001788854599,1
s_000318,제일 친한 친구가 알고 보니 괴롭힘을 당하고 있었는데 그걸 몰랐다는 게 너무 부끄러워. [SEP] 왜 부끄럽다고 느끼셨나요? [SEP] 내가 더 잘 알아 줬어야 했는데 그 친구에게 너무 미안해서 나 자신에게 화가 나. [SEP] 친구에게 미안한 마음을 용서받기 위해서 어떤 일을 하면 좋을까요? [SEP] 일단 친구가 괴롭힘을 당하지 못하게 같이 있어줘야겠어. [SEP] 사용자님이 많이 힘들어하시는 것 같아 보여요.,E56,Pro_01907,Pro_01907_00021,Pro_01907,-0.0797190889716148,-0.19645856320858,-0.276168555021286,-0.2208365797996521,0.1037684828042984,0.0950138196349144,-0.1686917692422866,-0.0711576342582702,0.0325782597064971,0.260026752948761,0.0104357982054352,-0.2050809115171432,-0.12839375436306,-0.0288102217018604,-0.0507720448076725,0.0627756640315055,-0.0687071532011032,-0.2956038415431976,-0.241170272231102,0.0352805405855178,-0.0941853374242782,0.0344377644360065,-0.0897039696574211,-0.1764019876718521,-0.0941370129585266,-0.0772212818264961,-0.3868401944637298,0.2054964154958725,-0.2464358061552047,0.2701029479503631,-0.2483523041009903,-0.0837261825799942,-0.2502735257148742,-0.1492316126823425,0.0978999808430671,0.3806469738483429,0.0662316605448722,0.0753624960780143,-0.1796588599681854,-0.0114229600876569,-0.2349294573068618,0.2586274147033691,-0.1663126647472381,-0.0947060286998748,-0.1083035096526146,-0.0722297728061676,0.1448803693056106,-0.1013308465480804,0.0137455575168132,-0.129013642668724,-0.546135663986206,0.1553023606538772,0.1727594882249832,-0.3103330135345459,-0.1590009927749633,-0.1253625750541687,0.0595393478870391,-0.1779266893863678,0.2916459143161773,0.0355468429625034,0.0069936080835759,0.1342945843935012,0.1577363461256027,0.1470387578010559,0.2665129601955414,0.3260476589202881,0.4423348009586334,0.3498837053775787,1
s_000319,몇 주 동안 게임만 하고 학원은 가지도 않았어. 부모님께 정말 미안한데 멈출 수가 없어. [SEP] 부모님께 미안한데도 멈출 수가 없다니 많이 힘드시겠어요. 괜찮으신가요? [SEP] 매일 거짓말만 하는데. 마음이 너무 힘들고 괴로워. [SEP] 어떤 행동을 해야 좋은 결과로 이어질 수 있을까요? [SEP] 부모님께 이야기하고 컴퓨터를 끊던가 해야겠어. [SEP] 부모님과의 대화가 좋은 결과로 이어지길 바라요.,E50,Pro_01781,Pro_01781_00021,Pro_01781,-0.1089161708950996,-0.1996314376592636,-0.2795943319797516,-0.2199496924877166,0.0893981382250785,0.1163070201873779,-0.1564344316720962,-0.0774189010262489,0.0317278355360031,0.2673887908458709,0.0256511252373456,-0.2101642340421676,-0.1254786401987075,-0.0134261306375265,-0.0257502011954784,0.0868140235543251,-0.0574162527918815,-0.3127791583538055,-0.2419401705265045,0.0056860949844121,-0.1142668724060058,0.0516197830438613,-0.0809043496847152,-0.1731161773204803,-0.0648828148841857,-0.0651074647903442,-0.4109703600406647,0.2273950427770614,-0.2404575496912002,0.2730807363986969,-0.2530204355716705,-0.1124093905091285,-0.2689908742904663,-0.184986725449562,0.1067743077874183,0.3900313377380371,0.043602779507637,0.0860722064971923,-0.1857533901929855,-0.0243719648569822,-0.2458370476961136,0.2510229647159576,-0.1924826800823211,-0.1284005492925644,-0.1051521077752113,-0.0943826586008071,0.1700403392314911,-0.098748929798603,0.0069318045862019,-0.1442980319261551,-0.5551876425743103,0.16367207467556,0.1581068634986877,-0.2874400317668915,-0.1436041891574859,-0.1420252025127411,0.0287430081516504,-0.190246120095253,0.30310919880867,0.0403752774000167,0.0157798063009977,0.1171842962503433,0.1708627045154571,0.1601277589797973,0.2844204306602478,0.3830210268497467,0.4319770932197571,0.345908522605896,1
s_000320,나이가 있어서 택배 업무가 너무 힘들어. 애들은 먹여 살려야 하는데 너무 슬프다. [SEP] 나이로 인해 택배 업무가 몸에 부쳐 슬프시군요. [SEP] 나는 열심히 할 수 있는데 몸이 안 따라주니까 억울하더라. 애들은 크고 있는데 말이야. [SEP] 의욕은 있으나 몸이 따라주지 않아 억울하셨군요. 어떻게 헤쳐나가는 것이 좋을까요? [SEP] 슬슬 다른 직업들 시험을 알아보고 준비해봐야겠어. [SEP] 이직을 통해 상황이 호전되길 바라요.,E26,Pro_07157,Pro_07157_00004,Pro_07157,-0.0264325588941574,-0.1993057429790496,-0.2876990437507629,-0.2781450152397156,0.1543456315994262,0.0587961003184318,-0.1909131854772567,-0.0449435114860534,0.0368332453072071,0.2773303091526031,0.0153175611048936,-0.1853986382484436,-0.144468680024147,-0.0574707463383674,-0.1041300445795059,0.0037927334196865,-0.0949139147996902,-0.2782533168792724,-0.2483561038970947,0.1112741231918335,-0.0440298467874527,0.0112516079097986,-0.1116513162851333,-0.1610653549432754,-0.1354068964719772,-0.0827613323926925,-0.3656806349754333,0.1998300552368164,-0.2609347999095917,0.2619444727897644,-0.2637877464294433,-0.0498762503266334,-0.2258184999227523,-0.0636599287390708,0.0896579548716545,0.3973146677017212,0.0851149335503578,0.0578402914106845,-0.1869721561670303,0.0170820839703083,-0.259291261434555,0.2820973992347717,-0.1305050998926162,-0.0642717331647872,-0.1205927357077598,-0.0337675996124744,0.1025703698396682,-0.1075628921389579,0.0335018076002597,-0.1091220900416374,-0.5713546872138977,0.1582916676998138,0.242141380906105,-0.3830122351646423,-0.1701295375823974,-0.0886773616075515,0.1432917714118957,-0.1833962053060531,0.2825791835784912,0.014268672093749,-0.0069819707423448,0.2005047053098678,0.1496210545301437,0.1464609652757644,0.2104196846485138,0.2623822689056396,0.499335765838623,0.4012178778648376,1
s_000321,반 친구들이 나를 따돌리지만 그다지 상관 없어. [SEP] 원인을 알 수 있을까요? [SEP] 나는 어차피 혼자가 편하고 점수만 좋게 받으면 돼. 신경 안 써. [SEP] 매우 느긋하시군요. [SEP] 본인들끼리 놀라고 해. 나는 대학만 잘 가면 돼. [SEP] 매우 좋은 마인드를 가지신 거 같아요.,E66,Pro_00357,Pro_00357_00005,Pro_00357,-0.1322280913591385,-0.1719217747449875,-0.2524280250072479,-0.1538712978363037,0.042752593755722,0.1192735061049461,-0.1155144497752189,-0.0861319079995155,0.0240404363721609,0.2184562236070633,0.006351638585329,-0.203861579298973,-0.091377668082714,-0.0083992220461368,0.0049700513482093,0.1116877496242523,-0.022699985653162,-0.2798653542995453,-0.2077957391738891,-0.0362500436604023,-0.1341442912817001,0.0654735639691352,-0.062591940164566,-0.1558536142110824,-0.0338169038295745,-0.0626011416316032,-0.3745715320110321,0.2021074593067169,-0.2054022252559662,0.2470949441194534,-0.2159312218427658,-0.114542432129383,-0.2478632479906082,-0.213744431734085,0.0947282612323761,0.3310436904430389,0.0295389499515295,0.1005410328507423,-0.1490978747606277,-0.0328968875110149,-0.1763312071561813,0.206459105014801,-0.1863012760877609,-0.1247607991099357,-0.0888653248548507,-0.1087881475687027,0.1698755025863647,-0.0786103904247284,-0.0055920234881341,-0.1368241608142852,-0.4698836803436279,0.1437663584947586,0.0895169898867607,-0.2053666561841964,-0.1102632731199264,-0.1389996111392974,-0.0413822643458843,-0.1630983352661132,0.2727794945240021,0.0545733533799648,0.0273228324949741,0.061186995357275,0.1577007621526718,0.137944221496582,0.2823048532009125,0.3717692494392395,0.3397123217582702,0.2636071443557739,1
s_000322,나한테 왜 그러는 거야. 대체? [SEP] 화가 나신거 같군요. 무슨 일이 있으셨나요? [SEP] 여자친구가 전화해도 받지 않고 집에 찾아가도 만나 주질 않아. 뭐 때문에 그러는 건지 참. [SEP] 답답하시겠어요. 최근에 여자친구와 안 좋은 일이 있으셨나요? [SEP] 나는 모르겠어. 잘해 주기만 했는데 나도 이제 막 악에 받치는 기분이야. [SEP] 여자친구가 일방적으로 잠적해서 화가 나실 것 같아요.,E15,Pro_03666,Pro_03666_00002,Pro_03666,0.0468251593410968,-0.2990090250968933,-0.3053504228591919,-0.3830720484256744,0.2417101263999939,0.064581923186779,-0.2384709417819976,-0.0216249730437994,0.0653797909617424,0.3175585865974426,0.0436527281999588,-0.1804379671812057,-0.1480016261339187,-0.1350071728229522,-0.2133073508739471,-0.0230609644204378,-0.1773770451545715,-0.2900181412696838,-0.2387776970863342,0.2078607529401779,0.0620899274945259,-0.0230591613799333,-0.1068070381879806,-0.1848864406347274,-0.2456171959638595,-0.1480981409549713,-0.3420100510120392,0.1771601140499115,-0.3336340188980102,0.267639547586441,-0.3639130592346191,-0.0266817174851894,-0.2188044786453247,0.0849547013640403,0.0678508058190345,0.4164704382419586,0.1225915253162384,0.0789715647697448,-0.1767854541540146,0.0353048406541347,-0.2996764183044433,0.3112571835517883,-0.0836991071701049,-0.0225231144577264,-0.1009997799992561,0.0298350285738706,0.0278887040913105,-0.1345876902341842,0.1207128688693046,-0.0881886482238769,-0.615951418876648,0.1099010556936264,0.3349509537220001,-0.5125693082809448,-0.1853684931993484,0.0260516162961721,0.2459034323692321,-0.197711631655693,0.306758850812912,0.0107421530410647,-0.0635464787483215,0.3433709740638733,0.1685129255056381,0.129964530467987,0.1246645078063011,0.1887020170688629,0.6622499227523804,0.4153500199317932,1
s_000323,아우가 벗 만나러 밖에 나갔는데 하루 종일 연락이되지 않아. [SEP] 너무 근심되시겠어요. 친구 연락처는 모르나요? [SEP] 동생 벗에게 통화하니 친구 집에서 영화보고 있다네. 고마워. [SEP] 동생 분과 연락이 되어 진짜 다행이에요.,E67,Pro_01678,Pro_01678_00007,Pro_01678,-0.1458939909934997,-0.1689189374446869,-0.2502078711986542,-0.1271869838237762,0.0264900270849466,0.1276070773601532,-0.119454026222229,-0.0987463369965553,0.0220212247222661,0.2151718735694885,-0.0033807700965553,-0.2166818082332611,-0.0943899750709533,0.005602360703051,0.0229983944445848,0.1285673677921295,-0.0178801584988832,-0.2907369434833526,-0.215609923005104,-0.061660561710596,-0.1561930328607559,0.0672028586268425,-0.0606234595179557,-0.1733075529336929,-0.0272286534309387,-0.0626499876379966,-0.3872615396976471,0.2015360295772552,-0.2057719379663467,0.2598135769367218,-0.2060446739196777,-0.1187134534120559,-0.2597728371620178,-0.2479797452688217,0.1004366129636764,0.332186758518219,0.034458614885807,0.0979435518383979,-0.1539410650730133,-0.0420048087835311,-0.1729112863540649,0.2089887708425521,-0.198526844382286,-0.1266433149576187,-0.0901835486292839,-0.119802214205265,0.1874440461397171,-0.0811554193496704,-0.0175454169511795,-0.1442634612321853,-0.4711678028106689,0.1471352726221084,0.066486470401287,-0.1844053268432617,-0.1245112791657447,-0.1633574664592743,-0.0619404055178165,-0.1590919196605682,0.2799632847309112,0.0610802918672561,0.0314502194523811,0.0333449766039848,0.157141238451004,0.13850899040699,0.316996157169342,0.3859588205814361,0.3270508646965027,0.259533166885376,1
s_000324,부모님께 나를 왜 이렇게 아픈 애로 낳았냐고 원망했어. 다 내 탓이야. [SEP] 부모님과의 갈등 때문에 힘드시겠어요. [SEP] 아픈 건 부모님 때문이 아닌 걸 아는데 나 스스로가 원망스러워. [SEP] 앞으로 어떻게 하면 좋을까요? [SEP] 부모님께 사과를 드려야겠어. [SEP] 부모님께 사과를 드려서 상황이 나아지시길 바랄게요.,E18,Pro_03549,Pro_03549_00022,Pro_03549,-0.0108299339190125,-0.2273575514554977,-0.2843413949012756,-0.33026984333992,0.1790010631084442,0.063256599009037,-0.1621559113264084,-0.0195353031158447,0.0458365157246589,0.2740542292594909,0.0481937155127525,-0.1549072265625,-0.1140996664762497,-0.0996589288115501,-0.1416234672069549,-0.0059466245584189,-0.1028918325901031,-0.2516266107559204,-0.20574951171875,0.149167388677597,0.0131308529525995,0.0195696018636226,-0.0944016650319099,-0.116005077958107,-0.1443956643342971,-0.0939165651798248,-0.3255484700202942,0.1959529519081115,-0.2590202987194061,0.2208475470542907,-0.3023090958595276,-0.0593994557857513,-0.1990475505590438,0.0181296486407518,0.069004863500595,0.3722623884677887,0.0583050400018692,0.0904721468687057,-0.1538767218589782,0.0268076136708259,-0.2462929636240005,0.2517780661582947,-0.1054047867655754,-0.0729997232556343,-0.097046859562397,-0.0154560385271906,0.0582310818135738,-0.09614909440279,0.0774175524711608,-0.0936281010508537,-0.541290283203125,0.1277016997337341,0.2691932618618011,-0.406021237373352,-0.1083107590675354,-0.0048584630712866,0.1537717133760452,-0.1906503587961197,0.2656166851520538,0.012121133506298,-0.0211812201887369,0.2623882293701172,0.1608064770698547,0.1363698095083236,0.1165889427065849,0.2477245926856994,0.5163722038269043,0.3576159477233886,1
s_000325,요즘 나는 왜 이렇게 살 수 밖에 없었을까 하는 생각이 들어. [SEP] 어떤 일이 그런 생각을 하게 했나요? [SEP] 손목이 아파서 더는 일을 할 수 없게 됐거든.  돈을 벌지 못하니까 사는 것이 지금 보다 힘들어지겠지. [SEP] 지출은 줄이고 수입을 위해서 도움을 받을 곳을 찾을 수는 없을까요? [SEP] 그러려면 일하면서 적게 써야 할 텐데 어디 가서 무슨 일을 하겠어. [SEP] 이런 고민을 나눌 수 있는 지인이 있을까요?,E45,Pro_12456,Pro_12456_00045,Pro_12456,-0.0686042308807373,-0.2157698720693588,-0.2859592735767364,-0.2448212951421737,0.1230768710374832,0.0975458025932312,-0.1886799484491348,-0.0702973157167434,0.0375720635056495,0.2788446843624115,0.0160718951374292,-0.2111935764551162,-0.1407513320446014,-0.0344087928533554,-0.0670307874679565,0.0577088259160518,-0.0876823291182518,-0.3111392855644226,-0.2536735534667969,0.0509854257106781,-0.0837054848670959,0.0265048891305923,-0.0943606570363044,-0.1910175234079361,-0.1148954629898071,-0.0857221558690071,-0.400156170129776,0.2105363309383392,-0.2661824822425842,0.283552348613739,-0.2683163285255432,-0.0815904065966606,-0.2603910267353058,-0.135765939950943,0.10125033557415,0.401500791311264,0.0771045684814453,0.0720528289675712,-0.1918063908815384,-0.0098108071833848,-0.2600942552089691,0.2769608199596405,-0.1672514379024505,-0.091407798230648,-0.1117669865489006,-0.0641700699925422,0.142752856016159,-0.1118068695068359,0.0234736241400241,-0.1315852552652359,-0.5771669745445251,0.1572788208723068,0.197386234998703,-0.3449804484844208,-0.1766267865896225,-0.1222045347094535,0.0868005231022834,-0.1866028308868408,0.3064878284931183,0.0329484269022941,-0.0017669816734269,0.1594084054231643,0.1637367755174636,0.1522817015647888,0.269925445318222,0.3257243931293487,0.4859075248241424,0.376322865486145,1
s_000326,내가 예전에 가지고 있던 좋은 기억들이 점점 사라지고 있어서 슬퍼. [SEP] 점점 기억이 사라지고 있어 슬프시군요. [SEP] 나이가 들수록 소중했던 기억이 떠오르지 않아. [SEP] 이 상황을 벗어나려면 어떻게 해야 할까요? [SEP] 주변 사람들과 더 많은 시간을 보내고 추억을 만들어야겠어. [SEP] 지인들과 좋은 시간을 보내서 새 추억을 만드시려는군요.,E20,Pro_12191,Pro_12191_00009,Pro_12191,-0.0346001461148262,-0.212416335940361,-0.2797808349132538,-0.3007886707782745,0.1541465073823928,0.0715744867920875,-0.1522730886936187,-0.0304860044270753,0.0406724736094474,0.2654196918010711,0.0419924668967723,-0.1623906344175338,-0.1117400228977203,-0.0800066068768501,-0.1121535673737526,0.0127919418737292,-0.0854587256908416,-0.2567109763622284,-0.2080748379230499,0.1158843040466308,-0.0163769423961639,0.0293885879218578,-0.0906411856412887,-0.1194556951522827,-0.1190807670354843,-0.0832580402493476,-0.3373124897480011,0.2011999040842056,-0.2462337762117386,0.2248933911323547,-0.2838300764560699,-0.0707059949636459,-0.2082408219575882,-0.0273968242108821,0.0753460675477981,0.3678534924983978,0.0500424578785896,0.0902422741055488,-0.1558287590742111,0.0167357344180345,-0.2367213368415832,0.2441803812980651,-0.122347854077816,-0.0860451087355613,-0.0980128943920135,-0.0344409085810184,0.0814086347818374,-0.091951347887516,0.0588376633822917,-0.1025171726942062,-0.5314526557922363,0.1353401094675064,0.2392237335443496,-0.3700881004333496,-0.1071769073605537,-0.0339465737342834,0.1194405406713485,-0.1876022964715957,0.2662718296051025,0.0178703777492046,-0.0096068149432539,0.2246714234352111,0.1601416766643524,0.1397249400615692,0.1471747756004333,0.2749576568603515,0.4812728464603424,0.3465234339237213,1
s_000327,미술학원 선생님이 내 그림이 형편없대. [SEP] 선생님께 그런 말을 들어서 상처받았을 것 같아요. [SEP] 내 존재 자체를 부정당한 것 같아. [SEP] 선생님의 말씀이 큰 상처가 되셨군요. [SEP] 응. 그렇게까지 말할 필요가 있었나. [SEP] 선생님의 말씀이 지나치다고 생각하시는군요.,E40,Pro_05371,Pro_05371_00018,Pro_05371,-0.1115270927548408,-0.1572494655847549,-0.2572702169418335,-0.1996041983366012,0.0675707012414932,0.0956204459071159,-0.1006463691592216,-0.059409026056528,0.0229876190423965,0.2230265438556671,0.0249090902507305,-0.1742601692676544,-0.0886220335960388,-0.0245175473392009,-0.017038146033883,0.0716423690319061,-0.0193524695932865,-0.2541534602642059,-0.1964370757341385,0.0091603444889187,-0.1020986437797546,0.0666337832808494,-0.0720195993781089,-0.1097598671913147,-0.0277188215404748,-0.0469911620020866,-0.3533061742782593,0.2116864174604416,-0.1910401880741119,0.2182060927152633,-0.2187008708715438,-0.1079860106110572,-0.222421184182167,-0.1582107990980148,0.0875925421714782,0.3318221271038055,0.0116337426006793,0.0986405909061431,-0.1452013701200485,-0.0131364474073052,-0.1841333955526352,0.2000353336334228,-0.1671920716762542,-0.1289629638195037,-0.0933459177613258,-0.0941172912716865,0.1436258852481842,-0.0688163191080093,0.0037608351558446,-0.1240697428584098,-0.4665340483188629,0.1502763777971267,0.1316283494234085,-0.2312789410352707,-0.0776562467217445,-0.1071565374732017,-0.005276511888951,-0.1726129055023193,0.2529388666152954,0.0370824001729488,0.0291959270834922,0.099755510687828,0.1554907411336898,0.1433261781930923,0.2186086475849151,0.3538678884506225,0.3444094955921173,0.2829649746417999,1
s_000328,얼마 전 남편상을 당한 친구를 만나고 왔어. [SEP] 친구분은 어떻던가요. [SEP] 슬픈 마음에 아직도 일상생활을 제대로 하지 못하고 있어. [SEP] 그 심정 알 것 같아요. [SEP] 모든 것을 도맡아 하던 남편이 없으니 집안 대소사를 챙기는 일도 힘들고 어렵다고 해. 친구가 빨리 홀로서기를 해야 할 텐데 [SEP] 친구분이 혼자인 생활에 적응 잘하시기 바라요.,E33,Pro_12144,Pro_12144_00022,Pro_12144,-0.049022015184164,-0.1689885556697845,-0.28764408826828,-0.3063198626041412,0.1471217274665832,0.0558628477156162,-0.1380027532577514,-0.0216804631054401,0.030144665390253,0.2729656100273132,0.0514198392629623,-0.1501568108797073,-0.1241829246282577,-0.0534601993858814,-0.0843575000762939,-0.0079094618558883,-0.0590222924947738,-0.2538034319877624,-0.2221553027629852,0.1129959002137184,-0.0395588427782058,0.0420317277312278,-0.1061097905039787,-0.0874382853507995,-0.0726534351706504,-0.0421756766736507,-0.35689178109169,0.2327276766300201,-0.2178782671689987,0.217393159866333,-0.2550672888755798,-0.0805840119719505,-0.2087985873222351,-0.0529248602688312,0.0882227793335914,0.3881236612796783,0.0247650276869535,0.0737921819090843,-0.1766085028648376,0.0225246045738458,-0.2561700642108917,0.2461746484041214,-0.1390958279371261,-0.1146459579467773,-0.1172519773244857,-0.0514297150075435,0.103687435388565,-0.0824011042714119,0.0284167379140853,-0.1102444157004356,-0.5471195578575134,0.1725939363241195,0.2482933700084686,-0.3513220250606537,-0.0936295017600059,-0.0718555375933647,0.120498850941658,-0.201271653175354,0.2588579654693603,0.0026792262215167,0.013891358859837,0.2014216184616089,0.1580745428800583,0.1631622314453125,0.1519013196229934,0.3120526969432831,0.4501488506793976,0.3904143571853637,1
s_000329,오늘 직장에서 너무 나쁜 일을 당했어. [SEP] 어떤 일을 당했나요? [SEP] 상사가 내 몸을 훑어보고 품평을 했어. [SEP] 너무 기분이 나빴을 것 같아요. 혹시 이 사태에 대해 알리고 도움을 요청할 친구가 있나요?,E57,Pro_05388,Pro_05388_00022,Pro_05388,-0.1000118628144264,-0.2084477990865707,-0.2645489573478699,-0.2183311283588409,0.0878269523382186,0.1160833239555358,-0.1323524266481399,-0.0687944591045379,0.034964695572853,0.2424831986427307,0.0270639639347791,-0.1940795630216598,-0.0959054976701736,-0.040626935660839,-0.0435396954417228,0.0889919400215148,-0.055152777582407,-0.2825270891189575,-0.2052401155233383,0.0160060860216617,-0.0857498794794082,0.0538274198770523,-0.0651349872350692,-0.1516655832529068,-0.0735539719462394,-0.0802568718791008,-0.3673525750637054,0.2031732946634292,-0.2321948111057281,0.2437785416841507,-0.26027512550354,-0.1074912846088409,-0.2424144148826599,-0.1443890929222107,0.0872687175869941,0.3477759957313537,0.0364554859697818,0.1070054024457931,-0.149741992354393,-0.0204760450869798,-0.2047579288482666,0.2203653901815414,-0.1676957458257675,-0.1159445643424987,-0.0849119797348976,-0.0821523666381836,0.1381257176399231,-0.0876526460051536,0.0299888178706169,-0.128137320280075,-0.5008141994476318,0.1320465952157974,0.1463516503572464,-0.2768537104129791,-0.1078583002090454,-0.0901797711849212,0.0141629120334982,-0.1765344440937042,0.280804306268692,0.0464309714734554,0.0070109930820763,0.1341578811407089,0.1672340333461761,0.1382973492145538,0.2333225607872009,0.3480646014213562,0.4110423028469085,0.2852475643157959,1
s_000330,일도 못하는 사장 아들이 나보다 월급을 많이 받는다는 사실을 알았어. 환멸이 나네. [SEP] 사장 아들이라는 이유로 월급을 많이 받아 환멸을 느끼셨군요. [SEP] 응. 그 사장 아들이 하는 건 일이라고 할 수도 없어. 그냥 노는 게 전부야. [SEP] 사장 아들이 하는 건 일이라고 할 수도 없군요. 이 상황에서 할 수 있는 일에는 무엇이 있을까요? [SEP] 글쎄. 회사가 잘못 되면 나도 실업자가 되니 함부로 행동을 못 하고 있어. [SEP] 이 상황에서 사용자님에게 도움이 될만한 해결방법이 생기셨으면 좋겠네요.,E29,Pro_05360,Pro_05360_00037,Pro_05360,-0.0688755139708519,-0.2278550118207931,-0.2685987055301666,-0.1870550662279129,0.1001669242978096,0.1070171296596527,-0.1984462887048721,-0.092126116156578,0.0393931753933429,0.2519835829734802,-0.0176518093794584,-0.2316183447837829,-0.1297940760850906,-0.0382857248187065,-0.0645956695079803,0.086915984749794,-0.0937279760837555,-0.3087571859359741,-0.2463394552469253,0.0225561428815126,-0.0951715856790542,0.0151267582550644,-0.0823818743228912,-0.2309063971042633,-0.1418596506118774,-0.1166540756821632,-0.3821258544921875,0.1704714447259903,-0.277257353067398,0.2965900003910064,-0.2591238021850586,-0.0652606636285781,-0.2599163055419922,-0.1576956510543823,0.0930195823311805,0.3693493604660034,0.1083709970116615,0.0759913101792335,-0.1724257916212082,-0.0209088437259197,-0.218149647116661,0.2715234756469726,-0.1575205773115158,-0.0558870956301689,-0.0994008481502533,-0.0606656745076179,0.1397254765033722,-0.1169918775558471,0.0253943149000406,-0.1264082193374633,-0.5422323346138,0.1291115880012512,0.1498277485370636,-0.3206062912940979,-0.2039928883314132,-0.1237182021141052,0.0558159574866294,-0.1578510105609893,0.305695116519928,0.0523557402193546,-0.0119719700887799,0.129753977060318,0.1527749449014663,0.1250388920307159,0.3049089312553406,0.2868650555610657,0.46706023812294,0.3236468732357025,1
s_000331,선생님이 자꾸 자격증 따라고 해서 귀찮아 죽겠어. [SEP] 선생님이 자격증 따라고 해서 많이 귀찮으셨군요. [SEP] 나중에 해도 될 텐데 선생님은 지금 따 두라고 하셔. [SEP] 선생님의 제안으로 어려움이 있으시군요. 어떻게 하는 것이 가장 좋은 방법일까요? [SEP] 선생님과 얘기를 다시 해서 내 상황을 잘 설명해볼래. [SEP] 선생님과의 대화로 잘 해결 됐으면 좋겠어요.,E11,Pro_01742,Pro_01742_00007,Pro_01742,-0.0203612502664327,-0.2535402476787567,-0.2842160165309906,-0.2900391221046448,0.1650260686874389,0.0860892161726951,-0.1991447508335113,-0.0512403286993503,0.049896016716957,0.2789264619350433,0.021902522072196,-0.1955526173114776,-0.1290495097637176,-0.0855848640203476,-0.13113734126091,0.0320647545158863,-0.1222414076328277,-0.289320707321167,-0.2309616953134536,0.1121019646525383,-0.0170883014798164,0.0066170878708362,-0.0905291736125946,-0.1855821460485458,-0.1736223846673965,-0.1210489571094513,-0.3557786047458648,0.1807791739702224,-0.2905237376689911,0.2667756974697113,-0.3072172403335571,-0.0556725934147834,-0.2326170802116394,-0.0367048308253288,0.0786216259002685,0.3842545449733734,0.0964493677020073,0.084341749548912,-0.1673700809478759,0.0075740558095276,-0.2512808740139007,0.2763636708259582,-0.1227638572454452,-0.0538515076041221,-0.0969806164503097,-0.0221546329557895,0.0842671692371368,-0.1165193170309066,0.0711471810936927,-0.1069957837462425,-0.5651269555091858,0.1209713742136955,0.2393524944782257,-0.4050182402133941,-0.1689660400152206,-0.0430422909557819,0.1379817128181457,-0.1803570985794067,0.2966583371162414,0.0300316382199525,-0.0308629684150218,0.2346842736005783,0.1621521264314651,0.129898652434349,0.1972920447587967,0.2515631914138794,0.541325569152832,0.356735348701477,1
s_000332,회사 사정이 어려워져서 올해 말에 퇴직하게 되었어. [SEP] 퇴직하시게 되어서 기분이 어떠신가요? [SEP] 내 동년배들은 아직 더 일하고 있는데 나만 실력이 없어서 일찍 그만둔 것 같아. [SEP] 아직 일하고 있는 친구들에게 열등감이 드시겠어요. 퇴직 후에 계획이 있나요? [SEP] 자식들에게 손 벌리는 것도 부담이고 내 살길을 찾아봐야지. [SEP] 퇴직 이후에도 좋은 일이 연결되었으면 좋겠군요.,E14,Pro_12425,Pro_12425_00036,Pro_12425,-0.0605528131127357,-0.219805046916008,-0.2734202742576599,-0.2529899477958679,0.1243929341435432,0.0948336943984031,-0.1600767225027084,-0.0567806214094162,0.0398942120373249,0.2574409544467926,0.0241949204355478,-0.18958680331707,-0.1118400245904922,-0.0605899952352047,-0.0838365256786346,0.0539506189525127,-0.0819610208272934,-0.2790158689022064,-0.216788575053215,0.0660362616181373,-0.0531460978090763,0.0320655331015586,-0.0805265977978706,-0.1587749272584915,-0.1154750660061836,-0.0933514758944511,-0.3577775657176971,0.1938626021146774,-0.2532263696193695,0.2494593858718872,-0.2753515839576721,-0.0802442952990531,-0.2321052253246307,-0.0904137566685676,0.0827987715601921,0.3637261986732483,0.06184833496809,0.09282798320055,-0.1581662148237228,-0.003528062487021,-0.2249882966279983,0.2453822493553161,-0.1437552720308303,-0.0866513401269912,-0.0935780555009841,-0.0532656870782375,0.1108573600649833,-0.0982390865683555,0.0453820936381816,-0.1158800572156906,-0.528096079826355,0.131034716963768,0.1932759582996368,-0.3361823856830597,-0.1325889825820922,-0.0692479088902473,0.0759372860193252,-0.1779108494520187,0.2822845876216888,0.0351074188947677,-0.0074804406613111,0.1801341921091079,0.1616963297128677,0.135380819439888,0.2098481655120849,0.2984939217567444,0.4638720154762268,0.3232857286930084,1
s_000333,부장님은 나만 괴롭혀. 스트레스 쌓여서 암 걸릴지도 몰라. [SEP] 부장님이 괴롭혀서 많이 힘드시군요. 어떻게 대처하고 계신가요? [SEP] 여행 가서 기분 좀 풀어 보려고. [SEP] 여행을 통해 스트레스가 해소되면 좋겠어요.,E13,Pro_03784,Pro_03784_00014,Pro_03784,-0.0310920290648937,-0.2209783345460891,-0.2802261412143707,-0.2881494462490082,0.1535060256719589,0.0745048001408577,-0.1700567156076431,-0.0403165221214294,0.0422659628093242,0.267611563205719,0.0296397544443607,-0.1763002276420593,-0.119775578379631,-0.0773730129003524,-0.1139147207140922,0.0198063943535089,-0.0955998227000236,-0.2680089771747589,-0.2192074507474899,0.1100024878978729,-0.0232416875660419,0.0205248016864061,-0.092480719089508,-0.1459742337465286,-0.136197492480278,-0.094801589846611,-0.3449815511703491,0.1925622522830963,-0.2597801685333252,0.2422500103712082,-0.284837007522583,-0.0629454106092453,-0.2172806560993194,-0.0394583083689212,0.0778480470180511,0.3731205463409424,0.0692010670900344,0.0842921584844589,-0.1616400927305221,0.0130183491855859,-0.2393355667591095,0.256948709487915,-0.1236007288098335,-0.0722627192735672,-0.1000607013702392,-0.0319484546780586,0.0861537158489227,-0.1005946919322013,0.0573049522936344,-0.1045628264546394,-0.5421304702758789,0.1330509781837463,0.2339019924402237,-0.3767001628875732,-0.1344145834445953,-0.0459978990256786,0.123025931417942,-0.1823924630880355,0.2761648893356323,0.0223922450095415,-0.0147874113172292,0.2189538776874542,0.1580053269863128,0.1359753310680389,0.173700213432312,0.2650883197784424,0.4951928257942199,0.351806491613388,1
s_000334,대인기피증 때문에 사람들 만나기가 겁이 나. [SEP] 대인기피증으로 사람들을 만나는 것을 겁이 나시는군요. [SEP] 마주칠까 봐 걱정되는 사람이 생겼어. 그래서 밖에 나가기가 싫어져. [SEP] 마주칠까 봐 걱정이 되는 사람이 생겨서 밖에 나가기가 싫으시군요. [SEP] 그 사람을 만나면 심장이 떨리고 긴장이 되는 거 같아. 그럴수록 더욱 자주 만나서 대화를 하다 보면 극복할 수 있을까? [SEP] 대화를 통해 극복하려 하시는군요.,E31,Pro_05122,Pro_05122_00015,Pro_05122,-0.0454217083752155,-0.2260837405920028,-0.2734221518039703,-0.2688300907611847,0.1377202123403549,0.0879045203328132,-0.161120980978012,-0.0486462861299514,0.0425204262137413,0.2575425207614898,0.0270311906933784,-0.1818506866693496,-0.1089812666177749,-0.0749291405081749,-0.1023472100496292,0.0415566489100456,-0.0897976532578468,-0.2696272134780884,-0.2100836634635925,0.0872275754809379,-0.0329234786331653,0.0268404055386781,-0.0814087241888046,-0.15163554251194,-0.1293988674879074,-0.099822998046875,-0.3433321118354797,0.1872074007987976,-0.2571195363998413,0.2416486293077469,-0.2840368449687958,-0.0719602033495903,-0.2213534712791443,-0.0587383024394512,0.0762893855571746,0.3592431843280792,0.0650701075792312,0.0946908071637153,-0.1517717093229293,0.0036886241286993,-0.2232649624347686,0.2447814047336578,-0.1297509372234344,-0.0769287720322609,-0.0910478383302688,-0.0407268665730953,0.0928442031145095,-0.0981067717075347,0.0575498603284359,-0.107814259827137,-0.5241327881813049,0.1233118548989296,0.2088058143854141,-0.3541599810123443,-0.1274189203977584,-0.0463772155344486,0.093767374753952,-0.1770189553499221,0.2767395675182342,0.03187807649374,-0.0141676981002092,0.2027014642953872,0.1602639555931091,0.1303245723247528,0.1842555701732635,0.2763555645942688,0.4772141277790069,0.3216127455234527,1
s_000335,남편이 죽은 뒤로 자꾸 죽은 남편의 환영이 나타나. 볼 때마다 너무 슬퍼. [SEP] 남편분의 환영을 뵐 때마다 마음이 아프시겠어요. [SEP] 이따금 남편이 옆에서 말을 거는 것 같아. 가짜인 걸 알지만 자꾸 눈물이 나. [SEP] 힘드시겠어요. 상처를 치유하기 위해선 어떻게 하는 게 좋을까요? [SEP] 지금은 아무것도 하고 싶지 않아. 지금도 옆에 남편이 있는 것 같아. [SEP] 상처받은 마음이 치유되길 빌게요.,E27,Pro_12198,Pro_12198_00022,Pro_12198,-0.0175222624093294,-0.2482234537601471,-0.2892935574054718,-0.3387853801250458,0.1823446303606033,0.0794664695858955,-0.1700325012207031,-0.0251200795173645,0.0502388216555118,0.2856828868389129,0.0559871047735214,-0.164457082748413,-0.1166222020983696,-0.0998123735189437,-0.1425722688436508,0.0093648117035627,-0.1127241551876068,-0.2703388333320617,-0.2102798819541931,0.1415693312883377,0.0120475906878709,0.0213350560516119,-0.0888489782810211,-0.130559504032135,-0.1505032330751419,-0.1014345213770866,-0.3422869741916656,0.2025863230228424,-0.2726445198059082,0.2322639524936676,-0.3203262090682983,-0.0708608254790306,-0.2149176746606826,0.0099881468340754,0.0728035494685173,0.3837015926837921,0.0586580522358417,0.0975715368986129,-0.1591438502073288,0.0192059259861707,-0.2604127526283264,0.2574341893196106,-0.1164818182587623,-0.0820357277989387,-0.0930889621376991,-0.019405148923397,0.0663185268640518,-0.1026908904314041,0.0850059911608696,-0.1015631183981895,-0.559166431427002,0.124876007437706,0.2711050510406494,-0.4152327477931976,-0.1139781549572944,-0.0050167203880846,0.1510625332593917,-0.1980391293764114,0.2815755307674408,0.0170332826673984,-0.0263218451291322,0.270024687051773,0.1709771901369094,0.1405490487813949,0.1288330852985382,0.2689386010169983,0.5401716828346252,0.3594901263713836,1
s_000336,집에서 아들하고 대화하면 자기주장만 앞세우고 아버지에 대한 배려가 없어서 화가 나. [SEP] 아들의 태도에 불만이 있으시군요. [SEP] 나는 꼰대라고 생각을 안 하는데 아들은 나와 생각이 달라도 너무 다른 것 같아. [SEP] 아들의 생각은 물어보셨나요?,E59,Pro_07070,Pro_07070_00025,Pro_07070,-0.0385409519076347,-0.2352583408355713,-0.2753235399723053,-0.2888309955596924,0.1489475965499878,0.0879947170615196,-0.1579645425081253,-0.041014265269041,0.0454666540026664,0.2615362703800201,0.0371228978037834,-0.1744519025087356,-0.1048977300524711,-0.0861914381384849,-0.1152301803231239,0.0356609374284744,-0.0952330157160759,-0.2657730281352997,-0.2027834802865982,0.1018520295619964,-0.0161395464092493,0.0273081213235855,-0.0792761966586113,-0.1415746510028839,-0.134860560297966,-0.1026388257741928,-0.3365636467933655,0.1887061893939972,-0.2598733305931091,0.2336373031139373,-0.2969436943531036,-0.0735971257090568,-0.2162724584341049,-0.0343473814427852,0.0722075402736663,0.35874804854393,0.0598507709801197,0.1010219454765319,-0.1471503376960754,0.007429507561028,-0.2269051522016525,0.2416473478078842,-0.1235880777239799,-0.0790922716259956,-0.087019570171833,-0.03428316116333,0.0812549814581871,-0.0971614941954612,0.0697406530380249,-0.1043631285429,-0.52458655834198,0.1178172305226326,0.223044604063034,-0.3681719601154327,-0.1151555180549621,-0.0254080351442098,0.1042671278119087,-0.1815087646245956,0.2751283645629883,0.0295627731829881,-0.018843874335289,0.2241520285606384,0.1640920937061309,0.1300081312656402,0.1601825207471847,0.272881269454956,0.4907185435295105,0.3195392787456512,1
s_000337,우리 집은 모두 학력이 좋아. 근데 나는 너무 평범해서 가족에게 누를 끼치는 기분이야. [SEP] 가족이 모두 학력이 좋은데 본인은 평범해 힘드시군요. [SEP] 학점이라도 높게 받아야 할 텐데 너무 스트레스야. 학점이 낮다면 어떻게 가족 얼굴을 보겠어. [SEP] 어떻게 하면 스트레스를 해소할 수 있을까요? [SEP] 스터디를 해야겠어. 친구들과 공부도 하고 이야기를 하면 기분이 나아질 거야. [SEP] 스터디를 통해 스트레스가 해소되면 좋겠어요.,E52,Pro_05383,Pro_05383_00027,Pro_05383,-0.1184587702155113,-0.1835917532444,-0.2584478855133056,-0.1418173760175705,0.0511225908994674,0.1166092604398727,-0.154641643166542,-0.0993454083800315,0.0264609567821025,0.2304171472787857,-0.0143265156075358,-0.2262423783540725,-0.1144226193428039,-0.0029588255565613,-0.0036560022272169,0.1112124919891357,-0.0444772467017173,-0.3010676801204681,-0.235790729522705,-0.034187264740467,-0.1428212821483612,0.045829739421606,-0.073663979768753,-0.2008060812950134,-0.0680998563766479,-0.0790647938847541,-0.3921101987361908,0.1917305141687393,-0.2321680188179016,0.2801713347434997,-0.2176099270582199,-0.0958842039108276,-0.2633394002914428,-0.2265715152025222,0.1016096323728561,0.3523195087909698,0.0667405351996421,0.0821570828557014,-0.1680755466222763,-0.0343359634280204,-0.1939525008201599,0.2391940802335739,-0.186864823102951,-0.0985647514462471,-0.099421814084053,-0.1002396494150161,0.176783800125122,-0.0963627099990844,-0.0103370510041713,-0.1397949308156967,-0.5059452652931213,0.1478900164365768,0.0958111137151718,-0.2337347567081451,-0.1655015349388122,-0.1638792753219604,-0.0164013262838125,-0.157953530550003,0.2916783690452575,0.0565731078386306,0.0184387788176536,0.0590327531099319,0.1528036594390869,0.1362758427858352,0.327422171831131,0.3502350151538849,0.3766248822212219,0.2955093085765838,1
s_000338,같은 직장에 다니는 친구와 갈등이 생겼는데 화해할지 고민이야. [SEP] 친구와 갈등이 생겼는데 화해할지 고민이시군요. [SEP] 항상 잘못은 그 친구가 먼저 하는데 매번 내가 화해의 손길을 내미는 게 불만스러워. [SEP] 이 문제를 해결하기 위해 무엇을 하면 좋을까요? [SEP] 이번에는 그 친구가 먼저 말할 때까지 가만히 있어야겠어. [SEP] 친구와 원만하게 화해할 수 있었으면 좋겠네요.,E37,Pro_05128,Pro_05128_00001,Pro_05128,-0.1005608662962913,-0.2303505539894104,-0.2634167969226837,-0.157599002122879,0.0725682899355888,0.1306391805410385,-0.1863821744918823,-0.1070682853460311,0.0378781892359256,0.2450915575027465,-0.0172165147960186,-0.243375614285469,-0.1208651140332222,-0.0222982596606016,-0.0345528349280357,0.1224272176623344,-0.0804454684257507,-0.3217859864234924,-0.2426284104585647,-0.0214710086584091,-0.1228242218494415,0.0294038094580173,-0.0687028616666793,-0.2401395887136459,-0.1184994503855705,-0.1140267178416252,-0.3973289430141449,0.1764536201953888,-0.2712023854255676,0.3022381365299225,-0.2548127472400665,-0.0877533927559852,-0.276410162448883,-0.2055418193340301,0.0984726473689079,0.362522155046463,0.0960432738065719,0.0878705829381942,-0.1693543493747711,-0.0382928177714347,-0.2079401016235351,0.2587203979492187,-0.1801357418298721,-0.0766697376966476,-0.0915547311305999,-0.0834254324436187,0.1649156957864761,-0.1143040060997009,0.0161206573247909,-0.1393263041973114,-0.5314925909042358,0.1273198127746582,0.1112121194601059,-0.2804268002510071,-0.1967736482620239,-0.1434049010276794,0.0076980264857411,-0.1572700142860412,0.3136568069458008,0.0648472681641578,-0.0047734836116433,0.0945839211344719,0.160020425915718,0.1269955486059188,0.3369317352771759,0.3289178013801574,0.4397234916687011,0.2955137193202972,1
s_000339,사회생활을 하다 보니 내가 많이 뒤처지는 것 같아 서러워. [SEP] 혼자 따라가지 못하는 것 같아 속상하셨겠어요. [SEP] 혼자 겉도는 기분에 제대로 된 친구도 사귀지 못했어. 고민 상담 할 사람도 없어서 슬퍼. [SEP] 털어놓을 사람이 없어 더 외로우셨군요. 어떻게 해야 극복할 수 있을까요? [SEP] 아무래도 내 자격지심 탓일지도 몰라. 자신감을 가지고 더 다가가 보려 해. [SEP] 자신감을 가지고 당당하게 살아가길 바라요.,E21,Pro_03552,Pro_03552_00028,Pro_03552,-0.0545367561280727,-0.2072336077690124,-0.2743340730667114,-0.2615869343280792,0.1291881501674652,0.0832842513918876,-0.1547101438045501,-0.048501431941986,0.0376001298427581,0.2567628622055053,0.0268086772412061,-0.1796831339597702,-0.1126803383231163,-0.0616978742182254,-0.0866106376051902,0.0381761863827705,-0.0769794359803199,-0.2686251103878021,-0.2153946310281753,0.0788752809166908,-0.0475271008908748,0.032307356595993,-0.086199514567852,-0.1426908522844314,-0.1093699634075164,-0.0843605026602745,-0.3509581685066223,0.1971717774868011,-0.2446711510419845,0.2402150481939315,-0.2686068415641784,-0.0758941173553466,-0.2225512862205505,-0.077363409101963,0.0816114246845245,0.3638118803501129,0.0564893707633018,0.0882080495357513,-0.1586721837520599,0.0037498446181416,-0.2258340865373611,0.2439256459474563,-0.1378572881221771,-0.087071992456913,-0.0979796051979065,-0.0499226637184619,0.1047340184450149,-0.0939971581101417,0.0425977483391761,-0.1115988790988922,-0.5255807042121887,0.1371407955884933,0.2039525508880615,-0.3388407230377197,-0.1242201700806617,-0.0660235360264778,0.0865624025464057,-0.1794574409723281,0.2734919488430023,0.0281870923936367,-0.0038130881730467,0.1849493682384491,0.1581611335277557,0.1378398388624191,0.1934520304203033,0.2913998365402221,0.4574931263923645,0.3331077992916107,1
s_000340,이혼으로 내 모든 게 무너져서 스스로 나 자신도 많이 부족하다고 생각해. [SEP] 이혼으로 인해 바뀐 삶과 자신에게 크게 실망하셨군요. [SEP] 결혼을 통해 얻는 것과 잃는 것이 있는 게 당연한 건데 전부 내 잘못이지. [SEP] 이혼 후 떨어지는 자존감을 되찾기 위해 어떤 방법이 있을까요? [SEP] 새로운 목표를 설정하고 긍정적으로 바라봐야겠지. [SEP] 새로운 목표를 통해 떨어진 자존감을 회복할 수 있으면 좋겠어요.,E16,Pro_08587,Pro_08587_00036,Pro_08587,-0.042383600026369,-0.2146942615509033,-0.2773212492465973,-0.2592209577560425,0.1372441202402115,0.079362004995346,-0.1759694814682006,-0.0533798150718212,0.0395349748432636,0.2626660168170929,0.0158866085112094,-0.1896572560071945,-0.1242595687508583,-0.0628472566604614,-0.0965145453810691,0.03403976932168,-0.0907432585954666,-0.2770230174064636,-0.2285836786031723,0.0861253961920738,-0.0466117039322853,0.019944816827774,-0.0925898551940918,-0.1651609241962433,-0.1317850351333618,-0.0950963497161865,-0.3560249507427215,0.1891583949327469,-0.2597666382789612,0.2559094429016113,-0.2713300287723541,-0.0628107860684394,-0.2275455445051193,-0.0755103304982185,0.0833528414368629,0.3733431398868561,0.0778394564986229,0.0784779489040374,-0.166917473077774,0.0052081174217164,-0.234072133898735,0.2611449956893921,-0.133759319782257,-0.0694078132510185,-0.1030753403902053,-0.0414893217384815,0.1031655669212341,-0.1034452840685844,0.0432443842291832,-0.110642671585083,-0.5421351194381714,0.1371350586414337,0.211355060338974,-0.3577959835529327,-0.1528788208961486,-0.0733504891395568,0.1050765067338943,-0.1760051995515823,0.2817286550998688,0.0283086169511079,-0.0104609373956918,0.1898300945758819,0.1546827256679535,0.135197639465332,0.2105813771486282,0.2724157571792602,0.4805611968040466,0.349688708782196,1
s_000341,내 딸은 암으로 고생하는데 내가 건강하게 살아있는 것이 괴로워. [SEP] 따님은 암 투병 중이신데 건강하게 살아있다는 것이 괴롭게 느껴지시는 군요. [SEP] 치료받느라고 힘들어서 삐쩍 마른 것을 보니까 마음이 찢어질 것 같았어. [SEP] 치료를 지켜보면서 마음이 많이 아프겠어요. 앞으로 어떻게 하는 것이 좋을까요? [SEP] 마음이 담대해지도록 노력해야지. 내가 슬퍼하는 것을 보는 것이 더 힘들다고 딸이 말했거든. [SEP] 마음을 굳게 먹으셨군요.,E40,Pro_12211,Pro_12211_00003,Pro_12211,-0.0852530673146247,-0.137040302157402,-0.2797130942344665,-0.2284605056047439,0.0983735397458076,0.0647061690688133,-0.1432144790887832,-0.0528479032218456,0.0193527452647686,0.2574975490570068,0.0185230337083339,-0.1793970912694931,-0.1347063928842544,-0.0082741724327206,-0.0279720798134803,0.0254691503942012,-0.034545112401247,-0.2722374498844147,-0.245323821902275,0.046490054577589,-0.1072360649704933,0.0467188879847526,-0.1082974821329116,-0.1240598857402801,-0.0429215282201767,-0.0300689935684204,-0.3860898017883301,0.2315725237131118,-0.2050418704748153,0.2463668584823608,-0.2080108374357223,-0.0847099050879478,-0.2327342927455902,-0.1540789306163787,0.1045354977250099,0.388085663318634,0.0361849106848239,0.0567838586866855,-0.1915411800146103,0.0032426116522401,-0.2412348389625549,0.2516035735607147,-0.1693954020738601,-0.1170478910207748,-0.128187820315361,-0.0826746970415115,0.1530932188034057,-0.08419069647789,-0.0171723347157239,-0.1273280680179596,-0.5423694252967834,0.1913287043571472,0.1864158511161804,-0.2866917550563812,-0.1311170607805252,-0.1503273844718933,0.0664580017328262,-0.1868712455034256,0.2674950063228607,0.0148469600826501,0.0332173854112625,0.1137945055961608,0.1482699364423751,0.1660167276859283,0.2452379465103149,0.3422981202602386,0.3933822512626648,0.3879503607749939,1
s_000342,아내가 복용하는 약이 다 떨어져서 병원에 가고 있는데 병원 진료 시간이 얼마 남지 않아서 초조해. [SEP] 병원 진료 시간이 얼마 안 남아서 초조하시겠어요. [SEP] 이제 삼십 분 정도 밖에 안 남았는데. [SEP] 마음이 초조하시겠어요. 다른 방법은 없을까요? [SEP] 공과 사를 확실히 하는 친구거든. 회비 관리에 아주 열심히 하는 모습이 대단해. [SEP] 그런 분이 곁에 있어 든든하시겠어요.,E62,Pro_10853,Pro_10853_00006,Pro_10853,-0.1126424893736839,-0.1861426681280136,-0.2592978477478027,-0.1986928731203079,0.0706348568201065,0.1126288548111915,-0.1169430986046791,-0.0699202194809913,0.029120247811079,0.2308992892503738,0.023361736908555,-0.1899942457675933,-0.0909826457500457,-0.0288251023739576,-0.0237596724182367,0.0910852700471878,-0.0363336764276027,-0.27359539270401,-0.201374351978302,0.0004374906129669,-0.1015464290976524,0.0618292838335037,-0.0650233626365661,-0.1387977302074432,-0.0491096898913383,-0.066229872405529,-0.3647650778293609,0.2062223553657531,-0.2132488191127777,0.2357158660888672,-0.2391937375068664,-0.1115117445588111,-0.2380415350198745,-0.1649003624916076,0.0888008922338485,0.338101327419281,0.0251718740910291,0.1051447391510009,-0.1469680219888687,-0.0219774413853883,-0.1913632452487945,0.2090405076742172,-0.1727176010608673,-0.1241369023919105,-0.0869592875242233,-0.0928928330540657,0.1473525613546371,-0.0792990252375602,0.0150171890854835,-0.1293863207101822,-0.4820339977741241,0.1391657888889312,0.12772136926651,-0.2453058212995529,-0.0961982086300849,-0.1047634780406951,-0.007241167128086,-0.1728671044111251,0.2707337737083435,0.0461769439280033,0.0183680858463048,0.1074551939964294,0.1626807600259781,0.1397877484560012,0.2386452555656433,0.3583227396011352,0.3737325072288513,0.2764102220535278,1
s_000343,저번에 의사가 간암이라고 진단했었는데 오늘 오진으로 밝혀져서 너무 화가 나. [SEP] 의사가 오진을 하여 많이 화가 나셨군요. [SEP] 간암 진단받고 그동안 피 말리는 기분이었는데 지금 얼마나 화가 나는지 몰라. [SEP] 간암 진단받고 그동안 피 말리는 기분이었기에 화가 나는군요. 지금의 기분에서 벗어나기 위해 할 수 있는 무언가가 있을까요? [SEP] 병원에 연락하여 손해배상을 요구할래. [SEP] 연락이 원만하게 잘 이루어져 상황이 잘 해결되었으면 좋겠어요.,E57,Pro_10608,Pro_10608_00012,Pro_10608,0.8034895062446594,1.0,1.0,1.0,1.0,0.9999999403953552,-0.9958703517913818,-0.999938189983368,-0.9418811202049256,-0.9875698685646056,1.0,-0.995431661605835,1.0,-0.9995036721229552,1.0,1.0,-1.0,0.3063104152679443,1.0,0.9819806814193726,0.9996972680091858,0.3801036179065704,-0.999997854232788,-1.0,0.9997564554214478,-1.0,0.6939705610275269,1.0,0.9860994815826416,-1.0,-1.0,1.0,-0.9999999403953552,0.9959774613380432,-1.0,1.0,1.0,1.0,0.9941587448120116,0.9998357892036438,-0.7169448137283325,-0.9505136013031006,-0.9963802099227904,0.9978495836257936,0.9999999403953552,-0.9999995827674866,0.9924834370613098,-0.9985457062721252,1.0,-0.2319502234458923,0.994521141052246,0.9999851584434508,0.9979425072669984,0.9999918937683104,-1.0,-0.9999977946281432,-0.2739042341709137,1.0,-1.0,-1.0,-1.0,-1.0,-0.787264347076416,1.0,0.2830352783203125,0.2395949810743332,0.6145647764205933,0.3316770195960998,7
s_000344,최근에 편두통이 심해져서 너무 힘들어. 약을 먹어도 효과가 있는 것 같지도 않아. [SEP] 병원에 가보셨나요? 약을 드셨는데도 효과가 없다면 심하신 걸까요? [SEP] 두 명이 있는데 바쁘기도 하고 만나기도 멀어. 어렸을 때는 아주 가까운 친구였는데 말이야. [SEP] 편두통이 계속되시면 힘드시겠어요. 심신이 지치셔서 더 그러신 것은 아닌지 걱정되네요. [SEP] 편두통 스트레스 때문에 증상이 더 심해져. 완전히 악순환이야. [SEP] 그럴 수도 있겠군요. 앞으로 할 대책이 있으신가요?,E32,Pro_07283,Pro_07283_00023,Pro_07283,-0.0298798978328704,-0.1857194006443023,-0.2915756106376648,-0.3160358965396881,0.1637288182973861,0.0520824082195758,-0.1604537367820739,-0.0225280951708555,0.0347730182111263,0.2813182771205902,0.0450772419571876,-0.1570309549570083,-0.1335826367139816,-0.0637777894735336,-0.1055566221475601,-0.0155156850814819,-0.0793686881661415,-0.2604202926158905,-0.2311265617609024,0.1309189051389694,-0.0260895285755395,0.0277245137840509,-0.1110155880451202,-0.107808269560337,-0.1041580587625503,-0.0584237091243267,-0.3565397560596466,0.2227859199047088,-0.2381623238325119,0.230008527636528,-0.2680303454399109,-0.066162459552288,-0.2106300145387649,-0.0330829210579395,0.0866070762276649,0.396702766418457,0.0467893593013286,0.067911759018898,-0.1813534945249557,0.0264384560286998,-0.2660101354122162,0.2630634903907776,-0.1291788667440414,-0.0944487079977989,-0.1192123591899871,-0.0366499722003936,0.0927818641066551,-0.092768095433712,0.0388299636542797,-0.1062387600541114,-0.563876748085022,0.1668286472558975,0.2648962438106537,-0.3821994066238403,-0.1184995770454406,-0.0640067234635353,0.1478040516376495,-0.1993424892425537,0.2671124339103699,0.0021066076587885,0.0020920343231409,0.2221108973026275,0.1565728783607483,0.1584848910570144,0.1546423435211181,0.2857634425163269,0.4860517382621765,0.4048109054565429,1
s_000345,내가 진짜 싫어하는 선배가 승진 못하게 하려고 일부러 프로젝트에서 실수했어. [SEP] 프로젝트에서 일부러 실수해서 싫어하는 선배의 승진을 막으셨군요. [SEP] 고소하고 기분 좋긴 한데 선배한테 걸리면 엄청 화내겠지? 조용히 숨겨야겠어. [SEP] 선배가 화낼 것 같아 숨기려고 하시는군요. 더 좋은 방법은 없을까요? [SEP] 솔직하게 얘기하나 들키나 어차피 화나는 건 똑같으니까 그냥 조용히 있을래. [SEP] 결과가 달라지지 않으니 가만히 있으려고 하시는군요.,E15,Pro_05346,Pro_05346_00014,Pro_05346,-0.0342125669121742,-0.2291940748691558,-0.2798163890838623,-0.292007714509964,0.1535996943712234,0.0812759101390838,-0.1668097972869873,-0.0404950119554996,0.0441284775733947,0.2681493163108825,0.0346173979341983,-0.1762543320655822,-0.1151868551969528,-0.0808950141072273,-0.1152655854821205,0.0264729261398315,-0.0971362516283989,-0.2699142396450043,-0.2141553312540054,0.1075301244854927,-0.0198436751961708,0.0233383271843194,-0.0873588174581527,-0.1452427804470062,-0.1363947987556457,-0.0980522856116294,-0.344708651304245,0.1932252794504165,-0.2617869675159454,0.2403461337089538,-0.2925772666931152,-0.0686942562460899,-0.2190576195716858,-0.0371358431875705,0.0764836743474006,0.370741456747055,0.0651514455676078,0.0912466794252395,-0.1577529907226562,0.0104432813823223,-0.2384386211633682,0.2526345252990722,-0.1251361072063446,-0.0768079608678817,-0.0951393395662307,-0.0330462828278541,0.0851534232497215,-0.1002671793103218,0.0632605478167533,-0.1056143790483474,-0.5398597121238708,0.1278320252895355,0.2323519885540008,-0.3765638470649719,-0.1275373995304107,-0.0379266999661922,0.1175773367285728,-0.1840862780809402,0.2781521081924438,0.0249893311411142,-0.0169626418501138,0.2236864268779754,0.1620361059904098,0.1351810842752456,0.1689261496067047,0.2715553045272827,0.4984453320503235,0.3422971665859222,1
s_000346,골프 동호회에서 젊은 사람들이 나를 왕따시키는 것 같아 서글퍼. [SEP] 무엇 때문에 소외감을 느끼실까요? [SEP] 나이도 많은 내가 후배들한테 밥 한 끼 사겠다고 해도 다들 반가워 하지 않는 눈치야. [SEP] 지금의 소외감을 해소하기 위한 방법이 있을까요? [SEP] 다음엔 자기네들끼리 회식할 때 몰래 계산만 해 주고 나와 봐야겠어. [SEP] 회사 후배들과 교류하시려는 노력이 눈물겨우십니다.,E22,Pro_11353,Pro_11353_00001,Pro_11353,-0.0580398961901664,-0.2389183789491653,-0.2771181762218475,-0.2843789160251617,0.1383610218763351,0.1032053083181381,-0.1525694280862808,-0.0474982075393199,0.0451554432511329,0.265915960073471,0.0444289110600948,-0.1807094365358352,-0.1037452593445777,-0.0754666998982429,-0.0984866693615913,0.0540680959820747,-0.0892304331064224,-0.2792371809482574,-0.2047497183084488,0.0800082609057426,-0.0314315184950828,0.0373057089745998,-0.0731849074363708,-0.1446054279804229,-0.1185410320758819,-0.0971371531486511,-0.3542491197586059,0.2010998129844665,-0.2581546902656555,0.2387263923883438,-0.2997513711452484,-0.091429129242897,-0.2305385321378708,-0.0619475021958351,0.0783795714378357,0.3649235367774963,0.0483713969588279,0.1074694916605949,-0.1515637785196304,-0.0022982130758464,-0.2332847863435745,0.2381515204906463,-0.1415161341428756,-0.0988600328564643,-0.0847929939627647,-0.0489680431783199,0.0993001163005828,-0.0968426764011383,0.064872570335865,-0.1149539425969123,-0.5312821269035339,0.1223302707076072,0.2108443826436996,-0.353387713432312,-0.1095993220806121,-0.0388888530433177,0.0829198509454727,-0.1881140768527984,0.284403383731842,0.0341616906225681,-0.0139335496351122,0.2109351903200149,0.1722770035266876,0.1374880224466323,0.1775514185428619,0.3088318705558777,0.4849601984024048,0.3158710896968841,1
s_000347,이번 달리기 시합에서는 일등 할 수 있을 것 같아. [SEP] 이번 달리기 시합에 자신이 있으시군요. [SEP] 아침마다 달리기를 해서 실력을 늘렸지. [SEP] 실력을 늘리기 위해 노력하셨군요. [SEP] 일등 해서 노력한 보람을 느끼고 싶어. [SEP] 시합에서 좋은 결과가 있길 바라요.,E62,Pro_01793,Pro_01793_00017,Pro_01793,-0.1642758399248123,-0.1481303870677948,-0.2407648563385009,-0.068104401230812,-0.0063243727199733,0.1303681582212448,-0.1206632703542709,-0.1179577857255935,0.0152969770133495,0.1974833756685257,-0.0291073564440011,-0.2330492585897445,-0.0963810831308364,0.0293105375021696,0.0549000613391399,0.1484339088201522,-0.0023220586590468,-0.2946863770484924,-0.2245578467845916,-0.1017204821109771,-0.1937863677740097,0.0678919032216072,-0.0603590197861194,-0.1953989118337631,-0.013405991718173,-0.0596702732145786,-0.3946414589881897,0.1917493492364883,-0.1963873207569122,0.2737891972064972,-0.1731537878513336,-0.1156969740986824,-0.2679706513881683,-0.3012977838516235,0.1064643487334251,0.3216055035591125,0.045281246304512,0.0884942337870597,-0.1561798900365829,-0.0527544468641281,-0.1514610946178436,0.2080705761909485,-0.2101589441299438,-0.1198442801833152,-0.0942678898572921,-0.1353512406349182,0.2109514027833938,-0.0807905569672584,-0.0437102951109409,-0.1504176706075668,-0.4537611603736877,0.1524130254983902,0.020625777542591,-0.136955127120018,-0.1466528177261352,-0.2044722288846969,-0.0979946702718734,-0.1437230706214904,0.2797242999076843,0.0702329352498054,0.0416109450161457,-0.0236549861729145,0.1472797244787216,0.1337002217769622,0.3699176907539367,0.3903813362121582,0.284880667924881,0.2459283769130706,1
s_000348,나는 몸도 안 좋은데 학교를 졸업하면 뭘 할 수 있을까? 취직이 참 문제야. [SEP] 몸이 안 좋으신가요? 아직 학생이신데 그런 고민을 하시고 많이 속상하셨겠어요. [SEP] 나도 이제 부모님한테 보탬이 되고 싶은데. 몸이 아파서 아르바이트도 못 구할 거 같아. [SEP] 건강이 안 좋으셔도 취직에 도움을 얻을 수 있는 방법이 있지 않을까요? [SEP] 그런 게 있을까. 한 번 검색해서 찾아라도 봐야겠어. [SEP] 걱정을 덜고 앞으로 일이 잘 해결되었으면 좋겠어요.,E35,Pro_01766,Pro_01766_00010,Pro_01766,-0.0863532200455665,-0.213284358382225,-0.276094913482666,-0.1597415208816528,0.0850352644920349,0.1106944009661674,-0.2181844860315323,-0.1093697994947433,0.0339813828468322,0.2638587057590484,-0.0309400185942649,-0.2533403933048248,-0.1538173407316208,-0.0050097731873393,-0.0344967097043991,0.0975266471505165,-0.0887298136949539,-0.3360671103000641,-0.2792276442050934,-0.0072284648194909,-0.1370309144258499,0.0140482326969504,-0.0937010496854782,-0.2596975862979889,-0.1289258748292923,-0.1043832898139953,-0.4212980568408966,0.1853521913290023,-0.2805321514606476,0.3268761336803436,-0.2393847405910492,-0.0690575242042541,-0.2864487767219543,-0.2185363471508026,0.1117011681199073,0.3978989124298095,0.119306243956089,0.0557535216212272,-0.2019107192754745,-0.030448755249381,-0.2409768253564834,0.2948485612869262,-0.184272900223732,-0.0633487477898597,-0.1166162714362144,-0.0788104981184005,0.1777262538671493,-0.1261438429355621,-0.0049880384467542,-0.1431287229061126,-0.5767473578453064,0.1560270190238952,0.1360155493021011,-0.3072255551815033,-0.2423471361398697,-0.1848479509353637,0.0480241402983665,-0.1616495996713638,0.3245483636856079,0.053010769188404,-0.0005650482489727,0.0885656625032424,0.1518480330705642,0.1401104032993316,0.3732476234436035,0.3190329670906067,0.4645178616046905,0.3638280928134918,1
s_000349,오랜만에 친구를 만나고 왔어. [SEP] 친구분을 만나 반가우셨겠어요. [SEP] 친구가 요즘 몹시 외로운가 봐. 얘기를 들으니 나도 속이 상하네. [SEP] 친구분께 무슨 일이 있나요? [SEP] 시누이와 갈등이 있는데 남편이 자기 얘기는 듣지도 않고 시누이 편만 든다며 서운해하더군. 남편은 남의 편이라서 남편이라고 하더라. [SEP] 친구분 마음이 나아지면 좋겠네요.,E45,Pro_11376,Pro_11376_00031,Pro_11376,-0.0793081000447273,-0.1851404458284378,-0.2669850587844848,-0.2306253910064697,0.1013163775205612,0.0884411856532096,-0.1347492337226867,-0.0554727762937545,0.0309989470988512,0.2422681450843811,0.0227231457829475,-0.1802122890949249,-0.1044906973838806,-0.0435164272785186,-0.0551662892103195,0.0536914207041263,-0.0528145730495452,-0.2644581794738769,-0.2102947980165481,0.0464845709502697,-0.0744676664471626,0.0456193834543228,-0.0811263546347618,-0.1335238516330719,-0.0759072974324226,-0.0691329538822174,-0.3541421294212341,0.2022291421890258,-0.2231478542089462,0.234424352645874,-0.2451486736536026,-0.0880835130810737,-0.2243636548519134,-0.1173237636685371,0.0852622389793396,0.3514266908168793,0.0407660119235515,0.0904391109943389,-0.1547891348600387,-0.0042881364934146,-0.2082692682743072,0.2278253585100174,-0.1514811962842941,-0.1027930304408073,-0.0972829312086105,-0.0694224461913108,0.1238464042544364,-0.0845499783754348,0.023571565747261,-0.1176933869719505,-0.5027802586555481,0.1437993198633194,0.1707894206047058,-0.2926919162273407,-0.1101722717285156,-0.088888444006443,0.0468825027346611,-0.1752429455518722,0.2662030160427093,0.0326463133096694,0.0105056026950478,0.1446055322885513,0.1559725701808929,0.139965146780014,0.2114674896001815,0.3171319663524627,0.4089529514312744,0.3136840164661407,1
s_000350,옆 가게는 주인이 아파서 가게도 잘 안 여는데 열 때마다 장사가 잘돼. [SEP] 옆 가게가 항상 잘돼서 부러우셨군요. [SEP] 부럽지. 우리 가게도 좀 잘됐으면 좋겠는데. [SEP] 가게를 살릴 수 있는 방법은 없을까요? [SEP] 컨설팅을 한번 알아봐야겠어. [SEP] 가게가 번창하길 바랄게요.,E41,Pro_10832,Pro_10832_00006,Pro_10832,-0.0984463393688201,-0.1887330859899521,-0.2619140446186065,-0.1983415484428405,0.0798574239015579,0.1044370457530021,-0.1355073153972625,-0.0717487037181854,0.0301569327712059,0.2353429645299911,0.0129658840596675,-0.1959489285945892,-0.1018882691860199,-0.0308666713535785,-0.0347305350005626,0.0815524086356163,-0.0478324815630912,-0.2770212888717651,-0.2129563838243484,0.012117545120418,-0.0983220562338829,0.0497148968279361,-0.0729986801743507,-0.1548678278923034,-0.0694037079811096,-0.0740379244089126,-0.3657824993133545,0.1984342187643051,-0.224777951836586,0.2471627444028854,-0.2389426529407501,-0.0966663807630539,-0.2386141568422317,-0.157981127500534,0.0895173251628875,0.3460852801799774,0.0444759726524353,0.0942741334438324,-0.1541700512170791,-0.0178599618375301,-0.198101133108139,0.2248382866382599,-0.165823146700859,-0.1062171161174774,-0.0930810198187828,-0.0831660628318786,0.1428733766078949,-0.0867362841963768,0.0148799950256943,-0.1263754367828369,-0.4961965978145599,0.1404459476470947,0.138057678937912,-0.2651369273662567,-0.1210036352276802,-0.1098422035574913,0.0141539731994271,-0.1691897362470626,0.2748260200023651,0.0440925657749176,0.0130275534465909,0.1137213930487632,0.1575422435998916,0.1372012197971344,0.2488177865743637,0.335553377866745,0.3926909565925598,0.2942100465297699,1
s_000351,공부를 가르쳐준 학원 선생님이 너무 고마워. [SEP] 그렇군요. 학원 선생님께 고마운 마음을 갖고 계시는군요. [SEP] 선생님 때문에 좋은 대학에 들어갈 수 있었어. [SEP] 좋은 대학에 들어갈 수 있도록 가르쳐 주신 정말 고마운 선생님이네요.,E61,Pro_01792,Pro_01792_00002,Pro_01792,-0.1608927100896835,-0.1578136682510376,-0.2438260018825531,-0.0964567139744758,0.0056348722428083,0.1326204240322113,-0.1122572869062423,-0.1080282777547836,0.018296230584383,0.2035643309354782,-0.0126651981845498,-0.2227440327405929,-0.0902692452073097,0.0179698411375284,0.0434484109282493,0.143155425786972,-0.0053890720009803,-0.290944755077362,-0.2147311121225357,-0.0871539115905761,-0.1763786226511001,0.0723746046423912,-0.0567122213542461,-0.1784577518701553,-0.0125004583969712,-0.0587515793740749,-0.3897046148777008,0.1987530589103698,-0.1963921040296554,0.2621071934700012,-0.1896020025014877,-0.1229819804430008,-0.2633767127990722,-0.2777256071567535,0.102775327861309,0.3223070800304413,0.032445877790451,0.0980712547898292,-0.1512422114610672,-0.0493264347314834,-0.157926544547081,0.2014425098896026,-0.2067446112632751,-0.1297981739044189,-0.0891785845160484,-0.1314320862293243,0.2007034718990326,-0.0778679847717285,-0.0303165502846241,-0.1483242958784103,-0.4548362195491791,0.1482843309640884,0.0379103608429431,-0.1513555198907852,-0.1255673766136169,-0.1814708262681961,-0.0897650569677352,-0.152158036828041,0.2778998613357544,0.0670399293303489,0.0384493246674537,0.0016365343471989,0.1540802866220474,0.1363450288772583,0.3395288586616516,0.3964769840240478,0.297368586063385,0.2434590756893158,1
s_000352,나는 예전에도 공부를 못했고 지금도 아무것도 못 하는 건 똑같아. 난 내가 진짜 싫어. [SEP] 스스로가 미운 감정이 들어서 괴로우셨겠어요. [SEP] 나는 대학도 좋은 곳을 못 다녀서 분명 좋은 곳에 취업도 못 할 거야. [SEP] 어떤 점이 자신을 스스로 그렇게 생각하게 했나요? [SEP] 나는 자신감이 없어. 그래서 내가 더 미운 것 같아. [SEP] 어떠한 계기를 통해서라도 자신감을 찾을 수 있으면 좋겠어요.,E10,Pro_05341,Pro_05341_00006,Pro_05341,-0.0555037669837474,-0.2308443933725357,-0.2753614485263824,-0.2576872110366821,0.1305053681135177,0.0976254418492317,-0.1691332310438156,-0.0585442893207073,0.0426337718963623,0.2621669769287109,0.023474596440792,-0.1941041797399521,-0.1147830486297607,-0.0648141503334045,-0.0916322171688079,0.0555870793759822,-0.0912635698914527,-0.2849596738815307,-0.2199515849351883,0.0701022371649742,-0.0483532100915908,0.027535542845726,-0.0802906602621078,-0.1691438853740692,-0.1281598806381225,-0.1014570295810699,-0.3603151440620422,0.1908884644508361,-0.2632834017276764,0.2559098303318023,-0.2841956615447998,-0.0777912139892578,-0.2358876317739486,-0.0850606560707092,0.0825888291001319,0.3680190742015838,0.0696630477905273,0.0931263715028762,-0.1599173992872238,-0.0041269911453127,-0.2302551120519638,0.2516925036907196,-0.1423419117927551,-0.0811607390642166,-0.092618353664875,-0.0488848537206649,0.1083195805549621,-0.1031439825892448,0.0513259097933769,-0.1159884110093116,-0.5366180539131165,0.1271998137235641,0.1985615342855453,-0.3486145436763763,-0.1418819278478622,-0.0654181614518165,0.0838086381554603,-0.1783075183629989,0.2883531153202057,0.0365407466888427,-0.0130821419879794,0.1890987157821655,0.1634161472320556,0.1338780969381332,0.2130695879459381,0.2933540642261505,0.4810291528701782,0.3263916373252868,1
s_000353,주변인들에 대한 불신이 매우 뿌리깊어. 다들 유산만 노리고 있지. [SEP] 주변 혈육들이 유산을 노린다고 느끼시나 봅니다. [SEP] 정신이 멀쩡할 때는 어른 대접하더니 정신이 온전치 못하다고 면전에서 돈 많은 송장 취급해. [SEP] 사람들이 본인을 공경하기보다 이익을 취하려고 접근한다는 비관적인 관점을 갖고 계시는군요. [SEP] 내가 어디 한 푼도 지들한테 주나 보라지. 이승 갈때도 모조리 싸들고 갈 테다. [SEP] 주변인들에 대한 불신이 매우 뿌리깊으시군요.,E42,Pro_11373,Pro_11373_00067,Pro_11373,-0.0833057612180709,-0.1730669140815735,-0.2664433717727661,-0.2404689490795135,0.1003886684775352,0.0840299278497695,-0.1174594610929489,-0.0464166142046451,0.0285342037677764,0.2394698113203048,0.0330617874860763,-0.1670156121253967,-0.0978753566741943,-0.0437536351382732,-0.0511018149554729,0.0459107831120491,-0.0412005633115768,-0.2531243562698364,-0.2010620981454849,0.0510017536580562,-0.0706368759274482,0.0541135966777801,-0.0806751623749733,-0.1077441424131393,-0.0571197122335433,-0.0559806674718856,-0.3475863039493561,0.2109510153532028,-0.2081265598535537,0.2181452065706253,-0.2405536472797393,-0.0947155803442001,-0.2155885249376297,-0.1091396287083625,0.0836648941040039,0.3467493951320648,0.0225190892815589,0.0941345021128654,-0.1504639685153961,-0.0004713087982963,-0.2054884433746338,0.2159877121448516,-0.1509195119142532,-0.1158274784684181,-0.0968731865286827,-0.0727526322007179,0.1210208386182785,-0.0758662149310112,0.0220670774579048,-0.1159678250551223,-0.4919328689575195,0.1482034027576446,0.174818068742752,-0.2834395468235016,-0.0852594003081321,-0.0814226567745208,0.0428701415657997,-0.179765447974205,0.2558939456939697,0.0277269762009382,0.0170216672122478,0.1464963108301162,0.1568492501974105,0.1441963762044906,0.1887492835521698,0.3267512321472168,0.3921527564525604,0.3108751177787781,1
s_000354,내가 마카롱을 좋아하는 것을 알고 그가 내게 마카롱 선물을 했어 나를 좋아하는 것이 틀림없어. 행복해. [SEP] 정말 기뻤겠어요. [SEP] 나도 그가 정말 좋거든. [SEP] 어떤 점이 좋으세요? [SEP] 세심하게 배려하는 자세가 좋아. [SEP] 앞으로도 기분 좋은 일만 생겼으면 좋겠어요.,E66,Pro_05277,Pro_05277_00025,Pro_05277,-0.2126191854476928,-0.1581454873085022,-0.2295215725898742,0.0230753663927316,-0.0623308233916759,0.1716694682836532,-0.1304715424776077,-0.1630201190710067,0.0129929194226861,0.182975560426712,-0.0579471178352832,-0.2779900133609772,-0.0957367718219757,0.0664495453238487,0.1095476895570755,0.2196177542209625,0.0078459484502673,-0.3328926563262939,-0.2391711473464965,-0.1915926784276962,-0.2582581341266632,0.0758170783519744,-0.0419994369149208,-0.2581961154937744,0.0002934411168098,-0.0731892138719558,-0.4307396709918976,0.1827872842550277,-0.2051314562559127,0.3138591349124908,-0.1553553491830825,-0.136171817779541,-0.3092180788516998,-0.4028156995773315,0.1206486970186233,0.314617782831192,0.0608780868351459,0.0938558131456375,-0.1609140336513519,-0.0890697762370109,-0.1307036578655243,0.2077950090169906,-0.2496431320905685,-0.1265936940908432,-0.0867620334029197,-0.1712363064289093,0.2635188996791839,-0.0900967717170715,-0.0698684751987457,-0.1751850992441177,-0.4465318322181701,0.1475221067667007,-0.0660343170166015,-0.0636600703001022,-0.1860451847314834,-0.2660015523433685,-0.1782540082931518,-0.128204733133316,0.3070011138916015,0.0999610498547554,0.0480833947658538,-0.1087143421173095,0.1510652005672454,0.1284402906894683,0.4803356826305389,0.439813494682312,0.248731255531311,0.2050973027944564,1
s_000355,엄마가 자꾸 초라한 옷을 입고 오는 것이 싫어. 친구들보다 가난해 보이는 것 같아. [SEP] 조금 더 자세히 말씀해 주시겠어요? [SEP] 이 문제를 엄마에게 말하니 싸웠어. 나도 이러고 싶었던 건 아닌데 너무 슬퍼. [SEP] 어떤 방법으로 현재 상황을 해결할 수 있을까요? [SEP] 엄마에게 미안하다고 사과하고 내 태도도 고쳐야겠어. [SEP] 지금의 해결책으로 상황이 풀리면 좋겠어요.,E22,Pro_05113,Pro_05113_00018,Pro_05113,0.6480646133422852,0.999353051185608,0.9997043013572692,0.9999997615814208,0.9997490048408508,0.9996219277381896,-0.9206053018569946,-0.927396833896637,-0.3551961481571197,-0.4481118023395538,0.9983311295509338,-0.825593113899231,0.9999999403953552,-0.9581448435783386,0.999299943447113,0.9994467496871948,-0.9999983906745912,0.6698814034461975,0.9999998211860656,0.0693355724215507,0.9424266815185548,-0.6046237945556641,-0.963570773601532,-0.9999991655349731,0.96270489692688,-0.9997240900993348,0.4982002079486847,0.9991232752799988,-0.571431577205658,-0.9999997615814208,-0.999838411808014,0.9999998211860656,-0.9994832277297974,0.6223960518836975,-0.9985530972480774,0.999999701976776,0.9999998807907104,0.9999601244926452,0.8469465970993042,0.7252091765403748,-0.3725351989269256,-0.7137107849121094,-0.9164209365844728,0.9026984572410583,0.9955319166183472,-0.992786705493927,0.8960298299789429,-0.7589675784111023,0.9998233914375304,-0.749204695224762,0.2225573360919952,0.9720513820648192,0.906980037689209,0.9820194244384766,-0.9984984993934632,-0.9759296774864196,0.6235023736953735,0.9999789595603944,-0.981334924697876,-0.9993386268615724,-0.99917471408844,-0.9999976754188538,-0.4287936687469482,0.9985660910606384,0.3225147724151611,0.2888064384460449,0.5498818755149841,0.3346681296825409,4
s_000356,친구가 더 늙기 전에 건강을 생각해서 등산을 다니자는데 거절하기가 조심스러워. [SEP] 친구분의 제안을 거절하기가 조심스러우시군요. 혹시 어떤 이유에서 조심스러운건지 여쭤봐도 될까요? [SEP] 그 친구가 근처에 친한 사람이 나밖에 없거든. 타지에서 칠십살이 되도록 고생하고 있어. [SEP] 타지에서 고행하는 친구의 사연을 아시다보니 더 거절하기가 조심스러운거군요.,E38,Pro_12149,Pro_12149_00005,Pro_12149,-0.0790188610553741,-0.2018163353204727,-0.2680785059928894,-0.2466648072004318,0.1082162857055664,0.0972888320684433,-0.1311385035514831,-0.0523248389363288,0.0351786240935325,0.2462901920080185,0.0337991081178188,-0.1775276660919189,-0.0978612527251243,-0.0537285655736923,-0.0643491446971893,0.0591527037322521,-0.0590970888733863,-0.2665156424045563,-0.2016560584306717,0.0513020865619182,-0.0616554282605648,0.0485095418989658,-0.0740085840225219,-0.1297373920679092,-0.08091651648283,-0.0756428837776184,-0.3517903685569763,0.2037980556488037,-0.2289733290672302,0.2297291308641433,-0.2628974020481109,-0.0956540256738662,-0.2251917272806167,-0.1022706925868988,0.0818957462906837,0.349808782339096,0.0345888175070285,0.1018104329705238,-0.1487002521753311,-0.0057591088116168,-0.2107458710670471,0.2225441932678222,-0.150554284453392,-0.1087868586182594,-0.0894378498196601,-0.0670500844717025,0.1170597597956657,-0.0847261622548103,0.0376256853342056,-0.1176048070192337,-0.502720832824707,0.1346344798803329,0.1772697418928146,-0.3022975027561188,-0.0977536514401435,-0.0688987672328949,0.0470474176108837,-0.1799509972333908,0.2693518400192261,0.0347960628569126,0.0047024362720549,0.1628365069627761,0.1632395088672638,0.1390271037817001,0.1950451582670211,0.3232096433639526,0.4230945408344269,0.3026910126209259,1
s_000357,나와 남편은 정말 친구 같아. 워낙 잘 맞다 보니 같이 있으면 아직도 재미있어. [SEP] 잘 맞는 남편분과 함께하면 언제나 즐거우시겠어요. [SEP] 응. 그런데 요즘엔 밖에 통 못나가서 집에서만 있으려니 조금 무료하긴 해. [SEP] 집에서만 지내느라 무료하시군요. 어떻게 하면 조금 더 즐겁게 지낼 수 있을까요? [SEP] 분위기 낼 겸 남편한테 들어올 때 와인 좀 사오라고 해야겠어. [SEP] 멋진 음악과 와인으로 남편분과 함께 즐거운 시간을 보내시길 바라요.,E63,Pro_08634,Pro_08634_00005,Pro_08634,-0.1800239235162735,-0.1866457164287567,-0.2597217559814453,-0.1495315730571746,0.0195640586316585,0.1596742868423462,-0.1044882237911224,-0.1018794700503349,0.0245080273598432,0.2350424826145172,0.028624827042222,-0.2203222811222076,-0.0904764831066131,0.0179764553904533,0.0452461801469326,0.1577540189027786,-0.0109002673998475,-0.3177860081195831,-0.214808776974678,-0.0893789157271385,-0.1698106974363327,0.0906123667955398,-0.0472110323607921,-0.1649908870458603,0.0059521128423511,-0.0493769980967044,-0.421684056520462,0.2365236729383468,-0.2048501670360565,0.2620755434036255,-0.2294287085533142,-0.1614205241203308,-0.2863843739032745,-0.2773667275905609,0.1113952696323394,0.3525114357471466,-2.86884605884552e-05,0.117689773440361,-0.1630245596170425,-0.0578030757606029,-0.1998375952243805,0.2004638016223907,-0.2323674261569976,-0.1767178475856781,-0.0833645015954971,-0.1450466960668563,0.2148286551237106,-0.0796486735343933,-0.0153062781319022,-0.1648914515972137,-0.4963595271110534,0.1558901518583297,0.0631413757801055,-0.1713539361953735,-0.0971391350030899,-0.1710478216409683,-0.0913251861929893,-0.1834415644407272,0.3001404702663421,0.0656923949718475,0.0382740870118141,0.0324706248939037,0.1812616139650344,0.1591934263706207,0.3258759975433349,0.4675798714160919,0.3348510861396789,0.2596733272075653,1
s_000358,나가는 돈은 많은데 수입이 너무 적어. 앞으로가 너무 막막해. [SEP] 수입이 적어서 앞으로가 걱정이 되시는군요. [SEP] 대학교를 나왔다면 더 좋은 직장에 다녔을 텐데 지금은 내가 할 수 있는 게 없어. [SEP] 이 상황을 변화시키기 위해 무엇을 할 수 있을까요? [SEP] 모르겠어. 아무것도 생각나지 않아. [SEP] 어떻게 해야 할지 의논할 수 있는 상대가 있었으면 좋겠어요.,E36,Pro_07167,Pro_07167_00003,Pro_07167,-0.0796091258525848,-0.2293559461832046,-0.2731121480464935,-0.1876984387636184,0.096708595752716,0.1148406416177749,-0.200986623764038,-0.0964535102248191,0.0389920733869075,0.2603283226490021,-0.0131376953795552,-0.2375287413597107,-0.1353227645158767,-0.0283982679247856,-0.054061159491539,0.0950498208403587,-0.0922444090247154,-0.3217340409755707,-0.2545530796051025,0.0110939806327223,-0.106908418238163,0.0195332150906324,-0.0825079083442688,-0.236269935965538,-0.1329878866672516,-0.111285887658596,-0.3995998799800873,0.1821914613246917,-0.2789320349693298,0.3047041296958923,-0.2609098851680755,-0.0754262134432792,-0.272326648235321,-0.177141398191452,0.0999108627438545,0.3817649483680725,0.1039348989725112,0.075403869152069,-0.1820395290851593,-0.026254367083311,-0.2310343533754348,0.2762955129146576,-0.1711579114198684,-0.0686501041054725,-0.1022024899721145,-0.0697935074567794,0.1542643159627914,-0.1193603351712226,0.0195662733167409,-0.1348698884248733,-0.5574497580528259,0.1375284790992736,0.14803147315979,-0.3174226880073547,-0.2079246044158935,-0.1391555964946746,0.049762025475502,-0.1647756099700927,0.3151888847351074,0.0531399026513099,-0.0083701778203248,0.1221296489238739,0.1582364737987518,0.1335171312093734,0.3222093880176544,0.3120017945766449,0.4710803627967834,0.3349865972995758,1
s_000359,학부모 면담 때문에 부모님이 오셨는데 선생님한테 어떤 말을 듣게 될지 두려워. [SEP] 선생님께서 어떤 말씀을 하실지 두려우시군요. [SEP] 안 좋은 얘기를 하면 어떡하지? 부모님한테 혼날 텐데. [SEP] 부모님한테 혼나는 게 걱정이 되시는군요. 이 상황에서 어떻게 해야 나아질까요? [SEP] 학교생활을 어떻게 했는지 생각해 봐야겠어. [SEP] 생각을 잘 정리해서 이 문제를 해결할 수 있으면 좋겠어요.,E31,Pro_01762,Pro_01762_00049,Pro_01762,-0.0721518844366073,-0.261758416891098,-0.274279773235321,-0.1955839544534683,0.1069534495472908,0.1284389495849609,-0.2161416262388229,-0.1022166982293129,0.0468492098152637,0.2668064534664154,-0.0130051793530583,-0.2481005787849426,-0.1343832463026046,-0.0421641692519187,-0.0719430521130561,0.1083329319953918,-0.1134302243590354,-0.3341089189052582,-0.2537155151367187,0.0142853455618023,-0.0938213542103767,0.0119948145002126,-0.0748877599835395,-0.2594685554504394,-0.1622194349765777,-0.1349806487560272,-0.4008613526821136,0.1715563833713531,-0.3020897209644317,0.3159220814704895,-0.2864838540554046,-0.0743801370263099,-0.2806653976440429,-0.1648519039154052,0.0964861437678337,0.3830694854259491,0.1187570840120315,0.0843810960650444,-0.1782547235488891,-0.0311596486717462,-0.2349284440279007,0.2829706966876983,-0.1678847819566726,-0.0577886141836643,-0.0931061282753944,-0.0611068159341812,0.1465846300125122,-0.1291854232549667,0.0390015207231044,-0.1350174695253372,-0.5663053393363953,0.1201030388474464,0.1519143879413604,-0.3401159942150116,-0.221194639801979,-0.1214445680379867,0.0564940795302391,-0.1637866646051406,0.3284452259540558,0.0610182546079158,-0.0235206130892038,0.1433751136064529,0.1646234840154647,0.1259022802114486,0.3257135152816772,0.3026860952377319,0.5069054365158081,0.3237558603286743,1
s_000360,아내랑 이혼 후 난 불행해졌어. [SEP] 왜 불행하다고 느끼시나요? [SEP] 혼자서 생활하니 아내의 빈자리가 느껴져 쓸쓸하고 불행해. [SEP] 쓸쓸하고 불행함을 극복하기 위해 무엇을 할 수 있을까요? [SEP] 친구들을 만나고 혼자서도 할 수 있는 일을 찾고 있어. [SEP] 여러 방법을 찾고 있는 모습이 보기 좋아요!,E22,Pro_09793,Pro_09793_00017,Pro_09793,-0.0991077870130539,-0.2209865599870681,-0.2640060782432556,-0.1671020686626434,0.0752466022968292,0.1240159422159195,-0.1776823848485946,-0.0995932519435882,0.0361222140491008,0.2444544434547424,-0.0113172912970185,-0.2339372932910919,-0.118848018348217,-0.0233357194811105,-0.0349483042955398,0.1122236922383308,-0.0743136405944824,-0.3134045004844665,-0.2385557144880294,-0.0131343947723507,-0.118098147213459,0.0327831842005252,-0.0710728988051414,-0.223440021276474,-0.1089934706687927,-0.1051158607006073,-0.3922446370124817,0.1818091422319412,-0.2622621059417724,0.292189210653305,-0.2510476112365722,-0.0886410698294639,-0.269127607345581,-0.1957968473434448,0.0973397865891456,0.361433207988739,0.0864664390683174,0.087462194263935,-0.1681362837553024,-0.0334469862282276,-0.2082104235887527,0.2538639008998871,-0.1773214042186737,-0.0822749510407447,-0.093308612704277,-0.0829505622386932,0.1608406156301498,-0.1092599481344223,0.0149419587105512,-0.136815458536148,-0.5273412466049194,0.1317445188760757,0.1189085319638252,-0.2794102132320404,-0.1835073381662368,-0.1383847296237945,0.011864909902215,-0.1602839976549148,0.3063187897205353,0.0596924796700477,-0.0009125803480856,0.0989629030227661,0.1591960489749908,0.1300285756587982,0.3200026154518127,0.3298441469669342,0.4319279491901397,0.2995039522647857,1
s_000361,친구들과 여행지를 정하는데 아쉽더라도 다른 친구 의견을 따르기로 했어. 내가 가고 싶은 곳은 다음으로 미루려고. [SEP] 사용자님께서 친구들의 선택을 존중하기 위해 본인을 희생하신 것 같아요. [SEP] 친구를 위해서 내가 가고 싶은 여행지를 포기했는데 아무도 알아주지 않아. [SEP] 친구들이 사용자님의 희생을 몰라줘서 속상하시겠어요. [SEP] 다음번엔 친구들이 날 배려해주면 좋겠어. 이번엔 날 위해 희생하는 사람은 없었어. [SEP] 이번 여행을 가서 친구들과 대화를 해보는 것도 좋은 것 같아요.,E46,Pro_03577,Pro_03577_00015,Pro_03577,-0.124338760972023,-0.1753125935792923,-0.2546333372592926,-0.1447086334228515,0.0460168197751045,0.1159936860203743,-0.1355098038911819,-0.0930106416344642,0.0247041508555412,0.2227085679769516,-0.0064212018623948,-0.2151014059782028,-0.1032015904784202,-0.0052187563851475,0.0009720136295072,0.1101835891604423,-0.0328964293003082,-0.2888723313808441,-0.2221757173538208,-0.0350985303521156,-0.1392900198698043,0.0546743720769882,-0.0690187737345695,-0.1788718104362487,-0.0514453165233135,-0.0707769840955734,-0.3817596137523651,0.1950962096452713,-0.217934638261795,0.2637064158916473,-0.213858813047409,-0.1029417887330055,-0.2542555928230285,-0.2206203490495681,0.0978825241327285,0.3403240442276001,0.0498486384749412,0.0898056030273437,-0.1583064496517181,-0.0329964980483055,-0.1830151081085205,0.2231098860502243,-0.1852657198905944,-0.1091628819704055,-0.0948687940835952,-0.1039188653230667,0.1728377342224121,-0.0872904807329177,-0.0094062276184558,-0.1374272406101226,-0.4860504865646362,0.1460109204053878,0.0913432389497757,-0.2181871384382248,-0.1396901607513427,-0.1528103947639465,-0.0286631565541028,-0.1588302105665207,0.2808352410793304,0.055399976670742,0.0232516787946224,0.0578395947813987,0.1535321176052093,0.1361031383275985,0.3059219121932983,0.3571917116641998,0.3555097877979278,0.2794438302516937,1
s_000362,어제도 병원에 갔다 왔어. 나만 이렇게 아픈 것 같아. [SEP] 건강이 걱정되시는군요. [SEP] 나 빼고 다른 사람들은 건강한 것 같은데 나만 아픈 것 같아. [SEP] 본인의 건강이 걱정되시는군요. 어떻게 하면 지금 상황을 변화시킬 수 있을까요? [SEP] 건강한 사람들에게 조언을 구해봐야 될 것 같아. [SEP] 좋은 조언 들으셨으면 좋겠어요.,E36,Pro_08847,Pro_08847_00027,Pro_08847,-0.0589529983699321,-0.2371258586645126,-0.2739675343036651,-0.254764586687088,0.1278343498706817,0.1037205606698989,-0.1681484133005142,-0.0612501613795757,0.0438790097832679,0.2608860731124878,0.0239968188107013,-0.1967012584209442,-0.1114580705761909,-0.0660954564809799,-0.0907858833670616,0.0635710507631301,-0.092432677745819,-0.2874539792537689,-0.2170231789350509,0.0643122196197509,-0.0488845258951187,0.0288790967315435,-0.0759185031056404,-0.1730176210403442,-0.1294755786657333,-0.1056149750947952,-0.3605722188949585,0.1890120506286621,-0.2656120657920837,0.2568885385990143,-0.2882761061191559,-0.0811916589736938,-0.2384546995162964,-0.0883143469691276,0.0818081051111221,0.3648665845394134,0.0693671181797981,0.0978182330727577,-0.1567671597003936,-0.0074717504903674,-0.2271657884120941,0.2489019036293029,-0.1441238671541214,-0.0823633894324302,-0.0886877253651619,-0.050480592995882,0.1092885732650756,-0.1036264225840568,0.0544309429824352,-0.1172179877758026,-0.5334770083427429,0.1223291382193565,0.1927382797002792,-0.3455798327922821,-0.1404992789030075,-0.0625025033950805,0.0764628499746322,-0.1775018125772476,0.2906031012535095,0.0401014052331447,-0.0148636288940906,0.1882327497005462,0.1655679494142532,0.1318665593862533,0.2154758423566818,0.2970000505447387,0.4814367592334747,0.3167058527469635,1
s_000363,상사가 회식마다 술에 취해서 무례하게 행동해. 정말 꼴 보기 싫어. [SEP] 회식마다 그런 모습을 봐야 하는 게 정말 힘들겠어요. [SEP] 직장생활이라 회식에 참여를 안 할 수도 없고 말이야. [SEP] 그러한 상황에서 받는 스트레스를 푸는 방법은 어떤 것이 있을까요? [SEP] 그런 게 어딨어? 너무 힘들어. [SEP] 어떻게 해야 할지 고민을 같이 나눌 사람이 있으면 좋겠네요.,E17,Pro_03548,Pro_03548_00025,Pro_03548,-0.0091066006571054,-0.1576123088598251,-0.3027040362358093,-0.3073283433914184,0.1745796501636505,0.0218025501817464,-0.1990280896425247,-0.0263850335031747,0.028521018102765,0.2958999574184418,0.0199449360370636,-0.1692240536212921,-0.1719462275505066,-0.0430331602692604,-0.1051378324627876,-0.0487938672304153,-0.0869745537638664,-0.2712535858154297,-0.2741536796092987,0.147597387433052,-0.0450194962322711,0.006034423597157,-0.142350435256958,-0.1338651925325393,-0.1191735416650772,-0.0481100939214229,-0.3783420920372009,0.2251514494419098,-0.2464713901281356,0.2596082091331482,-0.2404046952724456,-0.0356526896357536,-0.2172249108552932,-0.0496024899184703,0.1003605872392654,0.4305335581302643,0.0807090997695922,0.0255019348114728,-0.2168366461992263,0.03768065944314,-0.294571042060852,0.3050667643547058,-0.1284213960170745,-0.0688420385122299,-0.1499500870704651,-0.028538865968585,0.105185829102993,-0.1058845371007919,0.0100395809859037,-0.1070298850536346,-0.6060143709182739,0.1990036070346832,0.2868103981018066,-0.4064582288265228,-0.1789010316133499,-0.1165177896618843,0.1936841309070587,-0.1976260840892791,0.2747461199760437,-0.0118117611855268,0.0076827718876302,0.2079975605010986,0.1407086551189422,0.1689962446689605,0.2000030428171157,0.2589517831802368,0.5053179264068604,0.4816147983074188,1
s_000364,친구가 연애하는데 자꾸 자랑해서 너무 밉고 질투나. [SEP] 밉고 질투 날 수 있죠. 이럴 때 무엇을 하면 기분이 나질까요? [SEP] 평소에는 요가를 하면 마음이 차분해지곤 해. [SEP] 기분이 좋지 않을 때 마음을 다스릴 방법이 있으시군요.,E15,Pro_05226,Pro_05226_00045,Pro_05226,-0.0765261203050613,-0.2140052765607834,-0.2795179486274719,-0.2790830731391907,0.1253066509962082,0.1012101247906684,-0.1384197920560836,-0.0463159941136837,0.0384110771119594,0.2670597434043884,0.0506312996149063,-0.1760769188404083,-0.1068216562271118,-0.0556717738509178,-0.0728855580091476,0.0529011078178882,-0.068628579378128,-0.27998948097229,-0.2100502699613571,0.0649233385920524,-0.0528171695768833,0.0498213618993759,-0.0774340406060218,-0.1267283409833908,-0.0829400196671485,-0.0719305127859115,-0.3685886859893799,0.2211560010910034,-0.2384241223335266,0.2342284768819809,-0.2815001010894775,-0.1044681519269943,-0.2347044646739959,-0.0907371267676353,0.0869150087237358,0.3729523420333862,0.0282905362546443,0.1024594828486442,-0.161321222782135,-0.0040527544915676,-0.2398587465286255,0.2334270477294922,-0.1576141417026519,-0.1224366500973701,-0.0929651409387588,-0.065977819263935,0.1191960051655769,-0.0894538238644599,0.0446510501205921,-0.1229149773716926,-0.534538209438324,0.1429966986179351,0.2040168642997741,-0.3287304043769836,-0.0966332927346229,-0.0654155388474464,0.0675104409456253,-0.1956768631935119,0.2812148332595825,0.0291389115154743,0.002302951645106,0.1867838054895401,0.1731925308704376,0.1513676345348358,0.1875151395797729,0.3432376682758331,0.4560213088989258,0.3304361701011657,1
s_000365,노인회에서 터무니없는 큰 금액의 회비를 요구하기에 탈퇴했어. 정말 화가 나. [SEP] 너무 많은 회비 요구로 인해 불쾌함을 느끼셨군요. 조금 더 자세히 말씀해주시겠어요? [SEP] 내가 이렇게는 낼 수 없다 얘기하니 절이 싫으면 중이 떠나라지 뭐야. 그래서 탈퇴했어. [SEP] 불공정한 태도로 인해 화가 나셨군요. 어떻게 하면 지금의 기분을 변화시킬 수 있을까요? [SEP] 내가 저 노인회는 꼭 고발을 해야 기분이 좋아지겠어. [SEP] 용기를 낸 고발을 통해 상황이 잘 해결이 되었으면 좋겠어요.,E14,Pro_12425,Pro_12425_00008,Pro_12425,0.5413976907730103,0.9478278756141664,0.9404374957084656,0.9992802739143372,0.9911887645721436,0.9854897260665894,-0.7792052030563354,-0.6691226363182068,0.0181789100170135,0.288486897945404,0.9627005457878112,-0.5046230554580688,0.9999304413795472,-0.9087191820144652,0.978933811187744,0.9443693161010742,-0.99907785654068,0.6079797744750977,0.9994685649871826,-0.1729235649108886,0.7363016605377197,-0.4500226378440857,-0.7924488186836243,-0.9994913339614868,0.72895747423172,-0.989023983478546,0.1779374480247497,0.9672212600708008,-0.8115696310997009,-0.9991892576217652,-0.9888287782669068,0.9995996356010436,-0.9869285225868224,0.5017939805984497,-0.9279019832611084,0.9995835423469543,0.999777853488922,0.9898983836174012,0.6732425093650818,0.1925466656684875,-0.2295218408107757,-0.5395711660385132,-0.7745735049247742,0.5820321440696716,0.9202935099601746,-0.8942300081253052,0.7302436232566833,-0.6413265466690063,0.9866251349449158,-0.8297327160835266,-0.1647654622793197,0.8453510999679565,0.8550293445587158,0.7305096983909607,-0.9573869705200196,-0.7191312313079834,0.5726736187934875,0.9876009225845336,-0.7105597257614136,-0.9791133999824524,-0.9689939618110656,-0.9974541664123536,-0.2268886715173721,0.8789708018302917,0.1935408860445022,0.2179203182458877,0.6417944431304932,0.3628988862037658,3
s_000366,난 돈이 없어. 치매 때문에 요양병원에 가도 가족이 없어서 비용 감당을 못할 거야. [SEP] 경제적으로 힘드셔서 노후가 걱정이 되시다니 많이 힘드시겠어요. [SEP] 아내라도 있었으면 좋았을 텐데. 혼자라서 너무 외롭고 슬퍼. [SEP] 외로운 감정에서 벗어나기 위한 방법이 있지 않을까요? [SEP] 노인회관에서 같은 연배의 친구들을 만나면 좋을 것 같아. [SEP] 소홀했던 약 복용을 잘 챙기려 하시는군요.,E43,Pro_10834,Pro_10834_00001,Pro_10834,-0.0939377546310424,-0.1846450418233871,-0.2637331187725067,-0.2127838879823684,0.0867608487606048,0.0986189395189285,-0.1300202906131744,-0.063746839761734,0.0298311077058315,0.2374317646026611,0.0200379341840744,-0.1870090514421463,-0.1007962003350257,-0.0349649116396904,-0.0400202758610248,0.0706780329346656,-0.0461199395358562,-0.2703084647655487,-0.2094158381223678,0.0244021899998188,-0.0894477441906929,0.0513080731034278,-0.0752741396427154,-0.140210673213005,-0.0655349940061569,-0.0683747977018356,-0.3609085977077484,0.2030753195285797,-0.2200234979391098,0.2383457124233245,-0.2404195815324783,-0.0967258736491203,-0.2320221960544586,-0.14264777302742,0.0878878384828567,0.3470991253852844,0.0372064150869846,0.0945486947894096,-0.1533762663602829,-0.0125781185925006,-0.2014719098806381,0.2223065495491027,-0.1616643518209457,-0.1100125312805175,-0.0941948145627975,-0.0800619125366211,0.1363036483526229,-0.0835223495960235,0.0175256542861461,-0.123466320335865,-0.4960287511348724,0.1430114805698394,0.1503140926361084,-0.2716692388057709,-0.109621025621891,-0.1007585227489471,0.0234257187694311,-0.173155277967453,0.2695507705211639,0.0389451719820499,0.0141471987590193,0.1248398646712303,0.1578939408063888,0.1398508697748184,0.2299012690782547,0.3340693414211273,0.3937659859657287,0.3000125885009765,1
s_000367,한 달 만에 신체측정을 했는데 나이가 오년이나 늙어버려서 당황스러워. [SEP] 갑작스러운 결과에 당황스러우시겠어요. [SEP] 나이를 먹으면서 몸 관리를 소홀하게 했더니 이렇게 빨리 늙어버렸네. [SEP] 지금이라도 운동하며 관리 하면 어떨까요? [SEP] 맞아 앞으로 더 늙을 텐데 미리 관리 하는 것도 좋을 것 같아. [SEP] 좋은 결과가 있기를 바랄게요.,E50,Pro_07301,Pro_07301_00042,Pro_07301,-0.1215764582157135,-0.2273551225662231,-0.2616325616836548,-0.1759888678789138,0.0648270845413208,0.1425893455743789,-0.1503914892673492,-0.0966800227761268,0.0369790866971015,0.2418968230485916,0.010144667699933,-0.2259248048067093,-0.1007173806428909,-0.0240342076867818,-0.0221052411943674,0.1312134265899658,-0.0613933056592941,-0.3127985000610351,-0.2191991209983825,-0.0302131734788417,-0.1183852478861808,0.0524511747062206,-0.0554610937833786,-0.2011575847864151,-0.0816505923867225,-0.0971529558300972,-0.3932656943798065,0.195748969912529,-0.2500998973846435,0.2759136855602264,-0.261750191450119,-0.1160712391138076,-0.2716841995716095,-0.2020713984966278,0.0958573445677757,0.3516042828559875,0.0552494935691356,0.1093231588602066,-0.1563612222671508,-0.0416001453995704,-0.2022913247346878,0.2297493368387222,-0.1895143836736679,-0.1134883910417556,-0.0805406346917152,-0.097462847828865,0.1666665226221084,-0.0995093584060669,0.0218341723084449,-0.1428996324539184,-0.5109930634498596,0.1260812580585479,0.1065248027443885,-0.2557559013366699,-0.1433594673871994,-0.1235863789916038,-0.0204587783664464,-0.1692526042461395,0.3046026229858398,0.0644444823265075,0.0039953785017132,0.0981937795877456,0.1716707795858383,0.1346042305231094,0.3009575009346008,0.3707385063171386,0.4136525690555572,0.2695608139038086,1
s_000368,갑자기 부모님이 이혼하신다고 해서 당혹스러워. [SEP] 부모님의 이혼 소식을 들어서 당혹스러운 심경이시군요. [SEP] 이렇게 갑자기 이혼하신다니 믿겨지지 않아. 마음이 심란하네. [SEP] 갑작스러운 부모님의 소식에 심란하시군요.,E35,Pro_01646,Pro_01646_00003,Pro_01646,-0.0765955373644828,-0.1983278095722198,-0.2699088156223297,-0.2767258286476135,0.1185443699359893,0.0927696451544761,-0.1109560951590538,-0.0356895104050636,0.0354395061731338,0.2482130825519561,0.0543453879654407,-0.1570563614368438,-0.0879856273531913,-0.0642635226249694,-0.0724571496248245,0.0451445244252681,-0.0526200458407402,-0.2519793808460235,-0.1860774755477905,0.0702381134033203,-0.0420451872050762,0.0576194711029529,-0.0719951689243316,-0.0937548577785492,-0.0667789354920387,-0.0643828734755516,-0.3397935628890991,0.2150311917066574,-0.216574877500534,0.2058532238006591,-0.2708950936794281,-0.1041890531778335,-0.2119586914777755,-0.071084588766098,0.0768512561917305,0.3459133803844452,0.0108572263270616,0.1111226081848144,-0.1408625543117523,0.0017903167754411,-0.2128755003213882,0.2082121074199676,-0.1446901559829712,-0.1246809065341949,-0.0857304856181144,-0.0644933506846427,0.103750541806221,-0.0752009600400924,0.0473886989057064,-0.1129233539104461,-0.4938941299915313,0.1348451226949691,0.1961030811071396,-0.3077148199081421,-0.060974933207035,-0.0421923249959945,0.053949236869812,-0.1894721984863281,0.2578470408916473,0.0272020380944013,0.0070856329984962,0.1857979893684387,0.1680075824260711,0.1437953263521194,0.1494538635015487,0.3307356834411621,0.4198291301727295,0.2998183369636535,1
s_000369,방금 들은 건데 일주일만 더 약을 먹으면 폐결핵이 완치된대! [SEP] 곧 있으면 병이 완치된다니 정말 기쁘시겠어요. [SEP] 응. 몇 개월을 고생했는데 드디어 완치된다니 너무 기뻐. [SEP] 정말 좋으시겠어요. 앞으로 어떻게 지내고 싶으세요? [SEP] 건강 관리 하면서 행복하게 지내고 싶어. [SEP] 사용자님이 행복하게 지내시기를 바랄게요.,E65,Pro_12176,Pro_12176_00008,Pro_12176,-0.2191462516784668,-0.1660481542348861,-0.2297217696905136,0.0395242236554622,-0.0695562660694122,0.180891677737236,-0.1415522247552871,-0.1742578595876693,0.0138740874826908,0.1850890070199966,-0.0657444670796394,-0.291534423828125,-0.1007745787501335,0.0738285109400749,0.1168868020176887,0.234017863869667,0.003358753863722,-0.3465812504291534,-0.2480814158916473,-0.2075570821762085,-0.2708925306797027,0.0734472423791885,-0.0401434227824211,-0.2799310386180877,-0.005546978674829,-0.0802252739667892,-0.4427886605262756,0.1802346408367157,-0.2145918905735016,0.3289898633956909,-0.1560747623443603,-0.1378177851438522,-0.321787029504776,-0.422703742980957,0.1251053810119629,0.3199169039726257,0.0712348744273185,0.0922612398862838,-0.1664878129959106,-0.0968618020415306,-0.1333677768707275,0.2154868394136428,-0.2582217156887054,-0.123917318880558,-0.0869311019778251,-0.1762549877166748,0.274983674287796,-0.0964651778340339,-0.0739394873380661,-0.1813322454690933,-0.4565386474132538,0.1469956785440445,-0.0791433900594711,-0.0590742789208889,-0.2047720402479171,-0.2811083495616913,-0.1872934103012085,-0.125776931643486,0.3181086182594299,0.1062927767634391,0.0464528761804103,-0.1221259832382202,0.1524840593338012,0.1278966218233108,0.5105620622634888,0.4474872946739197,0.2542836666107178,0.2049241364002227,1
s_000370,친구랑 대화하다 내가 괜히 어려운 단어를 쓴다고 싸웠어. [SEP] 어려운 단어를 쓴다고 싸우다니. 자세히 말씀해주실 수 있으신가요? [SEP] 난 그냥 책 이야기 꺼낸 거였는데 매번 잘난 척한다는 얘기를 듣는 게 지긋지긋해. [SEP] 많이 속상하셨겠어요. 어떻게 하면 그런 문제를 해결할 수 있을까요? [SEP] 앞으론 되도록 책 이야기는 꺼내지 않도록 해야겠어. [SEP] 친구와 다툼이 잘 해결되고 앞으론 그런 문제에서 벗어나시길 바라요.,E13,Pro_03544,Pro_03544_00063,Pro_03544,-0.0350517779588699,-0.2714263796806335,-0.2836335897445678,-0.2672340273857116,0.1523277461528778,0.1070942431688308,-0.2126771062612533,-0.0701961889863014,0.0525664873421192,0.2815863788127899,0.0131962904706597,-0.2180786877870559,-0.13255475461483,-0.0760826021432876,-0.1191631183028221,0.0627529621124267,-0.1294236928224563,-0.3129405081272125,-0.2405309230089187,0.0820682868361473,-0.0371172167360782,0.0057682241313159,-0.0828773453831672,-0.2205009460449218,-0.1814262866973877,-0.1344018280506134,-0.3759044110774994,0.1771188378334045,-0.3055597245693207,0.2896802425384521,-0.3135538101196289,-0.0636274367570877,-0.2549577057361603,-0.0747374594211578,0.0846617966890335,0.3892488777637481,0.1088841184973716,0.0878812298178672,-0.1724762916564941,-0.0075599821284413,-0.253247857093811,0.2836627960205078,-0.1388847678899765,-0.053824882954359,-0.0928942933678627,-0.0321841277182102,0.1037012785673141,-0.1258529126644134,0.068857841193676,-0.1180451959371566,-0.575311541557312,0.1157029643654823,0.2161760032176971,-0.3964443206787109,-0.1926274299621582,-0.0630805045366287,0.1165613159537315,-0.1775060147047042,0.3156071007251739,0.0427743308246135,-0.034704677760601,0.2160596549510955,0.1675833612680435,0.1281718164682388,0.2423025071620941,0.2700355648994446,0.5503011345863342,0.3468616306781769,1
s_000371,오늘 소개팅 처음 받아봤어. [SEP] 처음 한 소개팅이 어떠셨나요? [SEP] 내 이상형이어서 긴장도 했는데 기분 좋은 시간이었어. [SEP] 행복한 시간을 보냈다니 상당히 좋으셨군요. 어떤 면이 마음에 드셨었나요? [SEP] 같이 있다 보면 이미 오랜 친구였던 것처럼 편안한 기분이었어. [SEP] 같이 있으면 편한 분과 함께해 좋으시군요. 앞으로도 만날 생각이신가요?,E63,Pro_03714,Pro_03714_00015,Pro_03714,-0.2098531424999237,-0.2200097292661667,-0.2531305253505707,-0.0928232595324516,-0.0124043505638837,0.2002482712268829,-0.123183749616146,-0.1386353224515915,0.0290896743535995,0.2308489084243774,0.0093800136819481,-0.2608859241008758,-0.0892097577452659,0.0341452248394489,0.0710528865456581,0.2193039208650589,-0.0201354064047336,-0.3550645411014557,-0.2246344238519668,-0.1521889567375183,-0.2069362848997116,0.0912225916981697,-0.0277515184134244,-0.2284285575151443,-0.0064153946004807,-0.0771460607647895,-0.4489599466323852,0.2234850078821182,-0.2297890931367874,0.2998054921627044,-0.2383564561605453,-0.176500529050827,-0.322740375995636,-0.3439332544803619,0.1192364022135734,0.3495500981807709,0.0215463358908891,0.1290637999773025,-0.1638235002756118,-0.0879498720169067,-0.1895349621772766,0.2054507285356521,-0.2589554488658905,-0.1750075966119766,-0.0707104578614234,-0.1647916883230209,0.2474976032972335,-0.0939467474818229,-0.0187337901443243,-0.183288037776947,-0.5001376867294312,0.1392924040555954,0.0046679922379553,-0.1389787793159485,-0.1353022456169128,-0.2025066614151001,-0.1444205641746521,-0.1727185100317001,0.3303654789924621,0.0930829867720604,0.031333927065134,-0.0113853635266423,0.1897242367267608,0.1503878086805343,0.4074037671089172,0.4984148144721985,0.3374687731266022,0.2220944017171859,1
s_000372,집에서도 말이랑 행동을 조심하고 있어. [SEP] 집안에 무슨 일이 있으신가요? [SEP] 대학생 딸이 지금에서야 사춘기를 겪는 것 같아. 굉장히 예민해졌어. [SEP] 정말 그럴 때는 부모 입장에서 모든 게 조심스러워지게 되죠. [SEP] 도무지 나랑 대화하기를 꺼려. 자기 혼자만 고민하는 것 같아. [SEP] 정말 쉽지 않으시겠어요. 어떻게 도움을 주고 싶으신가요?,E38,Pro_07049,Pro_07049_00033,Pro_07049,-0.0730599090456962,-0.2268041223287582,-0.2726601064205169,-0.2578745782375335,0.1193549185991287,0.1071518957614898,-0.1475223451852798,-0.0565216317772865,0.0411180630326271,0.2574919164180755,0.0358058996498584,-0.1872545927762985,-0.1026766374707222,-0.0612381286919117,-0.0776307806372642,0.0667140036821365,-0.0771685466170311,-0.2815208435058594,-0.2072693407535553,0.0557430125772953,-0.0534441955387592,0.0421463213860988,-0.0713940635323524,-0.1501656323671341,-0.1032208204269409,-0.0911968350410461,-0.360405296087265,0.2011576443910598,-0.2494723498821258,0.2429279685020446,-0.2836723327636719,-0.0957647338509559,-0.2358300983905792,-0.0950896888971328,0.0823957249522209,0.3598490357398987,0.0465407408773899,0.1052963882684707,-0.1524782180786132,-0.0090822353959083,-0.2234052121639251,0.2337947189807891,-0.1514815092086792,-0.1032822281122207,-0.0861011892557144,-0.0611512102186679,0.1148909330368042,-0.0943920239806175,0.0503423884510993,-0.1200869604945182,-0.5219737887382507,0.1269908100366592,0.1866252422332763,-0.3258719146251678,-0.1131616905331611,-0.0613149739801883,0.0585737377405166,-0.1830887496471405,0.2838704288005829,0.0387026779353618,-0.006090875249356,0.1807277053594589,0.1694997251033783,0.1377769857645034,0.2024431228637695,0.3218244612216949,0.4581317007541656,0.3071208894252777,1
s_000373,아빠 사업에 문제가 생겼다고 하네 많이 불안하다. [SEP] 아빠 사업에 문제가 생겼다니 많이 걱정되겠어요. [SEP] 아빠가 너무 힘들어 하시는 것 같아서 너무 슬퍼. [SEP] 아빠가 너무 힘들어 하시는 것 같아서 너무 슬프군요. 어떻게 하면 사용자님의 기분이 풀리실까요? [SEP] 아빠가 힘이 나게 위로해드려야겠어. [SEP] 아빠에게 하는 위로를 통해 기분이 나아지셨으면 좋겠네요.,E42,Pro_01653,Pro_01653_00016,Pro_01653,-0.0269347764551639,-0.2254844754934311,-0.3104367554187774,-0.3714217245578766,0.1943080574274063,0.0705641061067581,-0.1759275197982788,-0.0159315429627895,0.0445674732327461,0.3180033266544342,0.0768392011523246,-0.1598897725343704,-0.1445817500352859,-0.0738311856985092,-0.1258491277694702,-0.0136566096916794,-0.1041531860828399,-0.2906349301338196,-0.2412270456552505,0.1501262038946151,-0.0054835574701428,0.0297462064772844,-0.109342560172081,-0.1128965616226196,-0.11806271225214,-0.0638894438743591,-0.3861618041992187,0.2484390437602996,-0.2645738422870636,0.2415712773799896,-0.3142423629760742,-0.0861060917377471,-0.2326852083206176,-0.0102803697809576,0.093188926577568,0.4325327575206756,0.0387040078639984,0.0781282931566238,-0.1981550753116607,0.0243678297847509,-0.3137855231761932,0.2800648808479309,-0.1424938440322876,-0.1176410689949989,-0.1176605746150016,-0.0336425974965095,0.0944256633520126,-0.1043795943260192,0.0618822909891605,-0.1169309690594673,-0.6133305430412292,0.1702879220247268,0.3059105277061462,-0.4295946657657623,-0.1171561405062675,-0.0469166301190853,0.177373319864273,-0.2263285666704177,0.2945718169212341,-0.0016272240318357,-0.009071403183043,0.2703092694282532,0.1791796088218689,0.1757598221302032,0.1425227224826812,0.3231264352798462,0.5565600395202637,0.43887460231781,1
s_000374,이번 학기 시험을 너무 못 봤어. 이러다가 취업도 못 할 것 같다는 생각에 스트레스받아. [SEP] 시험을 못 봐서 스트레스를 받으시는군요. [SEP] 성적이 좋아야 좋은 곳에 취업할 수 있는데 난 망했어. [SEP] 어떻게 해야 성적을 만회할 수 있을까요? [SEP] 다음 학기에는 공부를 열심히 해서 꼭 좋은 점수 받아야겠어. [SEP] 노력하는 만큼 꼭 좋은 결과가 나오시길 바라요.,E46,Pro_05377,Pro_05377_00023,Pro_05377,-0.0857775285840034,-0.2033555805683136,-0.2650532126426697,-0.1775516867637634,0.0840778574347496,0.1046636775135994,-0.1750402450561523,-0.0886053219437599,0.0330734960734844,0.2429569512605667,-0.0120556848123669,-0.221677079796791,-0.1222880780696868,-0.0261977110058069,-0.0424910634756088,0.0871980711817741,-0.0703317001461982,-0.2983577847480774,-0.2388760894536972,0.0085570365190505,-0.1088971048593521,0.0290846414864063,-0.0811778157949447,-0.2058547884225845,-0.1070410087704658,-0.0955228060483932,-0.3809127807617187,0.182193174958229,-0.2530510127544403,0.2819671928882599,-0.2402030527591705,-0.0768152773380279,-0.2546331286430359,-0.1750588119029998,0.0950520411133766,0.3615662455558777,0.0854087769985199,0.0777687653899192,-0.1694754213094711,-0.0217133704572916,-0.2086913436651229,0.2554447650909424,-0.1656042784452438,-0.0756987556815147,-0.1008500680327415,-0.0747148767113685,0.1497551947832107,-0.1050813570618629,0.0110863307490944,-0.128977283835411,-0.5247677564620972,0.1395040154457092,0.1358965635299682,-0.2878189384937286,-0.1789393573999405,-0.1343639343976974,0.0325129441916942,-0.1599125117063522,0.2939544320106506,0.0496671646833419,0.0024693000596016,0.1069827154278755,0.1517136245965957,0.1313184648752212,0.2990956902503967,0.3099913597106933,0.4264690577983856,0.3160451650619507,1
s_000375,이번에 또 구조 조정이 있다고 하는데 언제 나가게 될지 몰라. 큰일이야. [SEP] 정말 걱정되시겠네요. 따로 준비한 것은 있으세요? [SEP] 준비한 것도 없고 회사 그만두면 무슨 일을 해야 할 지 몰라. 너무 불안해. [SEP] 준비해 놓은 것도 없는데 회사를 그만두게 될까 걱정이 많으시군요.,E30,Pro_08961,Pro_08961_00015,Pro_08961,-0.0400466434657573,-0.236713171005249,-0.277995228767395,-0.2916425466537475,0.1503133624792099,0.0896495282649993,-0.1614034473896026,-0.0420057401061058,0.045659851282835,0.2663412988185882,0.0387349687516689,-0.1768034994602203,-0.1086936667561531,-0.0834059342741966,-0.113820269703865,0.0363838113844394,-0.0967181771993637,-0.2713531851768493,-0.2074930667877197,0.1008331254124641,-0.01880769059062,0.0274259950965642,-0.0806345269083976,-0.1446937769651413,-0.1343414187431335,-0.1013219952583313,-0.3437967300415039,0.1930099725723266,-0.2622885107994079,0.2378744930028915,-0.2987639605998993,-0.0757493674755096,-0.2210167795419693,-0.0388370230793952,0.0749069228768348,0.365549087524414,0.06005135551095,0.0995123982429504,-0.1521413922309875,0.0064577939920127,-0.2341316044330597,0.2458584904670715,-0.1276845335960388,-0.0821953862905502,-0.0890166535973548,-0.0359607972204685,0.0855600982904434,-0.099080391228199,0.0683221369981765,-0.1071005463600158,-0.533643901348114,0.1214963048696518,0.2259144186973571,-0.3713418543338775,-0.119108147919178,-0.030775086954236,0.1065896824002265,-0.1845699548721313,0.2794947922229767,0.0289892870932817,-0.0184068046510219,0.2243841886520385,0.1659610718488693,0.1334734857082367,0.1660711765289306,0.2797957956790924,0.4966662228107452,0.3276710212230682,1
s_000376,자녀들이 다 건강하게 잘 자라줘서 마음이 편해. [SEP] 자녀들의 성장에 매우 만족하시나 봐요. [SEP] 다들 자녀들이 안 좋은 길로 빠지거나 하는 것에 걱정하는데 나는 안 그래. [SEP] 자녀들이 잘 자라게 된 비결이 뭐라고 생각하시나요? [SEP] 항상 자녀들의 의견과 생각을 존중해 준 덕분이라고 생각해. [SEP] 항상 자녀들을 지지해 주셔서 자녀들이 잘 자라 만족하시는군요.,E63,Pro_07074,Pro_07074_00025,Pro_07074,-0.167752981185913,-0.1633678823709488,-0.2446210235357284,-0.1015635654330253,0.0040827482007443,0.1402171850204467,-0.1069143638014793,-0.1080876365303993,0.0193142294883728,0.2059149891138076,-0.0052422326989471,-0.2223367542028427,-0.0866229832172393,0.0180378798395395,0.0465621650218963,0.1502974331378936,-0.0039998525753617,-0.2946370542049408,-0.2111443281173706,-0.0925043076276779,-0.1766850650310516,0.0777798071503639,-0.0520392209291458,-0.1750991642475128,-0.0063063004054129,-0.057594671845436,-0.3936932981014251,0.2043470591306686,-0.1958852261304855,0.2601760327816009,-0.196193978190422,-0.1323006302118301,-0.2672281563282013,-0.2806501984596252,0.1034247800707817,0.3230036795139313,0.0242215786129236,0.1046848073601722,-0.1499149203300476,-0.0526863597333431,-0.1603171527385711,0.1967591643333435,-0.2121902704238891,-0.139935165643692,-0.0855761244893074,-0.1359270811080932,0.2039429545402526,-0.0766980648040771,-0.0273186564445495,-0.1515718847513198,-0.4554784297943115,0.1470331847667694,0.0360744595527648,-0.1477642953395843,-0.1163289174437522,-0.1782273352146148,-0.0976902171969413,-0.1564446836709976,0.2807452082633972,0.0688153207302093,0.0389081202447414,0.0034043367486447,0.1593987494707107,0.1389139592647552,0.3369746804237366,0.4117268621921539,0.2979032695293426,0.2376700639724731,1
s_000377,나이 먹고 나니 오늘 내 생일에 아무도 축하해주지 않네. 슬픔에 눈물만 나는구나. [SEP] 생일에 누구 하나 축하해주지 않아 슬프시군요. [SEP] 대인관계를 잘 유지했다고 생각했는데도 이런 상황이니 너무 슬퍼. [SEP] 대인관계에서 슬픔을 느끼시는군요. 어떻게 하면 지금 기분보다 더 나아질 수 있을까요? [SEP] 친한 친구들과 생일 잔치를 하자고 이야기하면 나아질 것 같아. [SEP] 친한 친구들과 생일 잔치를 하자고 이야기하려는군요.,E27,Pro_09798,Pro_09798_00007,Pro_09798,-0.0060745887458324,-0.2487771660089492,-0.290803998708725,-0.3547880947589874,0.1938558369874954,0.0715963691473007,-0.1686379611492157,-0.016086796298623,0.0513627007603645,0.2876235842704773,0.0611697807908058,-0.1553308665752411,-0.1156285256147384,-0.1093600615859031,-0.1555855423212051,-0.0046507148072123,-0.1163394898176193,-0.2618554532527923,-0.2059078067541122,0.1604344099760055,0.0278193335980176,0.018852898851037,-0.091529905796051,-0.1188323125243187,-0.1562526226043701,-0.1013801917433738,-0.3323791325092315,0.2019964903593063,-0.2724502682685852,0.2237595915794372,-0.3252998888492584,-0.0657195448875427,-0.2055388391017913,0.0360222905874252,0.0687764883041381,0.3831759095191955,0.0570515245199203,0.0976241677999496,-0.1563872396945953,0.0264817997813224,-0.2626069486141205,0.2569975554943084,-0.1065007075667381,-0.0784803032875061,-0.0932414010167121,-0.0105539318174123,0.0530054830014705,-0.1012080311775207,0.0924352779984474,-0.0955983325839042,-0.5586960911750793,0.1231699958443641,0.286833792924881,-0.4286868572235107,-0.1062326207756996,0.0113575775176286,0.1673133820295334,-0.2000177055597305,0.2759426832199096,0.0118557754904031,-0.0291990805417299,0.2877310216426849,0.1701424568891525,0.1398114562034607,0.1051704362034797,0.2556700110435486,0.5490843653678894,0.3644150495529175,1
s_000378,우리 학교는 학교폭력 없는 학교라고 현수막 걸었더라. 위선에 구역질이 나. [SEP] 구역질이 나시다니 혹시 학교가 거짓 현수막을 걸었나요? [SEP] 맞아. 사실은 우리 반에만 해도 집단으로 따돌림 당하는 애가 있어. 큰 폭력이 없을 뿐이지. [SEP] 학교가 거짓현수막을 걸어 구역질이 나시는군요.,E17,Pro_01868,Pro_01868_00019,Pro_01868,0.0145919565111398,-0.2313708215951919,-0.2913903594017029,-0.3730012774467468,0.2086165845394134,0.0469678714871406,-0.1625749319791793,0.0012318150838837,0.0489933788776397,0.2849652469158172,0.0635878816246986,-0.1355182528495788,-0.115959420800209,-0.1196327283978462,-0.1714305579662323,-0.0383643507957458,-0.1136011257767677,-0.2381559163331985,-0.2004855126142501,0.193146526813507,0.048394788056612,0.0141478320583701,-0.1020547300577163,-0.0909987315535545,-0.157441109418869,-0.0922569036483764,-0.310530424118042,0.200276717543602,-0.2616818845272064,0.2051301449537277,-0.3176417648792267,-0.0504527203738689,-0.182377889752388,0.0758009552955627,0.0625359788537025,0.3793306946754455,0.0539231188595294,0.08950075507164,-0.1531098783016204,0.0429631546139717,-0.2607369422912597,0.2554620206356048,-0.0865998417139053,-0.0690975114703178,-0.0994212701916694,0.0036853142082691,0.0313005372881889,-0.0948603227734565,0.0942933931946754,-0.0827683210372924,-0.5511303544044495,0.1277774721384048,0.3105760812759399,-0.4423553347587585,-0.0934296548366546,0.0289823058992624,0.1952781528234481,-0.1996636986732483,0.2575812339782715,-0.0009665001998655,-0.0277550108730793,0.3060678839683532,0.1616719365119934,0.1390250623226165,0.0658711194992065,0.2253475934267044,0.5458249449729919,0.3789513707160949,1
s_000379,왜 그렇게 사람들은 이기적일까? [SEP] 왜 그렇게 생각을 하시는 건가요? [SEP] 뭐든지 다들 자기만 잘난 줄 아는 거 같아. [SEP] 그렇게 생각하시게 된 이유가 있으신가요? [SEP] 자신의 이익을 위해 다른 사람에게 사기를 치는 사람들을 볼 때마다 그렇게 생각이 돼. [SEP] 사람에 대해 안 좋은 경험이 있으셨나 보군요.,E26,Pro_05117,Pro_05117_00037,Pro_05117,-0.0341883711516857,-0.2490411549806594,-0.2814479470252991,-0.3015005886554718,0.1591572165489196,0.0925027951598167,-0.1708056926727295,-0.0422749072313308,0.0488376915454864,0.273714929819107,0.0407948307693004,-0.180316537618637,-0.1124817803502082,-0.0884534418582916,-0.1232877448201179,0.0363531112670898,-0.1071287542581558,-0.2783125042915344,-0.2111787796020507,0.1077311187982559,-0.011847554706037,0.0231891609728336,-0.0808916762471199,-0.1534144133329391,-0.1470615863800048,-0.1086546629667282,-0.3478104770183563,0.1924731880426406,-0.2731184363365173,0.244021475315094,-0.3100793659687042,-0.0744016990065574,-0.2253219932317733,-0.0302762314677238,0.0750525295734405,0.3725778460502624,0.0664454400539398,0.1001001819968223,-0.1551807671785354,0.0065373554825782,-0.2430974245071411,0.2531449198722839,-0.1266319304704666,-0.0786679685115814,-0.0884268805384635,-0.0310506373643875,0.0824609324336052,-0.1042750775814056,0.0756085366010665,-0.1075309440493583,-0.5456819534301758,0.1186626106500625,0.2354410290718078,-0.3871550559997558,-0.1271188408136367,-0.0252592395991086,0.1177202090620994,-0.1872258633375167,0.2865354716777801,0.0293289087712764,-0.0243374574929475,0.2372799217700958,0.1689872145652771,0.133605882525444,0.1663616448640823,0.2768264710903168,0.5181332230567932,0.3343667089939117,1
s_000380,나에겐 아무도 없어. [SEP] 아무도 없다니요. 제가 있어요. 무슨 일이신지 저에게 말해주세요. [SEP] 사고로 몸이 불편해지고 나서는 모두 나를 피하는 것 같아. [SEP] 주변 분들이 사고 후에 멀어진 것 같은 느낌이 드시나 봐요. [SEP] 다 떠나고 아무도 없는 느낌이고 아무도 나와 가까워지려 하지 않는 느낌에 너무 슬퍼. [SEP] 그런 마음을 갖지 마세요. 기분 전환하기 위해서 무얼 하면 좋을까요?,E26,Pro_09737,Pro_09737_00006,Pro_09737,-0.0576649270951747,-0.2001443356275558,-0.273742526769638,-0.2730969190597534,0.1297471076250076,0.0810252800583839,-0.1385092139244079,-0.0397400632500648,0.0363229848444461,0.2545498311519623,0.0379653982818126,-0.1672347784042358,-0.1050086989998817,-0.0645209401845932,-0.0853283777832984,0.0323388949036598,-0.0680575966835022,-0.2583903968334198,-0.2048764824867248,0.0841028615832328,-0.0409719944000244,0.0402810238301754,-0.0841417983174324,-0.1189935952425003,-0.0942958146333694,-0.0744993835687637,-0.3436744809150696,0.2045207023620605,-0.2326334714889526,0.2244499623775482,-0.2681761980056762,-0.0829433724284172,-0.2143606841564178,-0.0661557391285896,0.0791069492697715,0.3585094213485718,0.0392886362969875,0.0940366685390472,-0.1529243290424347,0.0069533213973045,-0.2229830771684646,0.2320167571306228,-0.1365292966365814,-0.0992679297924041,-0.0956950411200523,-0.0520220883190631,0.1001276597380638,-0.0862170457839965,0.0445152707397937,-0.1096535250544548,-0.5151681900024414,0.1385295838117599,0.2085061967372894,-0.3327052295207977,-0.0993837863206863,-0.0544005222618579,0.0829445645213127,-0.1839783042669296,0.2645819187164306,0.024395614862442,0.0005467943265102,0.1905016899108886,0.160196840763092,0.1408476382493972,0.1692126393318176,0.2999987304210663,0.4451280236244201,0.3272714614868164,1
s_000381,이번주에 식구들끼리 제주도에 가기로 했어. 식구끼리 시간 보내는걸 무척 좋아해. [SEP] 좋으시겠군요. 많이 가는 편인가요? [SEP] 대부분 매주 여행을 가는 편이야. 평일에는 서로 얼굴 볼 틈이 짧다면서 부모님께서 꼭 가자고 하셔. [SEP] 정말 사이가 화목한 가족이군요.,E69,Pro_01680,Pro_01680_00026,Pro_01680,-0.1783019751310348,-0.1604123562574386,-0.2429231256246566,-0.0674608424305915,-0.0121754892170429,0.1466718912124633,-0.1200283393263816,-0.1244874224066734,0.0171809140592813,0.2035853713750839,-0.0221878811717033,-0.2406561970710754,-0.0952170565724372,0.0346008725464344,0.064139038324356,0.1667225807905197,-0.0029581624548882,-0.3092628121376037,-0.2259425818920135,-0.1186801940202713,-0.202387124300003,0.0745028927922248,-0.0532397404313087,-0.2035492658615112,-0.0070761116221547,-0.0610333643853664,-0.4094053208827972,0.2000236511230468,-0.2013108134269714,0.2807579040527344,-0.1832898557186126,-0.130699947476387,-0.281916469335556,-0.3187476098537445,0.1107910573482513,0.3278331160545349,0.0390009842813015,0.0964653640985488,-0.159074380993843,-0.0620801895856857,-0.1588050574064254,0.206931471824646,-0.2240842580795288,-0.1341493278741836,-0.0900222286581993,-0.145227774977684,0.2234877049922943,-0.0830917805433273,-0.042421706020832,-0.1593506336212158,-0.4633054137229919,0.1518424749374389,0.0117961699143052,-0.130177304148674,-0.1450032293796539,-0.2103895545005798,-0.1136583015322685,-0.1496350914239883,0.2912079393863678,0.0759224072098732,0.0417591668665409,-0.0287575609982013,0.1562235057353973,0.1383809745311737,0.3846517205238342,0.4188953638076782,0.2901483476161957,0.2404827326536178,1
s_000382,회사에 계신 팀장님 너무 일을 못해서 짜증나더라. 내가 팀장이면 더 잘할 것 같다. [SEP] 팀장님의 부족한 실력으로 인해 불쾌하셨군요. [SEP] 팀장님이 팀을 제대로 이끌지 못하니깐 팀원들이 모두 힘들어해. [SEP] 팀장님이 팀을 제대로 이끌지 못하니깐 팀원들이 모두 힘들어 하는군요. 지금의 기분에서 벗어나기 위해 할 수 있는 무언가가 있을까요? [SEP] 내일 동료들끼리 회식할 때 뒷담을 해서 기분을 풀어야겠어. [SEP] 동료들과의 대화를 통해 기분이 풀렸으면 좋겠어요.,E11,Pro_03542,Pro_03542_00085,Pro_03542,-0.0027239366900175,-0.2381395101547241,-0.299415111541748,-0.3182491958141327,0.1878159046173095,0.0637532249093055,-0.2185064554214477,-0.0407784171402454,0.0472416654229164,0.3014527857303619,0.0252504535019397,-0.1912308931350708,-0.1556530743837356,-0.0779280215501785,-0.1399828344583511,-0.0037220472004264,-0.1287239640951156,-0.2955570220947265,-0.2573687732219696,0.1424915790557861,-0.0143012227490544,-0.0027128951624035,-0.1138630807399749,-0.1810845881700515,-0.1767578125,-0.1048316285014152,-0.3734644651412964,0.1988456547260284,-0.2939203381538391,0.2761309444904327,-0.3022673428058624,-0.0437291041016578,-0.2345302551984787,-0.0236874558031559,0.0882539451122284,0.4186723232269287,0.1030984669923782,0.0598563775420188,-0.1951991021633148,0.0211150906980037,-0.2884818017482757,0.3038054704666137,-0.1225925013422966,-0.0525683090090751,-0.1189692690968513,-0.0143091101199388,0.0864613950252533,-0.1226972639560699,0.0599717870354652,-0.1076513677835464,-0.6061142683029175,0.1492480188608169,0.2800332307815552,-0.4377464354038238,-0.18978151679039,-0.0632928907871246,0.1857597231864929,-0.1933174431324005,0.3015226125717163,0.0123805245384573,-0.026581235229969,0.2503573596477508,0.1590003818273544,0.1471129655838012,0.198549598455429,0.2477568835020065,0.570663332939148,0.4252501130104065,1
s_000383,나 좀 잘못한 일이 있어. [SEP] 무슨 일이에요? 기분이 상한 일에 대해 자세하게 이야기해주실 수 있어요? [SEP] 할머니가 되니까 돈도 부족해서 자녀들에게 부담을 줄까 봐 죄책감이 들어. [SEP] 노년기가 되셔서 소득수준이 불만족할 만큼 적어서 가족들을 불편하게 할까 봐 걱정이시군요. [SEP] 맞아. 어디 가서 말도 못 하고. 아이들에게 돈이 필요하다고 하면 나를 학대하는 것 같아서 너무 기분이 나쁘다. [SEP] 이럴 때 기분이 조금 나아질 방법이 혹시 있을까요?,E50,Pro_11381,Pro_11381_00008,Pro_11381,-0.1089945510029792,-0.205013245344162,-0.2616035938262939,-0.2003736644983291,0.0761584043502807,0.120755910873413,-0.1315213292837143,-0.0760008096694946,0.0333746634423732,0.2375542372465133,0.0208266284316778,-0.2003799676895141,-0.0951642245054245,-0.0328609459102153,-0.0318778045475482,0.0996464788913726,-0.0501908883452415,-0.2860735356807709,-0.2070212066173553,-0.000294990837574,-0.0989004373550415,0.0558065585792064,-0.0628343001008033,-0.1595360040664672,-0.0677677765488624,-0.0799642577767372,-0.3717249035835266,0.2013695240020752,-0.2299442589282989,0.2486678957939148,-0.252763569355011,-0.110032245516777,-0.2473441362380981,-0.165026381611824,0.0895140543580055,0.3444404900074005,0.0378637313842773,0.1066816449165344,-0.1498538553714752,-0.0258796568959951,-0.1984000951051712,0.2186033725738525,-0.1739051192998886,-0.1169677153229713,-0.0845039784908294,-0.0890771523118019,0.1475817859172821,-0.0875841006636619,0.02283351495862,-0.131637156009674,-0.4956799447536468,0.1325732618570327,0.129822701215744,-0.260666161775589,-0.1128938794136047,-0.1030026450753212,-0.0015147465746849,-0.1727382987737655,0.2825506031513214,0.0507895611226558,0.0100379418581724,0.1159575581550598,0.1661494076251983,0.1372215747833252,0.2513684630393982,0.3551591634750366,0.3981119096279144,0.2776162028312683,1
s_000384,주식이 곤두박질친 줄 알았는데 다행이지 뭐야. [SEP] 주식과 관련해 무슨 일이 있으셨는지 더 자세히 말씀해 주시겠어요? [SEP] 은퇴하면 귀농하려고 주식을 좀 했었는데. 그동안 좋지 않았는데 어제부터 회복세로 돌아섰지 뭐야. [SEP] 좋지 않았던 주식이 회복세로 돌아서서 안도하시는군요. [SEP] 다행이지. 이대로만 계속되면 노후에는 걱정 없겠어. [SEP] 계획하신 대로 주식 투자에 성공해서 노후 걱정이 없어 좋으시겠어요.,E67,Pro_07198,Pro_07198_00014,Pro_07198,-0.1855782568454742,-0.1669603139162063,-0.2383217066526413,-0.0226881746202707,-0.0297404434531927,0.1565840989351272,-0.140760451555252,-0.1465263813734054,0.0171138886362314,0.1977287232875824,-0.0472222678363323,-0.2657146751880646,-0.102956473827362,0.0474314130842685,0.0771822333335876,0.1900527477264404,-0.0089696999639272,-0.326286107301712,-0.2406402826309204,-0.1481267362833023,-0.2271654307842254,0.0658265352249145,-0.0516300350427627,-0.2463292628526687,-0.0220066867768764,-0.0764730349183082,-0.421889990568161,0.1845907270908355,-0.2154178172349929,0.3074866831302643,-0.1737091839313507,-0.1236904934048652,-0.2981780469417572,-0.3568187952041626,0.1159805580973625,0.3274087905883789,0.0656445398926734,0.0892793908715248,-0.1646249890327453,-0.0741051957011222,-0.1504624038934707,0.2195363789796829,-0.2325580865144729,-0.1168085038661956,-0.0910528972744941,-0.1508615165948867,0.2403078079223632,-0.0935296863317489,-0.0533357448875904,-0.165763720870018,-0.4672779738903045,0.1478399187326431,-0.0200481861829757,-0.1149719879031181,-0.1849937438964843,-0.2398017793893814,-0.1314853727817535,-0.1363484114408493,0.3047327995300293,0.0881487801671028,0.038860023021698,-0.0617860592901706,0.1514479368925094,0.1305952668190002,0.4415421187877655,0.4134786427021026,0.28839972615242,0.2331046760082245,1
s_000385,나를 이해하지 못하는 직장 상사 때문에 화가 나. [SEP] 직장 상사 때문에 고민하고 계시는군요. 직장 상사와 더 좋은 관계가 되려면 어떻게 해야 할까요? [SEP] 서로의 성격이 다름을 인정하고 내가 먼저 이해하려는 노력이 필요할 것 같아. [SEP] 먼저 마음을 열고 직장 상사를 이해하려고 하시는군요.,E18,Pro_03549,Pro_03549_00007,Pro_03549,0.0004570856399368,-0.2552151679992676,-0.2876671254634857,-0.3342269659042358,0.190546840429306,0.0717467665672302,-0.1865117102861404,-0.0272904764860868,0.0525595284998416,0.2834529876708984,0.0422678142786026,-0.1697432398796081,-0.12138182669878,-0.1086504831910133,-0.1586455106735229,0.0022047574166208,-0.1261476874351501,-0.267994612455368,-0.2145324200391769,0.1542021483182907,0.0214104820042848,0.0072325845248997,-0.092958390712738,-0.1479827761650085,-0.1774659901857376,-0.1166347786784172,-0.3323709070682525,0.1852178126573562,-0.285124272108078,0.2401773035526275,-0.3219754099845886,-0.0520729459822177,-0.210165649652481,0.0254292115569114,0.0686418712139129,0.3808684051036834,0.0814016684889793,0.0907757133245468,-0.1576788127422332,0.0234542340040206,-0.2559593021869659,0.2678582370281219,-0.1025048941373825,-0.0562556460499763,-0.094131976366043,-0.0053673372603952,0.0538252927362918,-0.109334222972393,0.0907295197248458,-0.0943841785192489,-0.559901237487793,0.1165273860096931,0.2760426700115204,-0.4315327703952789,-0.1363490372896194,0.0011669168015941,0.1688563972711563,-0.1888665556907653,0.2818525433540344,0.0179101657122373,-0.0355233512818813,0.2785537242889404,0.1640180796384811,0.1305858790874481,0.1320915818214416,0.233082503080368,0.5567079782485962,0.3615486025810241,1
s_000386,오늘 고령자는 운전면허를 반납하라고 권유 통지서가 왔어. 난 아직 운전도 잘하고 쌩쌩한데 억울해. [SEP] 갑자기 운전면허를 반납하라고 권유하니 억울하시겠어요. [SEP] 최근 이십 년간 무사고에다 아무런 문제도 없는데 다짜고짜 면허를 반납하라고 하니 기분이 안 좋네. [SEP] 어떻게 하면 억울한 기분이 해소가 될까요? [SEP] 경찰청에 찾아가서 아직 충분히 운전할 수 있다고 반납은 거부해야겠어. 필요하면 테스트를 받을 수도 있어. [SEP] 운전면허 반납에 대한 문제가 잘 해결되길 바랄게요.,E47,Pro_10658,Pro_10658_00008,Pro_10658,0.30379319190979,0.7783068418502808,0.7185099124908447,0.9897326231002808,0.9621263146400452,0.9280054569244384,-0.6654183864593506,-0.5043327212333679,0.1176705881953239,0.3950340151786804,0.8801330924034119,-0.3373142182826996,0.9981690645217896,-0.8453013896942139,0.9447833895683287,0.797488808631897,-0.9900612235069276,0.4106126427650451,0.9889651536941528,-0.3359164297580719,0.3511017560958862,-0.240740954875946,-0.5831078290939331,-0.995438516139984,0.5500994324684143,-0.9529024958610536,-0.1368264108896255,0.8766245245933533,-0.811031699180603,-0.9856752753257751,-0.936523735523224,0.9923580884933472,-0.9561735987663268,0.3048958778381347,-0.7541275024414062,0.9929068684577942,0.995725393295288,0.9507505893707277,0.5292559266090393,0.0014791887952014,-0.1773721873760223,-0.4486943185329437,-0.6781642436981201,0.2603460848331451,0.7423770427703857,-0.6581226587295532,0.6621853113174438,-0.512835681438446,0.9274609088897704,-0.8200228810310364,-0.1750892400741577,0.7388681769371033,0.771635115146637,0.4581458270549774,-0.8834288716316223,-0.4987189471721649,0.2644551694393158,0.8887498378753662,-0.393645703792572,-0.9342355728149414,-0.859284520149231,-0.9759164452552797,-0.2560592293739319,0.6347711682319641,0.3224863409996032,0.3033917844295501,0.5060726404190063,0.2932418584823608,2
s_000387,친구들이 나만 가지고 놀려. 짜증나. [SEP] 친구들이 나를 놀려서 기분이 나쁘시군요. [SEP] 친구들이 나만 계속 가지고 놀아서 속상하고 화 나. [SEP] 친구들이 계속 놀려서 속상하셨군요. 어떻게 해야 기분이 나아질까요? [SEP] 친구들에게 그만 하라고 얘기해 볼래. [SEP] 친구들에게 그만 하라고 말하려 하시는군요.,E11,Pro_00302,Pro_00302_00025,Pro_00302,0.0459561720490455,-0.266890674829483,-0.2968309223651886,-0.4036944806575775,0.2402729243040084,0.045651264488697,-0.1862184554338455,0.007555806543678,0.059251844882965,0.2978240847587585,0.0667670145630836,-0.1367698311805725,-0.1199622750282287,-0.1477944254875183,-0.2130238562822342,-0.0500556081533432,-0.1464914232492447,-0.2420252114534378,-0.2001608461141586,0.2289792001247406,0.0860837325453758,-0.0032348406966775,-0.1025958955287933,-0.1073759347200393,-0.2050450593233108,-0.119945079088211,-0.2994484007358551,0.1859473586082458,-0.2914682030677795,0.2114510238170623,-0.3504632711410522,-0.0348977595567703,-0.1788186579942703,0.1291986405849456,0.0541301593184471,0.3855954706668854,0.0763817131519317,0.0929145812988281,-0.1500692069530487,0.0505381301045417,-0.2731315493583679,0.2705192863941192,-0.0658909529447555,-0.0446036979556083,-0.093945026397705,0.0301522519439458,0.0023459412623196,-0.1069547161459922,0.1244806796312332,-0.0732777863740921,-0.5682858824729919,0.1090650409460067,0.3423158824443817,-0.4907707273960113,-0.1093568727374076,0.067619577050209,0.2362599223852157,-0.2006752043962478,0.266465961933136,-0.0018021407304331,-0.050011683255434,0.35408416390419,0.1649360954761505,0.1298553943634033,0.0409078896045684,0.1867567747831344,0.6067706346511841,0.3859301209449768,1
s_000388,성적을 잘 못 받았다고 아빠한테 혼났어. 슬퍼. [SEP] 안 좋은 성적을 받아 혼나서 슬프시군요. [SEP] 난 열심히 했는데도 아빠가 알아주지 않으니까 슬퍼. 나 자신이 불쌍해. [SEP] 기분이 풀리려면 어떻게 하는 게 좋을까요? [SEP] 엄마는 나 열심히 한 거 아니까 알아줄 거야. 엄마랑 얘기해봐야겠어. [SEP] 어머니와의 대화로 기분이 풀리셨으면 좋겠어요.,E29,Pro_00200,Pro_00200_00018,Pro_00200,-0.0036877561360597,-0.2370447367429733,-0.2848625183105469,-0.3260979056358337,0.1828276365995407,0.0642133131623268,-0.1763023734092712,-0.0247302614152431,0.048147264868021,0.2762454748153686,0.0401153787970542,-0.1635264456272125,-0.1192796379327774,-0.102333940565586,-0.148881658911705,-0.0036323915701359,-0.1135980561375618,-0.2581453025341034,-0.2121587246656417,0.1509284228086471,0.0144009133800864,0.0112705267965793,-0.0956674441695213,-0.1346858441829681,-0.1621067821979522,-0.1052644699811935,-0.3274761438369751,0.1874680519104004,-0.2712196409702301,0.2320997416973114,-0.3068241775035858,-0.0514657162129879,-0.2032697796821594,0.0187667682766914,0.0689480006694793,0.3752438426017761,0.0738988742232322,0.0870568230748176,-0.1563622802495956,0.0258429497480392,-0.2482736557722091,0.2614205479621887,-0.1023758426308631,-0.0598212108016014,-0.097459465265274,-0.0097357248887419,0.0563919059932231,-0.1029934138059616,0.0806471928954124,-0.0929812788963317,-0.548789918422699,0.1231510043144226,0.2699685096740722,-0.4166891574859619,-0.1275587379932403,-0.0065047829411923,0.1617522835731506,-0.1867286711931228,0.2721695005893707,0.0148690771311521,-0.027584008872509,0.2655208706855774,0.1592748314142227,0.1320063024759292,0.1291196644306183,0.2341848164796829,0.5323983430862427,0.3608307838439941,1
s_000389,내가 다니고 있는 직장에서 너무 꼴 보기 싫은 상사가 있어. 이 사람을 골탕 먹이고 싶은데 방법이 없을까? [SEP] 많이 화가 났겠군요. 혹시 조금 덜 과격한 방법은 없을까요? [SEP] 이 사람 신경 쓰지 않고 내 할 일을 하거나 대화로 풀어나가는 방법도 있을 거 같아. [SEP] 신경을 쓰지 않는 방법이나 원만하게 해결하는 방법을 찾으셨군요.,E15,Pro_03786,Pro_03786_00006,Pro_03786,-0.0231031347066164,-0.2737756073474884,-0.2850607633590698,-0.2932641208171844,0.1670058965682983,0.0997434332966804,-0.2046394944190979,-0.0564089231193065,0.0544552989304065,0.2834406495094299,0.0252728201448917,-0.2031551599502563,-0.1267687976360321,-0.0906407088041305,-0.1358179152011871,0.0466630421578884,-0.1319626271724701,-0.3003225028514862,-0.2295348793268203,0.1063844114542007,-0.0137898949906229,0.0063507109880447,-0.083165518939495,-0.1989926844835281,-0.1842738837003708,-0.1330007910728454,-0.3613268435001373,0.1787257045507431,-0.3027114570140838,0.2737888395786285,-0.323147177696228,-0.0619124919176101,-0.2417104840278625,-0.0377307534217834,0.0781586915254592,0.3857084214687347,0.0999411419034004,0.0929893776774406,-0.1653478294610977,0.0013107127742841,-0.2544810473918915,0.277528315782547,-0.1266567707061767,-0.0550272464752197,-0.0900234431028366,-0.0222130175679922,0.0851692035794258,-0.1214943826198577,0.0815590694546699,-0.1104344204068183,-0.570564329624176,0.111389048397541,0.2368832528591156,-0.4116519391536712,-0.1726362854242324,-0.0352526865899562,0.1333557814359665,-0.1820172220468521,0.3068958520889282,0.0364306680858135,-0.0380375310778617,0.2425892204046249,0.1689550429582595,0.1276400685310363,0.2031057029962539,0.2587884664535522,0.5590612292289734,0.3465203046798706,1
s_000390,사회생활 오 년이 지나니 나도 독립하고 싶은데 부모님 생각하면 죄송한 마음이 들어. [SEP] 독립하고 싶지만 키워주신 부모님 생각에 죄송스러운 마음이 드는군요. [SEP] 이제 좀 편안하게 자식 덕 좀 보셔도 될 나이신데도 오히려 내가 신세를 져서 미안한 마음이 커. [SEP] 죄송스러운 마음을 어떻게 하면 나아지게 할 수 있을까요? [SEP] 부모님께 내 상황을 이야기하고 싶어. 잘 이해해주시면 좋겠어. [SEP] 부모님과의 대화로 지금 상황을 잘 극복하길 바라요.,E57,Pro_03588,Pro_03588_00022,Pro_03588,-0.1670075803995132,-0.2019034922122955,-0.258062481880188,-0.1287020891904831,0.0220922660082578,0.1600325852632522,-0.1334988325834274,-0.1150224208831787,0.0278985258191823,0.2344240248203277,0.0060352319851517,-0.2391613870859146,-0.1005022600293159,0.0150966569781303,0.0341085791587829,0.1639716327190399,-0.0301455985754728,-0.3283137083053589,-0.227965846657753,-0.0907708331942558,-0.172202467918396,0.0728975981473922,-0.0500349812209606,-0.2052562236785888,-0.0301488116383552,-0.0729479044675827,-0.4230235815048218,0.2152176648378372,-0.227964386343956,0.2853355407714844,-0.2319686263799667,-0.1425872445106506,-0.2933709025382995,-0.2824634313583374,0.1110344901680946,0.3541284501552582,0.0350200794637203,0.1087042763829231,-0.1666435599327087,-0.0604973807930946,-0.1971844285726547,0.2195267677307129,-0.2257270514965057,-0.1463262140750885,-0.084680862724781,-0.1346156895160675,0.2127149403095245,-0.0930139124393463,-0.0128073822706937,-0.162906602025032,-0.5060628056526184,0.1462448686361313,0.0566138587892055,-0.1883505582809448,-0.1399783790111541,-0.1793471723794937,-0.0800601541996002,-0.1709677726030349,0.3109308183193207,0.0726582631468772,0.0265791174024343,0.0298191010951995,0.1749051213264465,0.147718995809555,0.3579564392566681,0.435151606798172,0.3582950830459595,0.2617590129375458,1
s_000391,내일 나와 남자친구가 좋아하는 감독의 영화가 개봉하는 날이어서 너무 설레고 기대가 돼. [SEP] 같이 좋아하는 감독의 영화여서 기대가 많이 되겠어요. [SEP] 많이 기대했는데 영화가 생각보다 재미없으면 어떡하지? 많이 실망할텐데. [SEP] 기대보다 영화가 별로일까 봐 걱정이 되는군요.  그런 상황이면 어떤 행동을 할 수 있을까요? [SEP] 남자친구와 영화에 대해 대화를 나눠야겠어. 같이 좋아하는 감독이여서 할 이야기가 많을거야. [SEP] 영화가 기대이하여도 남자친구와 영화에 대한 대화를 나눌 생각이시군요.,E68,Pro_05279,Pro_05279_00019,Pro_05279,-0.1102598756551742,-0.2244062274694442,-0.256615549325943,-0.1435282826423645,0.0595991499722003,0.1343792676925659,-0.1716530919075012,-0.1083872392773628,0.0360643491148948,0.2330618053674698,-0.017765998840332,-0.2401945888996124,-0.1096464544534683,-0.0209617521613836,-0.0246772859245538,0.1312906295061111,-0.0695432648062706,-0.3138031661510467,-0.2312058508396148,-0.0343616642057895,-0.1277582049369812,0.0364081896841526,-0.0617713332176208,-0.2316156327724456,-0.105675034224987,-0.1114305183291435,-0.3889857232570648,0.1732887625694275,-0.2604514956474304,0.2930778563022613,-0.2476221024990081,-0.0932921692728996,-0.2717761099338531,-0.213552787899971,0.095464214682579,0.3468884527683258,0.0867401137948036,0.0950326174497604,-0.1587414741516113,-0.041626326739788,-0.1905042231082916,0.2439130693674087,-0.1809715181589126,-0.0817923545837402,-0.0856395587325096,-0.0896214470267295,0.1660812199115753,-0.1076177731156349,0.014031789265573,-0.1386771351099014,-0.5086014866828918,0.1220203042030334,0.0928568392992019,-0.2567112147808075,-0.1815457940101623,-0.1403667032718658,-0.0146472109481692,-0.1525825560092926,0.3060504496097564,0.0688089728355407,-0.0008377282065339,0.0809599608182907,0.1590860784053802,0.1228162124752998,0.3327917754650116,0.3339614868164062,0.4140883684158325,0.2711656093597412,1
s_000392,어제 자연분만으로 아기를 낳았어! 너무 기쁘고 행복해. [SEP] 아이를 낳아서 기쁘시군요. [SEP] 가족 모두가 한마음으로 기뻐하고 있어. 너무 행복해. [SEP] 가족들도 기뻐하는군요. [SEP] 얼른 퇴원해서 아이랑 놀고 싶어. [SEP] 얼른 퇴원해서 아이랑 놀고싶으시군요.,E60,Pro_05271,Pro_05271_00036,Pro_05271,-0.2105322629213333,-0.1394142806529998,-0.2298262268304824,0.0100244740024209,-0.0594482384622097,0.1595761179924011,-0.1153103783726692,-0.1511377096176147,0.0094121042639017,0.1803467273712158,-0.0498558059334754,-0.2625683546066284,-0.0924539864063263,0.0658833235502243,0.1103607341647148,0.2027261108160019,0.0195242837071418,-0.3179175555706024,-0.2326378971338272,-0.1792083233594894,-0.2523645460605621,0.0812652707099914,-0.0465225353837013,-0.2304761260747909,0.0174249596893787,-0.0574084259569644,-0.4218562245368957,0.1908904016017913,-0.1882712692022323,0.2970968782901764,-0.1458127647638321,-0.1366011649370193,-0.2965954840183258,-0.3902159929275512,0.1188426986336708,0.311634749174118,0.0453342944383621,0.0920533612370491,-0.1587999165058136,-0.080889031291008,-0.1293782889842987,0.1992267817258834,-0.244857519865036,-0.1348777264356613,-0.0903214961290359,-0.1708414256572723,0.2575344741344452,-0.0811929404735565,-0.0736569613218307,-0.170769914984703,-0.436833769083023,0.1555037945508957,-0.0550260804593563,-0.0590693429112434,-0.1645477414131164,-0.2600040137767792,-0.1726106107234954,-0.1321110874414444,0.2935727536678314,0.0913530737161636,0.0553765371441841,-0.1044985726475715,0.1484706848859787,0.1330959498882293,0.4536676406860351,0.4400095343589782,0.2322706580162048,0.2114775776863098,1
s_000393,가수가 되고 싶은데 부모님이 반대하실까 봐 얘기를 못 꺼내겠어. [SEP] 가수라니 멋진 꿈이네요. 부모님의 반대가 걱정되시는군요. 더 자세히 말씀해 주시겠어요? [SEP] 오디션에 참가하고 싶은데 부모님 허락을 받아야 갈 수 있거든. 근데 부모님이 반대하면 설득할 자신이 없어. [SEP] 부모님을 설득하기 위한 좋은 방법을 생각해보는 건 어떨까요? [SEP] 아직 그래 본 적은 없지만 마음을 다잡고 내 진심을 얘기하면 들어주시지 않을까? [SEP] 사용자님의 진심이 부모님의 마음을 움직이게 되길 바랄게요.,E37,Pro_00208,Pro_00208_00001,Pro_00208,-0.0596876218914985,-0.2378556132316589,-0.2774354219436645,-0.2632103860378265,0.1314874589443206,0.1042497307062149,-0.1691749393939972,-0.0594583004713058,0.0440864413976669,0.2668063640594482,0.0289829913526773,-0.1959178298711776,-0.1145502403378486,-0.0646749511361122,-0.0908498391509056,0.061314471065998,-0.093224436044693,-0.291199654340744,-0.2201761901378631,0.0669623985886573,-0.0484927892684936,0.0301703885197639,-0.0775762945413589,-0.1707119047641754,-0.1269360333681106,-0.1021773964166641,-0.3666037917137146,0.1956901848316192,-0.2664158940315246,0.2578985691070556,-0.2913975417613983,-0.0844846442341804,-0.2414086014032364,-0.0877535641193389,0.0840691924095153,0.372234046459198,0.0661065056920051,0.0971264988183975,-0.161438450217247,-0.0069962716661393,-0.2360125184059143,0.2518156468868255,-0.1474595218896865,-0.0880386158823967,-0.0907096117734909,-0.0516107752919197,0.111721783876419,-0.1043434217572212,0.0542625300586223,-0.1193642690777778,-0.5426644682884216,0.1268443912267685,0.1997596025466919,-0.3507255017757416,-0.139518916606903,-0.0643710494041442,0.0812075585126876,-0.1825186908245086,0.2935417294502258,0.0379114709794521,-0.0139851132407784,0.1925174593925476,0.1682160794734954,0.1366367936134338,0.2145702391862869,0.3052920699119568,0.4880156815052032,0.326421320438385,1
s_000394,내가 주사 맞는 걸 무서워하는걸 보고 간호사가 아줌마가 무서울 것도 많다며 상처를 줬어. [SEP] 주사 맞는 게 무서운 것과 나이는 아무런 상관이 없는데 그런 말로 인해 상처를 받으셨군요. [SEP] 엄연히 내가 고객이고 무서워하는 건 사람에 따라 다른 건데 나이로 꾸중을 받은 것 같아서 화가 나네. [SEP] 어떻게 해야 기분이 풀릴 수 있을까요? [SEP] 카운터에 가서 컴플레인을 걸고 확실하게 의사전달을 해야겠어. [SEP] 이야기가 잘 끝나 상처받고 속상한 마음이 잘 달래졌으면 좋겠어요.,E44,Pro_08855,Pro_08855_00012,Pro_08855,-0.0678130090236663,-0.2278462797403335,-0.2676431536674499,-0.2309791296720504,0.1124659180641174,0.1051904410123825,-0.1620371043682098,-0.0674958601593971,0.04097630828619,0.2493884116411209,0.0149615788832306,-0.1999368071556091,-0.1068084612488746,-0.0590232647955417,-0.0776529982686042,0.0727503970265388,-0.0830336287617683,-0.2837531566619873,-0.2141680419445037,0.047370046377182,-0.0620827786624431,0.0315212532877922,-0.0729941353201866,-0.1757781654596328,-0.1207025274634361,-0.1040984988212585,-0.3573582470417022,0.1832351833581924,-0.2579118609428406,0.2565025389194488,-0.2749117314815521,-0.0813284441828727,-0.2376646995544433,-0.1078853234648704,0.0817199647426605,0.3536303639411926,0.069427452981472,0.0977610424160957,-0.1519747376441955,-0.0116719184443354,-0.2117449045181274,0.2418713271617889,-0.1467140614986419,-0.0808411762118339,-0.0872746929526329,-0.0571038611233234,0.1158844009041786,-0.1004140675067901,0.045743066817522,-0.1179540082812309,-0.5170334577560425,0.1209493055939674,0.1712093502283096,-0.3225171267986297,-0.1406802237033844,-0.0731276124715805,0.0563071593642234,-0.1698658615350723,0.2861469686031341,0.0445672012865543,-0.0103080011904239,0.1657291501760482,0.1613525152206421,0.1276385933160781,0.2287643849849701,0.2976221442222595,0.4566191434860229,0.3009922206401825,1
s_000395,우리 반에서 내가 따돌림을 당하고 있는 것 같아. [SEP] 자세히 말씀해주시겠어요? [SEP] 내 사물함에 물건이 없어지거나 친구들이 내 이야기를 무시해. [SEP] 이 상황을 극복하려면 어떻게 해야 할까요? [SEP] 날 괴롭히는 몇몇 애들이 있어서 오늘 당당히 얘기했더니 좀 줄어들어서 다행이야. [SEP] 당당하게 얘기했더니 괴롭힘이 줄어들어서 기쁘시겠어요.,E64,Pro_01915,Pro_01915_00008,Pro_01915,-0.1647045761346817,-0.1852875351905822,-0.2460016012191772,-0.0703285709023475,0.000305524066789,0.1511376351118087,-0.1457064300775528,-0.1313795447349548,0.0231692343950271,0.2121327668428421,-0.0306461192667484,-0.254116803407669,-0.1038144528865814,0.0257591903209686,0.0459797754883766,0.1707191318273544,-0.0260222572833299,-0.322611004114151,-0.2357307821512222,-0.1109418794512748,-0.1942843347787857,0.0605222508311271,-0.0540144629776477,-0.2339358031749725,-0.0419496707618236,-0.0830458551645279,-0.4137386083602905,0.1877165734767913,-0.227054089307785,0.2991156578063965,-0.2006371021270752,-0.1198370158672332,-0.2902579009532928,-0.3106201291084289,0.1101568862795829,0.3362995386123657,0.064287282526493,0.093881219625473,-0.1633624285459518,-0.0635893121361732,-0.1677464097738266,0.2246269881725311,-0.2189900130033493,-0.1142321601510047,-0.0888921394944191,-0.1337316930294037,0.2178739309310913,-0.0961137488484382,-0.0308193955570459,-0.158594012260437,-0.4830939471721649,0.1420023590326309,0.0203724596649408,-0.161107137799263,-0.1749682128429412,-0.2059503048658371,-0.0950902178883552,-0.1463442593812942,0.3051305413246155,0.0803837031126022,0.027930499985814,-0.0122774550691246,0.1570789217948913,0.1319780349731445,0.3997595906257629,0.3984539806842804,0.3286767303943634,0.2472422271966934,1
s_000396,우리 옆집 노인네가 없었으면 어쨌을까 싶어. [SEP] 혹시 무슨 일이 있으셨나요? [SEP] 키우던 개가 얼마 전에 죽고 너무 슬퍼서 내가 울고만 있었잖아. [SEP] 그러셨군요. 그래서 어떻게 하셨나요? [SEP] 너무 슬픈데 그 노인네한테 얘기하고 나니까 한결 마음이 편안하더라고. [SEP] 마음이 편안해지셨다니 다행이네요.,E63,Pro_11394,Pro_11394_00007,Pro_11394,-0.1755376309156417,-0.206124946475029,-0.2603967487812042,-0.1610621511936187,0.0276339333504438,0.1672464311122894,-0.1083767935633659,-0.101615585386753,0.0293662399053573,0.2387274503707885,0.0335634127259254,-0.2219672948122024,-0.0866983160376548,0.0068761147558689,0.0327337719500064,0.1632496267557144,-0.0219763815402984,-0.3216104507446289,-0.2097252607345581,-0.0837407261133194,-0.1574781239032745,0.0885687991976738,-0.0414483807981014,-0.1709147244691848,-0.0084752459079027,-0.061530515551567,-0.4191257357597351,0.2324146181344986,-0.216208130121231,0.2630318105220794,-0.247167557477951,-0.1631241738796234,-0.2881405055522918,-0.2635277211666107,0.1078155413269996,0.3512568473815918,0.0030464099254459,0.1259821653366089,-0.1579814702272415,-0.0592772923409938,-0.2015318125486374,0.2002717107534408,-0.2290117293596267,-0.1741324216127395,-0.0763358697295188,-0.1394877582788467,0.2070700526237487,-0.0830902978777885,-0.0009184216032736,-0.163796067237854,-0.4985992312431335,0.1446926593780517,0.0689634308218956,-0.1864167153835296,-0.0958756059408187,-0.1535539776086807,-0.0870318487286567,-0.1847440153360366,0.3052790462970733,0.0690839067101478,0.0296320859342813,0.0506974086165428,0.1862686425447464,0.1552698314189911,0.3168020844459533,0.4637905657291412,0.3546598553657532,0.250187873840332,1
s_000397,고래 싸움에 새우등 터지는 것처럼 친구들 사이에서 눈치만 보는 내가 너무 싫어. [SEP] 친구들 사이에 끼어서 눈치만 보는 것 같아 많이 힘드시군요. [SEP] 그 사이에서 뭐 하고 있는지 모르겠어. 이런 내 성격 좀 고치고 싶어. [SEP] 눈치만 보지 않고 할 말을 하는 성격을 가지기 위해서는 어떤 방법이 있을까요? [SEP] 내 말을 논리 정연하게 말할 수 있도록 책을 많이 읽고 기분 나쁜 건 티를 내야겠어. [SEP] 운동으로 기분이 나아지게 하려고 하시는군요.,E52,Pro_01783,Pro_01783_00001,Pro_01783,-0.0770242437720298,-0.2063978463411331,-0.2695183753967285,-0.2287299185991287,0.1054165363311767,0.0989877358078956,-0.1525986939668655,-0.0645029544830322,0.0355837903916835,0.2497705817222595,0.018191035836935,-0.1944191753864288,-0.1102433949708938,-0.0458114556968212,-0.0617947205901145,0.0659862533211708,-0.0682481825351715,-0.2809390723705292,-0.2185273170471191,0.0419232323765754,-0.0750053077936172,0.038717582821846,-0.0786131173372268,-0.1605392843484878,-0.0965620428323745,-0.0849094316363334,-0.3646761476993561,0.196706011891365,-0.2426147758960724,0.2517569065093994,-0.2592248916625976,-0.0868330523371696,-0.2372620105743408,-0.1231268271803855,0.087168775498867,0.3594300746917724,0.0564730539917945,0.0914324820041656,-0.1593459248542785,-0.010128304362297,-0.2163997292518615,0.239702507853508,-0.1548860520124435,-0.0946498066186904,-0.0949733182787895,-0.0666522607207298,0.1270659267902374,-0.0947073176503181,0.0305450186133384,-0.1215489953756332,-0.5190849304199219,0.137089729309082,0.1701303869485855,-0.3073768019676208,-0.1322344541549682,-0.0911916345357894,0.0509000271558761,-0.1746093779802322,0.2812414169311523,0.0388383641839027,0.0015324789565056,0.1501694023609161,0.1598667204380035,0.1373045593500137,0.232019618153572,0.3156608045101166,0.4357104301452636,0.3154281973838806,1
s_000398,채용공고를 보고 있으니 너무 답답해. [SEP] 어떤 내용 때문에 마음이 불편하신가요? [SEP] 전공을 활용하려면 선택폭이 너무 좁아져. [SEP] 선택폭이 넓지 않아 마음이 안 좋으시겠네요. 전공에 맞는 직업을 찾길 바라요.,E39,Pro_03810,Pro_03810_00035,Pro_03810,-0.0489673241972923,-0.2524748146533966,-0.2733151316642761,-0.2395050823688507,0.1302963346242904,0.1064398810267448,-0.1927675306797027,-0.0730442181229591,0.0473125912249088,0.2620657682418823,0.0064689954742789,-0.2138420045375824,-0.120039090514183,-0.0684411600232124,-0.0999664068222045,0.0711516812443733,-0.1095676720142364,-0.2990367412567138,-0.2285230755805969,0.06189526617527,-0.0511560812592506,0.0144535517320036,-0.077387586236,-0.2083126455545425,-0.1595018655061721,-0.1259844154119491,-0.3641643524169922,0.1720528900623321,-0.2860727906227112,0.2778164148330688,-0.2929498255252838,-0.0670859962701797,-0.2467039823532104,-0.0941687449812889,0.0820738300681114,0.3678396940231323,0.098142422735691,0.0914389267563819,-0.1605128049850464,-0.0108662256971001,-0.2270432561635971,0.2650661170482635,-0.1401169449090957,-0.0580860190093517,-0.0891695842146873,-0.0423530451953411,0.108722485601902,-0.1155573576688766,0.0575716122984886,-0.1167434826493263,-0.5436819195747375,0.1138644218444824,0.1876880228519439,-0.3595744669437408,-0.1762837469577789,-0.0696232169866561,0.0852223187685012,-0.1682586371898651,0.3018837571144104,0.0466276407241821,-0.0252590272575616,0.1871639341115951,0.1617920994758606,0.1229270473122596,0.2438552677631378,0.2734200358390808,0.5041775107383728,0.3186015486717224,1
s_000399,결혼 준비하면서 갑자기 양가에서 예단을 하는 게 좋지 않겠냐고 하시네. 예산이 빠듯한데 어떻게 해야 할지 모르겠어. [SEP] 예단을 갑자기 준비하게 되실 수도 있는 거네요. 정말 당혹스러우시겠어요. [SEP] 우리끼리 준비해서 잘살아 보겠다고 했는데 갑자기 왜 이러시는 걸까. [SEP] 결혼 준비를 부모님의 도움 없이 두 분이 하시는군요. [SEP] 그래서 더 당황스럽고 당혹스러운 거야. 예단을 하지 않는 대신 결혼 준비를 우리끼리 하겠다고 한 거였거든. [SEP] 예산이 달라지니 새롭게 조율이 필요하시겠어요.,E35,Pro_05246,Pro_05246_00004,Pro_05246,-0.078044943511486,-0.1855306327342987,-0.264616310596466,-0.2339554876089096,0.1018928065896034,0.0878333076834678,-0.127518281340599,-0.051862858235836,0.0314013212919235,0.2381109446287155,0.0257432498037815,-0.1746823787689209,-0.0981026291847229,-0.0490068234503269,-0.0584893710911273,0.0523690059781074,-0.0509658753871917,-0.2572425305843353,-0.2019795626401901,0.0501333437860012,-0.0676517039537429,0.047554962337017,-0.0781907215714454,-0.1247047409415245,-0.0745533034205436,-0.069640889763832,-0.3451562225818634,0.1999603062868118,-0.2195247113704681,0.2260879129171371,-0.2468951940536499,-0.088727094233036,-0.2181054651737213,-0.1071211397647857,0.081448957324028,0.3435879051685333,0.0359088517725467,0.0951839387416839,-0.1477098613977432,-0.0027466122992336,-0.2014105170965194,0.2204327881336212,-0.1468612104654312,-0.1033369973301887,-0.0934736281633377,-0.0674929991364479,0.1171469241380691,-0.0811736211180687,0.0282448399811983,-0.1145101711153984,-0.4917456209659576,0.1388452053070068,0.1708216220140457,-0.2906847298145294,-0.0988472029566764,-0.0771725997328758,0.0446205958724021,-0.1742455065250396,0.2606888115406036,0.0326421596109867,0.0097527764737606,0.1496880054473877,0.1559782773256302,0.1371217966079712,0.1971082389354705,0.3130344748497009,0.4039486348628998,0.3030025959014892,1
s_000400,요양을 위해 산 집에서 살 기회가 없을 것 같아서 부동산에 내놓고 오는 길인데 너무 슬퍼. [SEP] 집을 내놓게 되셔서 기분이 안 좋으시겠어요. [SEP] 오래 기다렸는데 이제 기회도 없어진 것 같아서 우울해. [SEP] 어떻게 하면 기분을 좋게 할 수 있을까요? [SEP] 집에 가서 가족들과 이야기나 해야겠어. [SEP] 일을 더 열심히 하셔서 부담을 덜 수 있길 바랄게요.,E36,Pro_10827,Pro_10827_00008,Pro_10827,-0.0550474785268306,-0.2242826968431472,-0.2705905735492706,-0.1980459243059158,0.1112713664770126,0.0953222140669822,-0.20343679189682,-0.0856100842356681,0.0394532456994056,0.2541928887367248,-0.0189362615346908,-0.2262394279241562,-0.1341203898191452,-0.0441624075174331,-0.0765273869037628,0.0703254789113998,-0.0983217731118202,-0.3021540343761444,-0.2484961897134781,0.0414287112653255,-0.0843338817358017,0.0087898122146725,-0.0891618430614471,-0.226341962814331,-0.1508545577526092,-0.1166407465934753,-0.3751532733440399,0.1677471846342086,-0.2786196768283844,0.2939636707305908,-0.2585997581481933,-0.0545717850327491,-0.2520457506179809,-0.137855514883995,0.0908677950501442,0.3720665276050567,0.1139076873660087,0.0695675686001777,-0.1741474419832229,-0.0129381986334919,-0.2218852341175079,0.2771672308444977,-0.1474711000919342,-0.0463164746761322,-0.1036930084228515,-0.0510006137192249,0.1291776597499847,-0.1177764385938644,0.0277425572276115,-0.1205659657716751,-0.5461563467979431,0.1310054957866668,0.1658098548650741,-0.3362699747085571,-0.2076573222875595,-0.1170171052217483,0.076568953692913,-0.1575333178043365,0.301288366317749,0.0464780069887638,-0.0142165943980216,0.1428678333759308,0.1486434936523437,0.124280460178852,0.2918832004070282,0.2677006125450134,0.4764738082885742,0.3368618190288543,1
s_000401,가족들이 내 병 때문에 너무 많은 비용을 지불해서 속상해. [SEP] 가족들에게 민폐가 되는 것 같아 속상하시군요. [SEP] 왜 내가 아파서 가족들에게 짐이 되는 걸까 생각하니 자꾸 눈물만 나. [SEP] 아픈 내가 가족에게 짐이 되는 것이 눈물나시는군요. 어떻게 하면 지금의 기분에서 벗어날 수 있을까요? [SEP] 가족들에게 솔직하게 말해 봐야겠어. [SEP] 가족들과의 대화로 기분이 풀렸으면 좋겠어요.,E46,Pro_12157,Pro_12157_00001,Pro_12157,-0.0313147194683551,-0.2508284449577331,-0.2808194160461426,-0.3008416295051574,0.1604102849960327,0.0916769579052925,-0.1727750748395919,-0.0424911715090274,0.0493864268064498,0.2728239893913269,0.0388578213751316,-0.1808535009622573,-0.1123403906822204,-0.0906414091587066,-0.1263108700513839,0.0356962643563747,-0.1093295738101005,-0.2774062752723694,-0.2107816785573959,0.1097861006855964,-0.0095772575587034,0.0211265459656715,-0.0809018388390541,-0.1557671129703521,-0.1516239941120147,-0.111638069152832,-0.3452450335025787,0.1891514062881469,-0.2750825881958008,0.2445783615112304,-0.310914933681488,-0.0716058015823364,-0.2241059690713882,-0.0268503539264202,0.0738861635327339,0.3710446059703827,0.0697520747780799,0.0998609587550163,-0.1539312154054641,0.0071278125979006,-0.2414016723632812,0.2539240419864654,-0.1239539682865142,-0.0744922086596489,-0.0878632366657257,-0.0286117978394031,0.0797319859266281,-0.1050954461097717,0.0773486495018005,-0.1060987785458564,-0.5444993376731873,0.1163092479109764,0.2358335256576538,-0.3895922899246216,-0.129595547914505,-0.0227133631706237,0.1199223175644874,-0.1855169534683227,0.2862252295017242,0.0297810025513172,-0.0261337291449308,0.2392258942127227,0.1680130809545517,0.1314605474472046,0.1656048744916916,0.2706762254238128,0.5204887390136719,0.3327836692333221,1
s_000402,오늘 발표하다가 실수할 뻔 했는데 동기 덕에 잘 해결했어. 다행이야. [SEP] 동기 덕분에 실수를 안 해서 안도감을 느끼셨군요. [SEP] 중요한 발표여서 동기한테 너무 고마워. [SEP] 중요한 발표셨다니 동기한테 더욱 고마우시겠어요. [SEP] 나중에 고맙다고 밥을 사야겠어. [SEP] 고마운 마음이 동기에게 잘 전해지길 바라요.,E67,Pro_03598,Pro_03598_00013,Pro_03598,-0.2291355580091476,-0.1290758550167083,-0.2233587652444839,0.0392324104905128,-0.0819102749228477,0.1677135676145553,-0.1036993265151977,-0.1598700284957885,0.0057494919747114,0.1687782108783722,-0.0552468299865722,-0.2673443555831909,-0.0858206897974014,0.0786767527461052,0.1331353634595871,0.2199708670377731,0.0342868864536285,-0.318646103143692,-0.2291873395442962,-0.2068686336278915,-0.272283136844635,0.0898653194308281,-0.040260937064886,-0.2318776845932006,0.0373238325119018,-0.0516123063862323,-0.4253639876842499,0.1912474185228347,-0.1767151802778244,0.2970502376556396,-0.13084377348423,-0.1457853317260742,-0.3011025190353393,-0.4185764789581299,0.121366374194622,0.3009102046489715,0.0378278754651546,0.0955433323979377,-0.1548961102962494,-0.0896223187446594,-0.1142266914248466,0.1880031079053878,-0.2555207014083862,-0.1438711583614349,-0.0875753760337829,-0.1850472837686538,0.2719921767711639,-0.0763893947005271,-0.0856737941503524,-0.1762121766805648,-0.4181186258792877,0.1564800143241882,-0.0852655172348022,-0.0209878683090209,-0.1591652184724807,-0.275935560464859,-0.2046436369419098,-0.1271385550498962,0.29168501496315,0.0978912040591239,0.0634660273790359,-0.1361507475376129,0.1477196365594864,0.1323264986276626,0.4737936556339264,0.4586227536201477,0.1998671591281891,0.1916881799697876,1
s_000403,부모님이 학원 다니는 것부터 친구들 만나는 그것까지 다 간섭해서 너무 화가 나. [SEP] 부모님이 모든 것에 간섭해서 화가 났군요. [SEP] 나를 아직 어린애로 보는 것 같아. 성인이 되어서 혼자 아무것도 못 하면 어떡하지? [SEP] 이 상황을 극복하려면 어떻게 해야 할까요? [SEP] 부모님께 내 생각을 잘 전달하는 방법을 찾아야겠지. [SEP] 생각을 잘 전달하길 응원할게요!,E41,Pro_01652,Pro_01652_00019,Pro_01652,-0.0331743247807025,-0.2889946699142456,-0.2926873862743377,-0.3394553363323211,0.1800686419010162,0.1138691455125808,-0.182489663362503,-0.0409806482493877,0.0586904883384704,0.2980881333351135,0.0634208023548126,-0.1861001700162887,-0.1150438487529754,-0.101218581199646,-0.141443058848381,0.0481566525995731,-0.1297763437032699,-0.3022984266281128,-0.2130803763866424,0.1171012371778488,0.0065937018953263,0.0243234522640705,-0.0730202123522758,-0.164485827088356,-0.1647063493728637,-0.1223890110850334,-0.3663670718669891,0.2050030082464218,-0.2978019714355469,0.2536470592021942,-0.3507470190525055,-0.0908359661698341,-0.2431315779685974,-0.0122065087780356,0.076945349574089,0.3930062353610992,0.0634244084358215,0.114724762737751,-0.1609767228364944,0.0011498066596686,-0.272378146648407,0.2620605230331421,-0.1352681219577789,-0.0927760601043701,-0.0804427117109298,-0.0277904774993658,0.0808133259415626,-0.1142361834645271,0.1000020876526832,-0.1151235178112983,-0.5775737762451172,0.110767126083374,0.2593202590942383,-0.4214381575584411,-0.1257165521383285,-0.0035010245628654,0.1322382986545562,-0.2042650580406189,0.3090370595455169,0.0321632698178291,-0.0375761836767196,0.2751279473304748,0.187754288315773,0.1408100426197052,0.1578531712293625,0.3019250631332397,0.5739346146583557,0.3427788317203522,1
s_000404,공백이 몇 년인데 아직도 취업을 못 하고 있는 내가 너무 한심해. [SEP] 몇 년 동안 취업을 못 하셨군요. 어떻게 해야 취업에 더 가까워질 수 있을까요? [SEP] 우선 취업에 필요한 자격증도 더 따고 인턴도 지원 해 볼 생각이야. [SEP] 인턴도 하고 자격증도 취득하며 취업을 준비할 계획이시군요.,E58,Pro_05389,Pro_05389_00003,Pro_05389,-0.0959454104304313,-0.1842281371355056,-0.2660855650901794,-0.212613821029663,0.0866480842232704,0.0996304973959922,-0.1340349316596985,-0.0656514838337898,0.0294979885220527,0.2415150552988052,0.0198642183095216,-0.1901968717575073,-0.1053182259202003,-0.0305893551558256,-0.0369324721395969,0.0715702697634697,-0.0467608533799648,-0.2759522795677185,-0.2152346819639206,0.0217714700847864,-0.0943384245038032,0.0511045046150684,-0.0772596076130867,-0.1445705890655517,-0.0643783286213874,-0.0665281414985656,-0.3685187697410583,0.2068750858306884,-0.2218873798847198,0.2435669749975204,-0.2398978918790817,-0.0980658680200576,-0.2370065748691558,-0.1500361114740371,0.0910735055804252,0.3538997173309326,0.0384414233267307,0.0917322635650634,-0.1590214818716049,-0.0137672778218984,-0.2080431133508682,0.227138802409172,-0.1661522388458252,-0.1122632473707199,-0.0970029234886169,-0.0823504105210304,0.1418676823377609,-0.0855208933353424,0.0141478618606925,-0.126404270529747,-0.5051574110984802,0.1475850492715835,0.1514133065938949,-0.2730695903301239,-0.1155633553862571,-0.1090910211205482,0.0247980467975139,-0.175356313586235,0.273779958486557,0.0384894013404846,0.0153100220486521,0.1218847408890724,0.1588569283485412,0.1432278603315353,0.2389723360538482,0.3405113220214844,0.3975042402744293,0.3087951838970184,1
s_000405,퇴직하고 나니 내 주변에 이렇게 만날 사람이 없는 줄 몰랐어. [SEP] 연락하고 지내시는 동료가 별로 없으신가요? [SEP] 친하게 지냈던 것 같은데 직장을 그만두니 만나기가 쉽지 않네. [SEP] 직장을 그만두고 만남이 어려워지셨군요. [SEP] 그러면 될까? 주위에 아무도 없을까 봐 걱정돼. [SEP] 주위에 아무도 없을까 걱정이시군요.,E40,Pro_09811,Pro_09811_00039,Pro_09811,-0.0713147968053817,-0.2034589201211929,-0.2712485790252685,-0.2651399672031402,0.1192702874541282,0.0924170464277267,-0.1300180107355117,-0.0443329475820064,0.0363274998962879,0.2513613700866699,0.0414411015808582,-0.1699880957603454,-0.0983070209622383,-0.0605459548532962,-0.074454165995121,0.0479310639202594,-0.0623067244887352,-0.2624226808547973,-0.1994944214820861,0.0671551749110221,-0.0491126216948032,0.0478861555457115,-0.0764105245471,-0.1189891025424003,-0.0834987685084343,-0.0737028643488884,-0.3478968739509582,0.2075404524803161,-0.2293008267879486,0.2234324067831039,-0.2695169448852539,-0.094543270766735,-0.2200056761503219,-0.0820761770009994,0.0800295621156692,0.3534953594207763,0.0306392461061477,0.1023152992129325,-0.1488822698593139,-0.0002315491437911,-0.2176050096750259,0.2232568114995956,-0.145267516374588,-0.1102436706423759,-0.0901724025607109,-0.0612679794430732,0.1084114983677864,-0.0838501825928688,0.0438314005732536,-0.1145048066973686,-0.5076202154159546,0.1355009377002716,0.1937601119279861,-0.3164327144622803,-0.0900742411613464,-0.0566571690142154,0.0616910830140113,-0.1847160011529922,0.2669233381748199,0.0298155043274164,0.0029120550025254,0.1800441890954971,0.1646784991025924,0.1412903368473053,0.1757404208183288,0.3190852105617523,0.433830201625824,0.3110298216342926,1
s_000406,딸은 나와 상의도 없이 내 통장을 가져갔어. [SEP] 상의도 없이 행동한 것에 대해 화도 나고 속상하셨겠어요. [SEP] 내 미래를 위해서도 모아둔 돈인데 말도 없이 가져가니 너무 화가 나. [SEP] 이런 상황에서는 딸에게 어떻게 말을 해야 할까요? [SEP] 나에게도 필요한 돈이고 먼저 함께 상의를 하고 결정해주었으면 좋겠다고 말을 해야겠어. [SEP] 대화를 통해서 서로에게 이익이 되는 결정을 했으면 좋겠어요.,E47,Pro_12458,Pro_12458_00010,Pro_12458,-0.0836187973618507,-0.2519239485263824,-0.274869829416275,-0.2198908925056457,0.1066256314516067,0.1296776533126831,-0.1857208460569381,-0.0874390080571174,0.04487906396389,0.2662138044834137,0.0119137344881892,-0.2273792773485183,-0.1205062940716743,-0.0446910373866558,-0.0655918270349502,0.1028990522027015,-0.0963809341192245,-0.3212882280349731,-0.2356422990560531,0.0187382511794567,-0.0850851088762283,0.0300377327948808,-0.0692403987050056,-0.2179823070764541,-0.1301259249448776,-0.1151946485042572,-0.3946260809898376,0.1907818615436554,-0.2811204493045807,0.2897111177444458,-0.289040058851242,-0.0940032079815864,-0.2711692750453949,-0.1511568427085876,0.094098076224327,0.3774019777774811,0.0829217359423637,0.0976581424474716,-0.1699926555156707,-0.0281333159655332,-0.2344975024461746,0.2611375153064728,-0.1715235859155655,-0.0880091562867164,-0.0882095918059349,-0.0692676752805709,0.1435573399066925,-0.1152806133031845,0.0422963872551918,-0.1351755410432815,-0.5529964566230774,0.1244732216000557,0.1594889909029007,-0.3270063400268554,-0.1743345856666565,-0.1031176075339317,0.0451466664671897,-0.1759027391672134,0.3165453672409057,0.0550007820129394,-0.0144404675811529,0.1526562124490738,0.1721262335777282,0.1349001973867416,0.2849054634571075,0.3317382037639618,0.4860322475433349,0.3140329718589782,1
s_000407,배우자 돌봄을 남의 손을 빌려야 하니 죄책감이 드네. [SEP] 돌봄이 어려운가요. [SEP] 직장에 가야하고 자식들도 생활이 있다 보니 안타까운 마음이네. [SEP] 안타까운 마음이 드시는군요. [SEP] 그래도 가족 돌봄만큼 하겠는가. [SEP] 자주 시간내어서  보내면 좋을 듯합니다.,E53,Pro_10664,Pro_10664_00021,Pro_10664,-0.1191013157367706,-0.1619167327880859,-0.2530646920204162,-0.1766817420721054,0.0555805563926696,0.1041538938879966,-0.1050695925951004,-0.0705320239067077,0.0231588836759328,0.2171466499567031,0.0148159964010119,-0.1857064217329025,-0.0874040424823761,-0.0192883517593145,-0.0084247142076492,0.0882057920098304,-0.0196966901421546,-0.2611112296581268,-0.1983834207057953,-0.0098334290087223,-0.1145391017198562,0.06560979783535,-0.0673166662454605,-0.1281502246856689,-0.0311239194124937,-0.0548096150159835,-0.3572411835193634,0.2038996368646621,-0.1954657435417175,0.2280836552381515,-0.2152805179357528,-0.1085149869322776,-0.2299163341522216,-0.1797091513872146,0.0887740179896354,0.3263128101825714,0.0200637262314558,0.0999209731817245,-0.1434412598609924,-0.0208762604743242,-0.1750326007604599,0.2001237720251083,-0.1722963154315948,-0.1240325570106506,-0.0902956202626228,-0.0991001054644584,0.1520082056522369,-0.071791224181652,0.0002121813595294,-0.1274683326482772,-0.4606908857822418,0.1449744403362274,0.1109049841761589,-0.2173578590154647,-0.0900019109249115,-0.1179299652576446,-0.0223922729492187,-0.1657669395208358,0.2582027018070221,0.0450575500726699,0.0281280633062124,0.0821230039000511,0.1545780152082443,0.138245478272438,0.2428406327962875,0.3554994165897369,0.3376412391662597,0.2690379619598388,1
s_000408,부모님이 돌아가셔서 너무허무해. [SEP] 언제 돌아가셨나요? [SEP] 올봄에 돌아가셨는데 생각이 너무많이 나네. [SEP] 부모님이 돌아가셔서 많이 슬프셨겠어요. [SEP] 나이가 있어도 부모님의 부재는 힘든거같네. [SEP] 살아계실때 잘모셔야 할거같아요.,E43,Pro_10654,Pro_10654_00011,Pro_10654,-0.0463662073016166,-0.1999991536140442,-0.2754048407077789,-0.2979162633419037,0.1437022984027862,0.0725990757346153,-0.1302244067192077,-0.0260116066783666,0.0375609993934631,0.2564874589443207,0.0494479313492774,-0.1520203500986099,-0.1002155244350433,-0.0773142874240875,-0.100368708372116,0.0153142195194959,-0.0693392008543014,-0.2453608214855194,-0.1950063556432724,0.1077227443456649,-0.0196081791073083,0.0410532355308532,-0.0854750499129295,-0.0962922945618629,-0.0953271239995956,-0.071274422109127,-0.3298385739326477,0.2070999294519424,-0.2284187823534011,0.2083576023578643,-0.2758182883262634,-0.0810645148158073,-0.2010503262281417,-0.0314921326935291,0.0733825415372848,0.3558544218540191,0.0299877785146236,0.0977018028497695,-0.1470527648925781,0.0160103049129247,-0.2248529344797134,0.2263191193342209,-0.1251111924648285,-0.1010042130947113,-0.0940902009606361,-0.0429145991802215,0.0830715149641037,-0.0815915316343307,0.0551105588674545,-0.1024196967482566,-0.5107628703117371,0.1362372189760208,0.2290004789829254,-0.347423106431961,-0.0796284154057502,-0.0296182483434677,0.0997887477278709,-0.1886093318462371,0.2553114593029022,0.0174461621791124,-0.0015749359736219,0.2150617986917495,0.1610101908445358,0.1412282139062881,0.1318679749965667,0.2897680997848511,0.4519298672676086,0.3293395936489105,1
s_000409,갑자기 지방으로 발령 나게 되어서 당혹스러워. [SEP] 지방으로 발령 나게 돼서 많이 불안하시겠어요. [SEP] 지방에 있으면 혼자서 일을 잘 해낼 수 있을지 모르겠어. [SEP] 지방에서 어떻게 일을 하면 좋을까요? [SEP] 지방에 있는 회사는 어떤지 알아보고 어떤 일을 하는지 철저히 준비해서 가야겠어. [SEP] 지방으로 가셔도 잘 해내시기를 바라요.,E35,Pro_05366,Pro_05366_00003,Pro_05366,-0.0585259944200515,-0.2326720803976059,-0.2725672423839569,-0.2577376365661621,0.1277920454740524,0.1008333191275596,-0.1609151661396026,-0.0571658685803413,0.0430850014090538,0.2577293217182159,0.0268406756222248,-0.1906576156616211,-0.1073947250843048,-0.0683397576212883,-0.0912816748023033,0.0595959648489952,-0.0883188396692276,-0.2804441154003143,-0.2114178240299224,0.0678138211369514,-0.0450726561248302,0.0312934406101703,-0.0753292068839073,-0.1624925583600998,-0.1243392899632453,-0.1021353006362915,-0.3541183173656463,0.1895566880702972,-0.2597329020500183,0.249024212360382,-0.286306232213974,-0.0817615389823913,-0.2325678616762161,-0.0813859552145004,0.0796219110488891,0.359933078289032,0.0634121671319007,0.0997187197208404,-0.1526771932840347,-0.0051762037910521,-0.2228126376867294,0.2430644035339355,-0.1410784870386123,-0.0846238732337951,-0.0875837132334709,-0.0499713495373725,0.1051663905382156,-0.099806323647499,0.055247988551855,-0.1148076131939888,-0.525592565536499,0.1217567548155784,0.1938579380512237,-0.342293918132782,-0.1301226317882537,-0.0561529509723186,0.0753794685006141,-0.1775304973125457,0.2847421169281006,0.0384098440408706,-0.0132478727027773,0.1901685446500778,0.1648116558790207,0.1313977688550949,0.2034391164779663,0.295440524816513,0.4738222956657409,0.3121463358402252,1
s_000410,병원에 남편이 검사한 암 결과를 들으러 갔는데 의사 표정이 좋지 않아서 불안하고 걱정돼. [SEP] 남편의 암 결과가 좋지 않을까 봐 불안하고 걱정되시는군요. [SEP] 항상 남편과 함께였는데 남편이 암이면 나 혼자 어떻게 헤쳐 나가야 할지 모르겠어. [SEP] 남편의 암진단으로 나 혼자 살아가야할 상황에서 할 수 있는 게 어떤 것이 있을까요? [SEP] 마음을 다 잡고 남편에게 힘이 되어 주고 싶어. 정성 어린 간호로 남편과 이겨낼 거야. [SEP] 정성 어린 간호로 남편과 함께 잘 이겨내시길 바랄게요.,E30,Pro_11301,Pro_11301_00020,Pro_11301,-0.0877665281295776,-0.2607321739196777,-0.2804813086986542,-0.2542695105075836,0.1175207868218422,0.1364105641841888,-0.1716652363538742,-0.0757891535758972,0.04752042517066,0.2765872478485107,0.0371706970036029,-0.2148949801921844,-0.1137717366218566,-0.0524792894721031,-0.0712705701589584,0.1002424657344818,-0.0953609868884086,-0.3212036490440368,-0.2254145741462707,0.0296389423310756,-0.0698672458529472,0.0409190393984317,-0.0641071274876594,-0.1938242614269256,-0.1179298982024192,-0.1074179783463478,-0.3968004882335663,0.2081632763147354,-0.2775915265083313,0.2758136987686157,-0.3072640597820282,-0.1111635640263557,-0.270529955625534,-0.1310069859027862,0.0930754765868187,0.3831315040588379,0.0593087524175643,0.1105408892035484,-0.1677702516317367,-0.0265522710978984,-0.2475501149892807,0.2519329786300659,-0.1754471510648727,-0.1115483120083808,-0.083029493689537,-0.0713245198130607,0.1389729380607605,-0.1104354783892631,0.0545545369386673,-0.137231096625328,-0.5587679743766785,0.1250704079866409,0.1782106310129165,-0.3367446362972259,-0.1437678039073944,-0.0814998969435691,0.0485241264104843,-0.1908843517303466,0.3169400095939636,0.0507463850080966,-0.0141721600666642,0.1773403137922287,0.1837467700242996,0.1438680738210678,0.2523302733898163,0.3571715354919433,0.4971921741962433,0.3148863315582275,1
s_000411,나이 먹어서 들어오는 일도 적고 월급도 적어서 나 어떡하면 좋아? [SEP] 일도 월급도 적어서 많이 힘드시군요. [SEP] 좀 있으면 내 딸 생일인데 어떤 일도 들어오지 않아서 힘들어. 죽고 싶다는 생각이 들어. [SEP] 이런 답답한 상황을 어떻게 하는 것이 좋을까요? [SEP] 이럴 때일수록 가족들 생각을 해야지. 당장 전단지 알바라도 시작해야겠어. [SEP] 가족들을 생각하셔서 힘내시고 지금의 어려움을 극복하시길 바라요.,E15,Pro_07026,Pro_07026_00006,Pro_07026,0.000498250068631,-0.2452110350131988,-0.3041563928127289,-0.3489029705524444,0.2013016492128372,0.0646435469388961,-0.2090351283550262,-0.0283556953072547,0.0497908852994442,0.3098009824752807,0.0451118610799312,-0.1783609092235565,-0.1509202718734741,-0.0882440581917762,-0.1508322209119796,-0.0125343156978487,-0.130488708615303,-0.2918279767036438,-0.248659536242485,0.1595449298620224,0.0043503404594957,0.0031787049956619,-0.1117777600884437,-0.1592645049095153,-0.1722254306077957,-0.0999498963356018,-0.3704970777034759,0.2103410810232162,-0.2921356558799743,0.2629027068614959,-0.3177495300769806,-0.0528374128043651,-0.2297777235507965,0.0037242067046463,0.0855995193123817,0.4226561486721039,0.08674056828022,0.0686944425106048,-0.1925980746746063,0.0258130114525556,-0.2987721562385559,0.2980036735534668,-0.1203144267201423,-0.0666826739907264,-0.1155462339520454,-0.0110126426443457,0.0765512958168983,-0.1190223470330238,0.0724178999662399,-0.1061457097530365,-0.6102320551872253,0.148682951927185,0.3004045188426971,-0.4512086510658264,-0.1659275591373443,-0.0401265621185302,0.1966895908117294,-0.2046073973178863,0.2995030879974365,0.0069138091057538,-0.0281925238668918,0.2760765850543976,0.1667164415121078,0.1528645604848861,0.1647371798753738,0.2582932114601135,0.5840772986412048,0.4288103580474853,1
s_000412,그저께 배우자랑 사별했어. [SEP] 배우자랑 사별해서 무척 힘드시겠어요. [SEP] 응. 뭐든지 하기 싫어 의욕이 안 나서 힘들어. [SEP] 의욕이 안 나서 힘드시군요. 지금의 기분에서 벗어나기 위해선 어떻게 하는 것이 좋을까요? [SEP] 내가 좋아하는 탁구를 하면서 의욕을 되찾아야겠어. [SEP] 네 탁구를 하면서 기분 전환이 되길 바랄게요.,E37,Pro_07048,Pro_07048_00002,Pro_07048,-0.0464624017477035,-0.1856855452060699,-0.2886989414691925,-0.2835710048675537,0.1441681087017059,0.0642449557781219,-0.168266624212265,-0.0401711054146289,0.0330590941011905,0.277607798576355,0.0312989763915538,-0.1758404076099395,-0.1377345472574234,-0.0472279861569404,-0.0846919193863868,0.0082096923142671,-0.0760721117258071,-0.2762039303779602,-0.2415557205677032,0.0986328944563865,-0.0540088415145874,0.0283555537462234,-0.1078785806894302,-0.1349517852067947,-0.1003069579601287,-0.0619697980582714,-0.3731497228145599,0.219843104481697,-0.2419369369745254,0.2487528920173645,-0.2580209076404571,-0.0704600140452385,-0.2273295819759369,-0.0787079855799675,0.0935777202248573,0.3980756402015686,0.0563221983611583,0.0649574622511863,-0.1872155219316482,0.0140726175159215,-0.2617422640323639,0.2676760852336883,-0.1445087492465973,-0.0942100808024406,-0.1200635805726051,-0.0496610589325428,0.1150413230061531,-0.0975910052657127,0.0253538247197866,-0.1157606393098831,-0.5663067102432251,0.1689403802156448,0.2367191910743713,-0.3605878949165344,-0.1402123868465423,-0.0946610495448112,0.1227110400795936,-0.1933941543102264,0.2781215012073517,0.0116727547720074,0.0054158894345164,0.1893033683300018,0.1560525000095367,0.1578048020601272,0.2013212889432907,0.3013734221458435,0.4739882349967956,0.3983168005943298,1
s_000413,건강검진 결과가 아무 이상 없이 좋게 나왔어. [SEP] 건강하셔서 기쁘시겠어요. [SEP] 건강함을 유지하려면 어떡해야 할지 고민이야. [SEP] 어떻게 하면 건강을 오래 유지할 수 있을까요? [SEP] 운동과 생활습관을 더욱 규칙적으로 건강하게 바꿔야겠어. [SEP] 오랫동안 건강히 사셨으면 좋겠어요.,E60,Pro_10671,Pro_10671_00001,Pro_10671,-0.2030619829893112,-0.1631415635347366,-0.2310859560966491,0.0247960034757852,-0.0560915581882,0.16787189245224,-0.1450767368078231,-0.1657016724348068,0.0143791884183883,0.1861462444067001,-0.0660948604345321,-0.2837883830070495,-0.1031611934304237,0.0643494874238967,0.1012422665953636,0.2156752049922943,-0.0019982431549578,-0.3367697894573211,-0.2472190707921981,-0.1850827634334564,-0.2561522126197815,0.0666450783610344,-0.0465426594018936,-0.2723033726215362,-0.0167221147567033,-0.0813144594430923,-0.4318015277385711,0.1756873875856399,-0.2155970782041549,0.3232333660125732,-0.157063752412796,-0.1257961243391037,-0.3108856081962585,-0.3994085192680359,0.1209580823779106,0.3198910653591156,0.0763192325830459,0.0870894119143486,-0.1654412448406219,-0.0872887670993805,-0.1349884271621704,0.219424232840538,-0.2451386004686355,-0.112722709774971,-0.0900185778737068,-0.1642988175153732,0.2606266140937805,-0.0963602662086486,-0.0686835721135139,-0.1734040826559066,-0.457168310880661,0.1465016454458236,-0.0602582246065139,-0.0791918709874153,-0.2050914913415908,-0.2688470482826233,-0.1646727174520492,-0.1248778253793716,0.3113301992416382,0.0998643189668655,0.0430131219327449,-0.1041393727064132,0.1478902548551559,0.1255253106355667,0.4898771047592163,0.423218160867691,0.2643080949783325,0.2153518795967102,1
s_000414,선생님이 수학 성적을 삼 등급으로 올리라고 해서 고민이야. [SEP] 몇 등급이라 고민스러운 건가요? [SEP] 이 등급 만큼은 더 올려야돼. 수포자라 개념이 모자르긴한데 큰일이네. [SEP] 수리학실력이 약해서 점수를 올리는게 걱정되는거군요?,E33,Pro_00204,Pro_00204_00007,Pro_00204,-0.073237843811512,-0.2076526433229446,-0.2682864665985107,-0.2489295005798339,0.1127162799239158,0.0966847538948059,-0.1365823447704315,-0.0525055974721908,0.0367979183793067,0.2472773790359497,0.0317987687885761,-0.1790767461061477,-0.0988751724362373,-0.058200903236866,-0.0713851153850555,0.0578218176960945,-0.0650945380330085,-0.2671107947826385,-0.202246680855751,0.0565052777528762,-0.0564337894320488,0.044436115771532,-0.0742871239781379,-0.1351938843727111,-0.0908834114670753,-0.0816584005951881,-0.3493742942810058,0.199235588312149,-0.2347668260335922,0.2321407198905944,-0.2672799527645111,-0.0913223698735237,-0.2245939970016479,-0.0948729515075683,0.0803522542119026,0.3498604297637939,0.0409109070897102,0.101479060947895,-0.1479727327823639,-0.0047414395958185,-0.2111623585224151,0.2258332520723343,-0.1464930325746536,-0.1020817533135414,-0.0886562466621398,-0.0622129365801811,0.1123461201786995,-0.0873019099235534,0.0420417189598083,-0.1156915575265884,-0.5047773122787476,0.1308203637599945,0.1809871941804886,-0.3108755052089691,-0.1034135892987251,-0.0638452470302581,0.0537244938313961,-0.1784463077783584,0.2708230912685394,0.0353207103908062,0.0006087049259804,0.1695617437362671,0.1626993417739868,0.1362358182668686,0.1937869638204574,0.3137732744216919,0.4325088560581207,0.302883118391037,1
s_000415,이 실장이 자기 기분에 따라 나한테 잔소리를 해서 불편해. [SEP] 기분에 따라 잔소리를 하다니 정말 불편하겠어요. [SEP] 내가 일을 못 한다고 타박하는 게 제일 싫어. [SEP] 이 실장님이 타박하지 못하게 하는 방법은 없을까요? [SEP] 이 실장에게 열심히 일하는 모습을 보여야겠어. [SEP] 열심히 일하는 모습을 보이면 어떤 변화가 있을까요?,E48,Pro_03579,Pro_03579_00057,Pro_03579,-0.0416959002614021,-0.2459923326969146,-0.275237500667572,-0.2747962474822998,0.1443449407815933,0.0967541337013244,-0.1714020520448684,-0.0523520931601524,0.0472633093595504,0.2634069919586181,0.0280493590980768,-0.1890566349029541,-0.1098458468914032,-0.081971101462841,-0.112284131348133,0.049768391996622,-0.1028818935155868,-0.2794310748577118,-0.2113274037837982,0.0887564122676849,-0.0260500684380531,0.022586416453123,-0.0773747637867927,-0.1668192446231842,-0.1463218033313751,-0.1132438480854034,-0.3470364212989807,0.1828832179307937,-0.2719163000583648,0.2500566840171814,-0.2999016344547272,-0.0724344328045845,-0.2283166497945785,-0.0529048442840576,0.0753323063254356,0.3628028333187103,0.0736727491021156,0.0995379388332367,-0.1514759212732315,0.0003978945023845,-0.2286015003919601,0.250344842672348,-0.1295060515403747,-0.0720723792910575,-0.0863950699567794,-0.0363097377121448,0.0899411737918853,-0.1046412140130996,0.0685502290725708,-0.1090356335043907,-0.5333080291748047,0.1144733801484108,0.2123632878065109,-0.3685504496097564,-0.1366869807243347,-0.0376732274889946,0.0986179634928703,-0.1778370589017868,0.2865296304225921,0.0362765491008758,-0.0229223035275936,0.2152404338121414,0.1649255603551864,0.127320647239685,0.1883360743522644,0.2739713788032532,0.5008267760276794,0.3182002305984497,1
s_000416,친구한테 시험 끝나고 잘 봤는지 물어봤는데 못 봤다고 하더니 성적은 나보다 잘 나왔더라고. [SEP] 친구분께서 하신 말과 실제 결과가 달라서 배신당한 기분이 들었겠군요. [SEP] 그렇게 성적 좋은데 왜 겸손한 척을 하는지 모르겠어. 그게 오히려 나한테는 마음의 상처야. [SEP] 친구분 때문에 마음에 상처를 받으셨군요. 어떻게 하면 기분이 나아질 수 있을까요? [SEP] 다음 시험은 내가 꼭 친구보다 더 잘 볼 거야. 완전 열심히 공부할 거야. [SEP] 친구에게 직접 물어 보고 사과를 받으려고 하시는군요.,E42,Pro_01773,Pro_01773_00026,Pro_01773,-0.1064050272107124,-0.1874051243066787,-0.2614592611789703,-0.1804354786872863,0.0701697543263435,0.1095239296555519,-0.1420757174491882,-0.0812660008668899,0.0289361421018838,0.2349988371133804,0.0048601171001791,-0.2066135108470916,-0.1067112907767295,-0.020523227751255,-0.0232833847403526,0.0923125296831131,-0.0466002598404884,-0.2867284417152405,-0.2215093374252319,-0.00440334668383,-0.114311434328556,0.0490846969187259,-0.0732033774256706,-0.170561745762825,-0.0677684098482132,-0.0749418437480926,-0.3768621683120727,0.1979327648878097,-0.2274703383445739,0.2590592503547668,-0.2324595004320144,-0.0978792533278465,-0.2484232634305954,-0.1829616129398346,0.0943868830800056,0.3499224781990051,0.0510216504335403,0.0903346687555313,-0.1600224673748016,-0.0239397101104259,-0.198660522699356,0.2301774322986602,-0.1745511293411255,-0.1055653542280197,-0.0954915881156921,-0.0899437442421913,0.1558729708194732,-0.0901996791362762,0.0060026464052498,-0.1319119483232498,-0.5017228722572327,0.1439949423074722,0.1242870613932609,-0.2546980679035187,-0.1359646022319793,-0.1294512301683426,0.0034786842297762,-0.1665831208229065,0.2816921472549438,0.0482397712767124,0.0152405695989727,0.0951768830418586,0.1568315625190735,0.1381026804447174,0.276557594537735,0.3438763618469238,0.3882141709327698,0.2962207794189453,1
s_000417,먹고서 바로 눕는 습관을 들였더니 역류성 식도염에 걸렸네. 정말 후회막심이야. [SEP] 식도염에 걸려서 후회하고 계시는군요. [SEP] 그냥 편하자고 누워서 티브이 봤던 내가 너무 원망스럽다. [SEP] 자신이 원망스럽겠어요. 지금 이 감정을 벗어나기 위해서는 어떻게 해야 할까요? [SEP] 그래도 꾸준히 관리를 하면 좋아진다고 하니 좋은 습관을 만들려고. [SEP] 진료를 받아서 이 상황이 나아졌으면 좋겠어요.,E23,Pro_08834,Pro_08834_00007,Pro_08834,-0.0502703115344047,-0.2107279747724533,-0.2837118208408355,-0.2719267904758453,0.1390946209430694,0.0817228183150291,-0.1731164753437042,-0.0505785979330539,0.0383416265249252,0.2730699777603149,0.0269617419689893,-0.1875583529472351,-0.1294029802083969,-0.0550488755106925,-0.0889154374599456,0.0322189256548881,-0.0864239931106567,-0.2846057713031769,-0.2345350533723831,0.0846527740359306,-0.0521622151136398,0.0264729131013155,-0.0952784493565559,-0.1567560583353042,-0.1171546205878257,-0.0828550234436988,-0.3708879351615906,0.2064021676778793,-0.2560798525810241,0.2564642131328583,-0.2729715704917907,-0.0737565457820892,-0.2347539216279983,-0.0837249681353569,0.0895504802465438,0.387523204088211,0.0658179074525833,0.0774523764848709,-0.1768801063299179,0.0044942419044673,-0.2505967617034912,0.2638228833675384,-0.144968494772911,-0.0870404615998268,-0.1076864823698997,-0.0490104295313358,0.1135125532746315,-0.1026069819927215,0.0381453558802604,-0.1171585693955421,-0.5579408407211304,0.1495329439640045,0.2199688851833343,-0.3587439358234405,-0.1465155184268951,-0.0831576138734817,0.1065621301531791,-0.1869653016328811,0.2866637110710144,0.0240585692226886,-0.0047021494247019,0.1902656555175781,0.1604426652193069,0.1471039354801178,0.2122104465961456,0.2985465228557586,0.4838234782218933,0.3679138123989105,1
s_000418,요즘엔 나이가 들어서 그런지 눈이 침침해서 답답해. [SEP] 눈이 침침해서 답답하시겠어요. [SEP] 책을 읽는 게 낙이었는데 책을 오래 읽는 것도 눈이 아파. [SEP] 책 읽기를 좋아하시는군요? 눈의 상태를 더 좋게 하려면 어떻게 해야 할까요? [SEP] 눈에 좋은 약을 찾아 먹으려고. [SEP] 간단한 운동으로 우울감을 떨쳐내실 계획이시군요.,E16,Pro_10567,Pro_10567_00025,Pro_10567,-0.0326141528785228,-0.2641352415084839,-0.2760959267616272,-0.2769689559936523,0.1521640419960022,0.101243108510971,-0.1859086751937866,-0.0565740801393985,0.0518133640289306,0.2672791481018066,0.0234629288315773,-0.1972373127937317,-0.1125681400299072,-0.0902301147580146,-0.1254743933677673,0.0542284734547138,-0.1180998533964157,-0.2868899703025818,-0.2143629938364029,0.0938037186861038,-0.0180296581238508,0.0140375811606645,-0.0757052153348922,-0.1859028339385986,-0.1694340705871582,-0.1294098645448684,-0.347055047750473,0.1731082797050476,-0.2882645726203918,0.2602105736732483,-0.3126949369907379,-0.0660586357116699,-0.2326728105545044,-0.0440053008496761,0.073340430855751,0.3648612797260284,0.0890963599085807,0.100686676800251,-0.1510733813047409,-0.0009823885047808,-0.2313143014907837,0.2588872015476227,-0.1247394084930419,-0.0588199831545352,-0.0832322761416435,-0.028054803609848,0.0838224664330482,-0.1124410033226013,0.0788947120308876,-0.1077116206288337,-0.5411689877510071,0.1046263054013252,0.2164110839366912,-0.3855949640274048,-0.1529338359832763,-0.0295850541442632,0.1085548028349876,-0.1750344932079315,0.2947603762149811,0.0402844808995723,-0.0331048592925071,0.2274431586265564,0.1660732328891754,0.1213867291808128,0.1942396014928817,0.2595221996307373,0.5254575610160828,0.3164643943309784,1
s_000419,배우자와 사별하고 우울증이 생겼어. [SEP] 배우자와 사별하시고 우울증이 생기셨다니 많이 힘드시겠어요. [SEP] 요즘 너무 우울해서 아이들도 제대로 챙겨주지 못하고 너무 죄책감이 들어. [SEP] 우울증으로 인해 아이들을 챙겨주지 못해 죄책감이 드는군요. 무엇을 하면 좋을까요? [SEP] 병원에 가서 우울증을 치료하고 아이들을 다시 잘 챙겨줄 거야. [SEP] 우울증을 잘 극복해내시고 아이들을 잘 돌보시길 바랄게요.,E58,Pro_07069,Pro_07069_00015,Pro_07069,-0.1453470289707183,-0.1560976654291153,-0.2509955763816833,-0.1329590082168579,0.0273964367806911,0.1198664978146553,-0.1120718196034431,-0.0925571843981742,0.0193826630711555,0.2144928127527237,0.0002435371279716,-0.2085764706134796,-0.0944973975419998,0.0076847649179399,0.0254335720092058,0.1181074380874633,-0.0105234598740935,-0.2832240760326385,-0.2143662720918655,-0.0555146671831607,-0.1553741991519928,0.0701042339205741,-0.0645853355526924,-0.1581230610609054,-0.0162026826292276,-0.0520962253212928,-0.3843826651573181,0.2073150426149368,-0.1958143860101699,0.2516968250274658,-0.1985187381505966,-0.1186776906251907,-0.2535916566848755,-0.2434275597333908,0.1006981208920478,0.3327300250530243,0.0262406505644321,0.0948981195688247,-0.1550398468971252,-0.0374102368950843,-0.1739190965890884,0.2059490233659744,-0.1971501559019088,-0.1316769868135452,-0.0939197242259979,-0.1205560266971588,0.186205044388771,-0.0764892399311065,-0.0222677811980247,-0.1425753831863403,-0.4685392379760742,0.1541697978973388,0.0725619941949844,-0.1811064183712005,-0.1146667152643203,-0.1642005145549774,-0.0582234896719455,-0.1615836471319198,0.2729272246360779,0.0556447319686412,0.0367179885506629,0.0329776816070079,0.1551984101533889,0.1423916965723037,0.3057845830917358,0.3875548243522644,0.3170095384120941,0.2670488953590393,1
s_000420,항상 말만 많은 허 과장이 모두 앞에서 상을 받는 건 이해할 수가 없어 화가나. [SEP] 말만 많은 허 과장이 상을 받아 기분이 나쁘시군요. [SEP] 일은 우리 팀이 다했는데 그 상은 허 과장이 아니라 우리 팀원들이 받아야 해. [SEP] 상을 허과장이 아니라 팀원들이 받아야 한다고 생각하시는 군요. 어떻게 하는 게 최선일까요? [SEP] 잘못 선정된 것이 틀림없어. 정식으로 이의를 제기해야겠어. [SEP] 친구들과 시간을 보내며 기분이 나아졌으면 좋겠어요.,E10,Pro_08941,Pro_08941_00039,Pro_08941,-0.014854128472507,-0.2423910796642303,-0.2815076112747192,-0.2920135259628296,0.1661267578601837,0.0759327337145805,-0.1907655149698257,-0.0442626737058162,0.0478542149066925,0.2723869383335113,0.0217793192714452,-0.1856507062911987,-0.1249174028635025,-0.0892614722251892,-0.134012222290039,0.0202338937669992,-0.1163158789277076,-0.2751641273498535,-0.224247321486473,0.121670164167881,-0.0105116255581378,0.0070003503933548,-0.0928447023034095,-0.1701787710189819,-0.1690797209739685,-0.1158047616481781,-0.3423464894294739,0.1781519055366516,-0.2811236679553985,0.2550245225429535,-0.2997411489486694,-0.0502841398119926,-0.2201364785432815,-0.0228857807815074,0.0746305808424949,0.3760040998458862,0.0919556021690368,0.082901082932949,-0.1616899371147155,0.013766000047326,-0.2428880780935287,0.2699666917324066,-0.1139413118362426,-0.0508580915629863,-0.0977343097329139,-0.0182344075292348,0.0751692578196525,-0.1109501868486404,0.0703851133584976,-0.1007926613092422,-0.5525256991386414,0.1211450546979904,0.2426769584417343,-0.4020729064941406,-0.1579587310552597,-0.0348545722663402,0.141781136393547,-0.1777131259441375,0.2850273847579956,0.0258498601615428,-0.0283900145441293,0.2368296533823013,0.1573303937911987,0.1275858879089355,0.1788765788078308,0.2388737052679062,0.5284126996994019,0.353577196598053,1
s_000421,이번에 첫 손주가 태어났어. 지금 내가 몸은 불편해도 우리 손자 안아볼 생각에 행복해. [SEP] 첫 손주가 태어나서 기쁘시군요. 몸은 좀 어떠신대요? [SEP] 요즘 허리가 안 좋아져서 걱정이긴 하지만 그것 때문에 우리 손자를 못 안을 수는 없지. [SEP] 몸이 불편하셔서 걱정이실 텐데 아이를 안으면 건강이 나빠지지 않을까요? [SEP] 살살 잘 안으면 괜찮을 거야. 애들 걱정 안 하게 조심해야지. [SEP] 아이를 살살 안으실 생각이시군요. 지금 상황에서 어떤 것이 필요하다고 보시나요?,E65,Pro_11336,Pro_11336_00008,Pro_11336,-0.1691262125968933,-0.2394370585680008,-0.2598846554756164,-0.1178101301193237,0.0227734874933958,0.1828782707452774,-0.1598701924085617,-0.1332408040761947,0.0357310660183429,0.2435233443975448,-0.0021219444461166,-0.2644921839237213,-0.1060495674610138,0.0124278524890542,0.027798444032669,0.192553773522377,-0.0537982583045959,-0.3557904064655304,-0.2382963895797729,-0.107544295489788,-0.1769594848155975,0.0640811696648597,-0.0413666255772113,-0.2512829899787903,-0.0618929862976074,-0.101116731762886,-0.4395893216133117,0.2045168727636337,-0.2594833672046661,0.3134056627750397,-0.2557362616062164,-0.1445531845092773,-0.3160819709300995,-0.2988356947898865,0.1138397753238678,0.3625958561897278,0.0593499280512332,0.1145721450448036,-0.1707296520471573,-0.0740737840533256,-0.2051675617694854,0.2347875088453292,-0.2341049909591674,-0.1353112161159515,-0.0772752836346626,-0.1337348669767379,0.2209004610776901,-0.1091018617153167,-0.0010120511287823,-0.1708675026893615,-0.5266843438148499,0.1314491927623748,0.0453606620430946,-0.2046719342470169,-0.1737198829650879,-0.1835084706544876,-0.0850104168057441,-0.1682250052690506,0.3359549343585968,0.0866829603910446,0.0118629578500986,0.0327924266457557,0.1826254725456237,0.1414549350738525,0.3968145847320556,0.4382885694503784,0.3965416550636291,0.2532693445682525,1
s_000422,몇십 년을 함께 살았던 남편과 이혼했어. 그동안의 세월에 배신감을 느끼고 너무 화가 나. [SEP] 가족과의 문제 때문에 속상하시겠어요. [SEP] 이제 할 수 있는 일도 없고 이렇게 힘들게 사는 게 불만스럽기만 해. [SEP] 지금의 감정을 나아지게 할 수 있는 어떤 방법이 있을까요? [SEP] 함께 친하게 지내던 동네 언니 동생들과 빈자리를 조금이나마 채울까 해. [SEP] 지인분들과 좋은 시간 보내셨으면 좋겠어요.,E37,Pro_11368,Pro_11368_00047,Pro_11368,-0.0671733170747757,-0.2839464247226715,-0.3027198612689972,-0.2941724359989166,0.1528242975473404,0.1342652142047882,-0.2167064249515533,-0.0759581848978996,0.0537610426545143,0.3164207637310028,0.042727380990982,-0.2297496348619461,-0.1486278772354126,-0.0516744889318943,-0.0943494886159896,0.0835515558719635,-0.1282426118850708,-0.35465207695961,-0.2627438604831695,0.0580972507596015,-0.061770562082529,0.0235460512340068,-0.0820134803652763,-0.225400686264038,-0.1519317775964737,-0.1147725135087966,-0.4323428273200989,0.2238789647817611,-0.3122971355915069,0.3090479075908661,-0.3326825201511383,-0.1034245491027832,-0.293832391500473,-0.1195608526468277,0.1058505773544311,0.4338589012622833,0.0840973258018493,0.0921284407377243,-0.2034078240394592,-0.0219718199223279,-0.3045228123664856,0.2971250414848327,-0.1825391352176666,-0.1053080111742019,-0.0998020693659782,-0.0591430887579917,0.1448140889406204,-0.1323939561843872,0.0599358342587947,-0.1452808678150177,-0.6273753643035889,0.1428700089454651,0.2277459502220153,-0.4003084897994995,-0.1910614371299743,-0.0976473018527031,0.1073798313736915,-0.2089762240648269,0.3470114171504974,0.0415261797606945,-0.0252229832112789,0.213159754872322,0.1917245835065841,0.1604865789413452,0.2762105166912079,0.3604891896247864,0.578378438949585,0.3891230821609497,1
s_000423,사놓은 집값이 계속 떨어지고 있어서 불안해. [SEP] 집값이 계속 떨어지는 것 같아 불안하셨군요. [SEP] 얼마 전에 노후대비로 사놓은 집인데 집값이 떨어지니까 화도 나. [SEP] 그렇군요. 불안을 해결할 현명한 방법은 무엇이 있을까요? [SEP] 아직 모르니까 조금 더 지켜보고 현명하게 판단해야겠어. [SEP] 현명하게 선택하셔서 좋은 결과가 있길 바랄게요.,E16,Pro_10867,Pro_10867_00026,Pro_10867,0.3043544590473175,0.2215552777051925,-0.1916355788707733,0.8188808560371399,0.8839573264122009,0.7383872866630554,-0.5646824836730957,-0.1749275475740432,0.2490887492895126,0.6291846632957458,0.6457880139350891,-0.0880915597081184,0.9558466076850892,-0.7913905382156372,0.8099679946899414,0.1973075121641159,-0.909873366355896,0.3753958642482757,0.794244110584259,-0.3477690815925598,0.2020725905895233,-0.1614872813224792,-0.3194165229797363,-0.9569098353385924,0.1662498563528061,-0.8107702732086182,-0.2155628651380539,0.5942188501358032,-0.857154905796051,-0.7394986748695374,-0.7815577387809753,0.8927498459815979,-0.849976658821106,0.3921087980270386,-0.3291807472705841,0.9192649722099304,0.9222257733345032,0.7224854826927185,0.3957559168338775,-0.1561222374439239,-0.1901535391807556,-0.351836085319519,-0.5768914222717285,-0.0039622648619115,0.3958422839641571,-0.2176193743944168,0.485847145318985,-0.5395551919937134,0.729633092880249,-0.8367151021957397,-0.3085851073265075,0.5904940962791443,0.7672340869903564,0.0108963632956147,-0.6649402379989624,0.0127510298043489,0.3483581840991974,0.3565923571586609,0.0725479647517204,-0.8121878504753113,-0.6174088716506958,-0.7296531200408936,-0.1520720273256302,-0.0093826381489634,0.2306176871061325,0.2361915111541748,0.5631234645843506,0.3455648720264435,2
s_000424,나는 우리 가족이 제일 좋아. 유일하게 신뢰가 가는 소중한 사람들인 것 같아. [SEP] 서로 신뢰한다는 것을 보니 가족관계가 좋으시나봐요. 보통 때는 어떻게 지내시나요? [SEP] 우리 가족은 보통 배려를 많이 하는 것 같아! 그래서 더 믿는 것 같고! [SEP] 서로 배려하는 마음과 믿음을 가지고 있는 가족이군요.,E62,Pro_01673,Pro_01673_00001,Pro_01673,-0.2100875377655029,-0.1799231618642807,-0.2485683411359787,-0.0882978290319442,-0.0200899392366409,0.1784011721611023,-0.0994589552283287,-0.1259844899177551,0.0203202757984399,0.2170156836509704,0.0093774357810616,-0.2408619374036789,-0.0842667669057846,0.0408146977424621,0.0824976488947868,0.1963337361812591,0.0047427583485841,-0.3288697600364685,-0.216553658246994,-0.1443000733852386,-0.2098321914672851,0.0982199907302856,-0.0360816270112991,-0.1909155249595642,0.0239343848079442,-0.0515436418354511,-0.4330739378929138,0.2287818342447281,-0.1983072459697723,0.276416152715683,-0.2079447209835052,-0.1717332601547241,-0.3020350039005279,-0.3388596475124359,0.1171190589666366,0.3375413715839386,0.003363971132785,0.1209026724100112,-0.1594852060079574,-0.0770604014396667,-0.1752302199602127,0.1910084187984466,-0.2517821490764618,-0.1806342303752899,-0.0784411057829856,-0.1675332337617874,0.2433553338050842,-0.0789807811379432,-0.0351605415344238,-0.176052063703537,-0.4743911027908325,0.1530067175626754,0.0046093761920928,-0.1133744940161705,-0.109943613409996,-0.2066752165555954,-0.1466765254735946,-0.1702645421028137,0.3058887124061584,0.0821717977523803,0.0465788841247558,-0.0266277864575386,0.1791393905878067,0.1535703837871551,0.3824170529842376,0.4916316270828247,0.2921611368656158,0.2257664650678634,1
s_000425,내 가정도 챙겨야 하고 부모님도 챙겨야 하는데 내가 그만큼 못 벌어서 걱정이야. [SEP] 가족 부양과 경제적 어려움 때문에 걱정이 많으시겠어요. [SEP] 부모님을 안 챙겨드릴 수도 없는데 가족을 모두 부양하기에는 부담이 돼. [SEP] 이 상황을 변화시키기 위해 시도해 볼 수 있는 일들이 어떤 것들이 있을까요? [SEP] 아내가 집안일 대신 밖에 나가서 일했으면 좋겠어. 아내와 이야기를 해봐야지. [SEP] 아내에게 잘 말씀하시고 좋은 해결책을 찾으시면 좋겠어요.,E20,Pro_07031,Pro_07031_00005,Pro_07031,-0.06876040995121,-0.2038111686706543,-0.2712221145629883,-0.2128069549798965,0.106014110147953,0.0923052802681922,-0.1747157722711563,-0.0730972662568092,0.0347339883446693,0.2523817121982574,0.000352978677256,-0.2074019163846969,-0.1249166056513786,-0.0387277752161026,-0.0625321194529533,0.0626171752810478,-0.0765893682837486,-0.2895483076572418,-0.2365983724594116,0.0410833619534969,-0.0853206068277359,0.0261874608695507,-0.0878666415810585,-0.1863452941179275,-0.1132549047470092,-0.091315321624279,-0.3729150295257568,0.1883571147918701,-0.253450334072113,0.2709201276302337,-0.250375747680664,-0.0716111287474632,-0.2436497807502746,-0.1363157480955124,0.0916381552815437,0.3691847026348114,0.0802705362439155,0.07595194876194,-0.1710080206394195,-0.0097756590694189,-0.2219312191009521,0.2587246894836426,-0.1540137529373169,-0.0756063535809516,-0.1040531173348426,-0.0623529069125652,0.1326755881309509,-0.1037429496645927,0.0213319696485996,-0.1221479326486587,-0.5345678925514221,0.1425826549530029,0.1691306382417678,-0.3162766396999359,-0.1676565557718277,-0.1132255643606185,0.0638435930013656,-0.1681077033281326,0.2884372770786285,0.0390829518437385,-0.0006662122323177,0.1396315544843673,0.1526698172092437,0.1354521661996841,0.2631673216819763,0.2977093160152435,0.4467715322971344,0.3355898261070251,1
s_000426,남편의 건강검진에서 종양이 발견되어 많이 놀랐어. [SEP] 갑자기 종양이 발견돼서 많이 떨렸겠어요. [SEP] 건강에 치명적인 악성종양이 아니기를 바라고 있어. [SEP] 남편 분은 어떻게 하고 계세요? [SEP] 겉으로는 태연한데 그 속이 오죽하겠어? [SEP] 남편 분의 건강에 아무런 문제가 없기를 바라요.,E35,Pro_08606,Pro_08606_00007,Pro_08606,-0.0720722302794456,-0.2305705845355987,-0.2740126252174377,-0.2619181871414184,0.1220547929406166,0.1084978803992271,-0.1496932655572891,-0.0563419610261917,0.0420629680156707,0.2602668404579162,0.0374944470822811,-0.1879941672086715,-0.1037122383713722,-0.0624806806445121,-0.0799963772296905,0.066934697329998,-0.0799179226160049,-0.2839719653129577,-0.2082637548446655,0.0575683824717998,-0.0514913238584995,0.0415783934295177,-0.0712930038571357,-0.1518606096506118,-0.1058834418654441,-0.0926709771156311,-0.3623414635658264,0.2021588385105133,-0.2523907124996185,0.2444367706775665,-0.287542849779129,-0.0964592099189758,-0.237508937716484,-0.0928603634238243,0.0826971903443336,0.3625466525554657,0.0472221188247203,0.1058940067887306,-0.1536521464586258,-0.009222294203937,-0.2269195616245269,0.2356732487678527,-0.1519264131784439,-0.1037351936101913,-0.0858810618519783,-0.0602785348892211,0.1145075112581253,-0.0957334116101265,0.0525306910276412,-0.1206419914960861,-0.5262519717216492,0.12661774456501,0.1899036914110183,-0.3306058645248413,-0.1143875122070312,-0.0596920624375343,0.0615266188979148,-0.1846664994955063,0.2862141132354736,0.0386610776185989,-0.007540623191744,0.1849101334810257,0.1709837466478347,0.138514831662178,0.2020552009344101,0.3230254650115967,0.4645776450634002,0.3094973564147949,1
s_000427,집에 가면 아내에게 잔소리들을 게 싫어서 외박 했어. 짜증나. [SEP] 아내에게 잔소리 들을 게 싫어서 외박을 하셨군요. [SEP] 아내한테 이제 잔소리 듣기 싫어. 어떻게 하면 잔소리 안 들을 수 있을지 고민이야. [SEP] 어떻게 하는 편이 가장 좋을까요? [SEP] 아내한테 잔소리 듣기 싫다 단단히 말해야겠어. [SEP] 아내에게 말해 좋게 해결 되셨으면 좋겠어요.,E14,Pro_03665,Pro_03665_00019,Pro_03665,0.0082070045173168,-0.264729380607605,-0.2863065004348755,-0.3200273513793945,0.1909293830394745,0.0726466700434684,-0.2050156444311142,-0.0368330776691436,0.0546449124813079,0.2826066017150879,0.0268603973090648,-0.1831374019384384,-0.1278208643198013,-0.10970239341259,-0.164544403553009,0.0077056032605469,-0.1380943655967712,-0.2756533622741699,-0.2233611643314361,0.1514999568462371,0.0183616690337657,-0.0042209858074784,-0.0944804847240448,-0.1755645722150802,-0.1997376233339309,-0.1319530308246612,-0.3339143097400665,0.1708009541034698,-0.2995319366455078,0.2562473118305206,-0.3229249715805053,-0.0398408323526382,-0.2155988067388534,0.0194589141756296,0.0686634629964828,0.3816041052341461,0.1043334677815437,0.0849049091339111,-0.1600759327411651,0.021026836708188,-0.2536677122116089,0.2797791957855224,-0.0987239629030227,-0.0360245183110237,-0.0948921144008636,0.0008184554171748,0.0534711331129074,-0.1180844381451606,0.0916656106710434,-0.0934991016983985,-0.5652939081192017,0.1101400926709175,0.2703625857830047,-0.4393797218799591,-0.1647440046072006,-0.0058117262087762,0.1743664890527725,-0.1803488582372665,0.2893242239952087,0.0230250842869281,-0.0429078824818134,0.2751569747924804,0.1597947031259536,0.1229025274515152,0.1551534235477447,0.2127561867237091,0.5708423852920532,0.3620301485061645,1
s_000428,친구와 얘기하다 화가 났어. 그렇게 안 봤는데 말을 막 하는 경향이 있더라고. [SEP] 뭐라 하던가요? [SEP] 시집살이 시켰다는 시어머니 얘기를 하며 자기는 남이라 시어머니가 어찌 되든 걱정하는 마음이 하나도 없다는 거야. [SEP] 그런 말을 했군요. [SEP] 시집 생각을 하면 시금치도 싫다느니 그게 어른한테 농담이라고 할 말이야? 그런 얘기 하려면 우리 집에 오지도 말라고 쏘아주었어. 자신도 곧 시어머니가 될 거면서 [SEP] 어른께 예의를 지키면 좋겠네요.,E42,Pro_12453,Pro_12453_00025,Pro_12453,-0.0542674288153648,-0.2305254936218261,-0.274356484413147,-0.2568218410015106,0.130436971783638,0.096682570874691,-0.1682746261358261,-0.0580714419484138,0.0426498427987098,0.2603662312030792,0.0226193070411682,-0.1932155042886734,-0.1134803295135498,-0.0662695690989494,-0.0928371995687484,0.0548898875713348,-0.0911459475755691,-0.2827053070068359,-0.2182429879903793,0.0711707323789596,-0.0468218363821506,0.0270768627524375,-0.0799351707100868,-0.1682477295398712,-0.1291871219873428,-0.1023576334118843,-0.3572419583797455,0.1888236850500106,-0.2627302408218384,0.2544107139110565,-0.2836759388446808,-0.0764156058430671,-0.2338568717241287,-0.0825203880667686,0.0814044699072837,0.3654234409332275,0.0701571479439735,0.0935218036174774,-0.1579792499542236,-0.0035272317472845,-0.2275010347366333,0.25040403008461,-0.1402863264083862,-0.0792725905776023,-0.0918992683291435,-0.0477319061756134,0.1061599105596542,-0.1025853231549263,0.0521571859717369,-0.1146815940737724,-0.5333062410354614,0.1255754828453064,0.1979229748249054,-0.3481528460979461,-0.140867531299591,-0.062957264482975,0.0837218537926673,-0.1769686192274093,0.2866594791412353,0.0366875045001506,-0.0135481590405106,0.1896015852689743,0.1625337749719619,0.1323162615299224,0.2105342447757721,0.2896139323711395,0.4794457256793976,0.3235087096691131,1
s_000429,나 결혼하기 정말 잘한 것 같아. 행복하고 마음이 편안해. [SEP] 결혼하고 마음이 편안한가 보군요. [SEP] 남편이 퇴근하고 자기도 힘들 텐데 저녁도 준비하고 설거지도 하더라고. [SEP] 배려심이 많은 남편이 있어서 행복하겠군요. [SEP] 내가 말 안 해도 내 마음을 먼저 알고 행동해주니까 정말 좋아. [SEP] 나를 많이 배려하고 위해주는 남편을 만나서 결혼 생활이 만족스러운가 보군요.,E63,Pro_05274,Pro_05274_00012,Pro_05274,-0.2184138596057891,-0.1096338033676147,-0.2537316381931305,-0.0718940868973732,-0.0341960228979587,0.1455376744270324,-0.0898254513740539,-0.1189101561903953,0.0037838590797036,0.2162020206451416,0.0012056300183758,-0.2294365912675857,-0.1050681769847869,0.0777045935392379,0.11786899715662,0.1627171784639358,0.0394293032586574,-0.3172256648540497,-0.2402073293924331,-0.1466738730669021,-0.2436904907226562,0.1041737794876098,-0.0632068067789077,-0.1615125387907028,0.0737222507596015,-0.0023530342150479,-0.4470238983631134,0.2534993588924408,-0.1598827540874481,0.2719897627830505,-0.1503810286521911,-0.1654576808214187,-0.2955561280250549,-0.3710674047470093,0.1319142431020736,0.356630802154541,-0.0109046678990125,0.0871883183717727,-0.185832679271698,-0.0657857209444046,-0.1876417845487594,0.1998099386692047,-0.2626761794090271,-0.1943987607955932,-0.1089128032326698,-0.1826934218406677,0.2669935524463653,-0.0682172700762748,-0.0834879800677299,-0.1797602921724319,-0.4860825836658478,0.2006833106279373,0.0082424916326999,-0.0809054672718048,-0.1130076423287391,-0.2636542022228241,-0.1402317285537719,-0.1748602390289306,0.2897239029407501,0.0624851584434509,0.0769161656498909,-0.0728369802236557,0.1639589071273803,0.1753196120262146,0.4019927680492401,0.5079593658447266,0.240305095911026,0.2839685082435608,1
s_000430,아들이 키가 크기에 농구부를 추천했는데 더 이상 운동을 할 수 없는 몸이 되었어. [SEP] 권유로 시작한 운동 때문에 다쳐서 마음이 좋지 않겠어요. [SEP] 농구부를 권유하지 않았으면 다칠 일도 없었을 텐데. [SEP] 이 상황에 할 수 있는 게 어떤 것이 있을까요? [SEP] 아들과 대화해서 다른 것을 할 수 있게 도와줘야겠어. [SEP] 아들과 대화로 잘 이겨내고 다른 것도 찾을 수 있으면 좋겠어요.,E55,Pro_07066,Pro_07066_00027,Pro_07066,-0.1428170055150985,-0.2055185139179229,-0.2600768804550171,-0.1113816872239112,0.0323165953159332,0.1461209207773208,-0.1720845848321914,-0.1247536987066268,0.0291134137660264,0.2379655689001083,-0.0226200968027114,-0.2563890218734741,-0.1217448562383651,0.015151816420257,0.0184045694768428,0.1526088714599609,-0.0513803511857986,-0.3364223539829254,-0.252057820558548,-0.0783814564347267,-0.1742301732301712,0.0477333255112171,-0.0645134896039962,-0.2453386634588241,-0.0712675228714943,-0.0914702862501144,-0.4254668354988098,0.194207414984703,-0.2509627342224121,0.3120400011539459,-0.2253985702991485,-0.1114434152841568,-0.2968161702156067,-0.2819569110870361,0.1130212545394897,0.3653599917888641,0.0788220092654228,0.0858626291155815,-0.1797886043787002,-0.0558257363736629,-0.2032309025526046,0.2505335807800293,-0.2140520215034485,-0.1062382236123085,-0.0963038206100463,-0.1181252896785736,0.2085668444633484,-0.108682595193386,-0.0174862463027238,-0.1580292880535125,-0.5276979207992554,0.1469039916992187,0.0641915872693061,-0.2182009518146515,-0.1960972249507904,-0.1973018050193786,-0.0474440418183803,-0.1582324355840683,0.3196549713611603,0.0724100992083549,0.016533700749278,0.0291071850806474,0.1622425317764282,0.1391834467649459,0.3926024138927459,0.3876993358135223,0.3877102732658386,0.2897899448871612,1
s_000431,오늘 또 불합격했어. 언젠가 합격할 수는 있는 걸까? [SEP] 좌절감에 힘드시겠어요. 좀 더 말씀해 보시겠어요? [SEP] 불합격을 많이 해서 면역이 될 지경이야. 그렇지만 충격이 가시지를 않네. [SEP] 연속되는 불합격에 마음이 힘드시군요. 어떻게 하면 기분이 나아질 수 있을까요? [SEP] 내일은 내일의 해가 뜬다는 말을 좋아하긴 해. 하지만 오늘은 와닿지 않네. [SEP] 좋은 날이 왔으면 좋겠어요.,E21,Pro_05352,Pro_05352_00020,Pro_05352,0.2587976157665252,-0.2906729280948639,-0.7164430618286133,0.2342314273118972,0.7473686337471008,0.4447892606258392,-0.4821082949638366,0.0497524365782737,0.3316524624824524,0.7302087545394897,0.3122456669807434,0.0453296191990375,0.6746236085891724,-0.7290854454040527,0.6487193703651428,-0.2931869328022003,-0.6340751647949219,0.2823334038257599,0.0413441881537437,-0.4193755984306335,-0.0366931520402431,-0.0493121333420276,-0.1028973832726478,-0.82925945520401,-0.0624612905085086,-0.5520227551460266,-0.327458769083023,0.2394235432147979,-0.8700382113456726,0.1338855773210525,-0.4837848842144012,0.4609486162662506,-0.7038706541061401,0.3341499865055084,0.1039585471153259,0.6073504090309143,0.5331530570983887,0.2618137300014496,0.2787404358386993,-0.3120143115520477,-0.1995135396718979,-0.3167162537574768,-0.537366509437561,-0.2208131253719329,0.0832090452313423,0.1340668052434921,0.4067923426628113,-0.5432311296463013,0.3772901892662048,-0.8452197313308716,-0.3803961277008056,0.4464883804321289,0.7009986639022827,-0.2237527072429657,-0.4036718606948852,0.2626068592071533,0.312265396118164,-0.3236806392669678,0.3992579877376556,-0.6146591305732727,-0.279858261346817,-0.1359585970640182,-0.0870119854807853,-0.4596736133098602,0.2905848026275635,0.2673515677452087,0.5405407547950745,0.3564813435077667,1
s_000432,부모님이 이혼해서 나는 아빠랑 사는데 우울증에 걸렸어. [SEP] 부모님이 이혼해서 우울증에 걸려서 힘드시겠어요. [SEP] 부모님이 이혼한 게 계속 내 탓 같다는 생각이 들어. [SEP] 그 생각이 들지 않게 하려면 어떻게 해야 할까요? [SEP] 근처에 있는 상담센터에 가서 내 우울증을 치료받고 싶어. [SEP] 상담센터에 가셔서 우울증을 치료받길 바라요.,E52,Pro_01663,Pro_01663_00017,Pro_01663,-0.0633724629878997,-0.1902637630701065,-0.2715244889259338,-0.2688500881195068,0.1234007179737091,0.0794180706143379,-0.1283865422010421,-0.0379684902727603,0.0338728800415992,0.2495354562997818,0.0395281612873077,-0.162497341632843,-0.1009144634008407,-0.0610051676630973,-0.0776560977101326,0.0319790244102478,-0.0587475933134555,-0.2523389756679535,-0.2004169821739196,0.0794527381658554,-0.0451372228562831,0.0454304255545139,-0.0833090022206306,-0.1080329045653343,-0.0813303664326667,-0.0669139698147773,-0.3406443893909454,0.207414224743843,-0.2224860787391662,0.2172141820192337,-0.2604609131813049,-0.0864380002021789,-0.2105913013219833,-0.0710618272423744,0.0789272189140319,0.3532543480396271,0.0305319037288427,0.0951473861932754,-0.1501218974590301,0.007086515892297,-0.2170023173093795,0.2244519740343094,-0.138082280755043,-0.1055425852537155,-0.0956147611141204,-0.0566401667892932,0.1023501306772232,-0.0810448005795478,0.0396447852253913,-0.1096195131540298,-0.5052315592765808,0.1412248313426971,0.2025939226150512,-0.31960329413414,-0.0883190780878067,-0.0565443746745586,0.0736578255891799,-0.183712899684906,0.2584806084632873,0.0234936065971851,0.0058224247768521,0.18218894302845,0.1591129302978515,0.142028123140335,0.1648130118846893,0.3061412870883941,0.4279005527496338,0.3217996060848236,1
s_000433,올해 안에는 결혼을 할 수 있을 거 같아. [SEP] 정말 좋은 소식이네요. [SEP] 남자친구의 부모님이 우리가 결혼하는 걸 승낙하셨거든. [SEP] 두 분은 정말로 좋으시겠어요. [SEP] 그래서 이제 결혼식장을 알아보려고 해. [SEP] 결혼 승낙받으신 거 진심으로 축하드려요.,E69,Pro_05280,Pro_05280_00019,Pro_05280,-0.2079912424087524,-0.1394549161195755,-0.2307612299919128,-0.0007001444464549,-0.0547020956873893,0.1575473248958587,-0.1112368553876876,-0.1461585909128189,0.0098280794918537,0.1816732138395309,-0.0443304814398288,-0.257074773311615,-0.090430311858654,0.0618193671107292,0.1059934496879577,0.1975981295108795,0.0197570994496345,-0.3140190839767456,-0.2288922220468521,-0.171790674328804,-0.2456301897764206,0.0826454162597656,-0.046566903591156,-0.2215675413608551,0.0189277585595846,-0.0552694946527481,-0.418293684720993,0.193387359380722,-0.1861395984888076,0.2911641001701355,-0.1492589116096496,-0.1376387327909469,-0.2927051186561584,-0.3804536759853363,0.1171806082129478,0.3112642168998718,0.0401975475251674,0.0941077917814254,-0.156942531466484,-0.0780903771519661,-0.1309572756290435,0.1964966356754303,-0.2421392202377319,-0.1377008706331253,-0.0895561724901199,-0.1686945706605911,0.2527017593383789,-0.0791883096098899,-0.0699591040611267,-0.1689106374979019,-0.4356845021247864,0.1552335917949676,-0.0473596230149269,-0.0641096383333206,-0.1559007316827774,-0.2518828213214874,-0.1678596585988998,-0.1348091959953308,0.2906791269779205,0.0888620540499687,0.0551324747502803,-0.095528207719326,0.1496102958917617,0.1341392695903778,0.4399807453155517,0.4395696222782135,0.2343159765005111,0.212237924337387,1
s_000434,아이가 고 삼인데 하루종일 게임만 해서 미치겠어. 공부좀하라고 그래도 들은채도 안해. [SEP] 아이가 공부하지 않아서 속상하시겠어요. 어떻게 해야할지 계획있으세요? [SEP] 게임기를 뺏었다가 공부를 하면 다시 돌려줘야겠어. [SEP] 게임기를 뺏는 방법으로 공부를 시키려 하시는 군요.,E16,Pro_08587,Pro_08587_00026,Pro_08587,-0.0497237555682659,-0.208723708987236,-0.2760310769081116,-0.2804900109767914,0.1380902528762817,0.0803209170699119,-0.1473410725593567,-0.039240013808012,0.038697175681591,0.2593482732772827,0.0374692715704441,-0.1693574339151382,-0.108573094010353,-0.0697996541857719,-0.0952259302139282,0.0291392840445041,-0.0771585181355476,-0.2616415023803711,-0.2079909592866897,0.0928069204092025,-0.0336980372667312,0.0349389500916004,-0.0857021436095237,-0.1261178404092788,-0.1072904020547866,-0.0812045931816101,-0.3439605832099914,0.2016240954399109,-0.2415303587913513,0.2289789617061615,-0.2758634686470032,-0.0782957300543785,-0.2154019474983215,-0.0557822920382022,0.0783370956778526,0.3630237281322479,0.0469898469746112,0.0927711576223373,-0.1548567563295364,0.0086411954835057,-0.2287076711654663,0.2387918382883072,-0.1326768845319748,-0.0925003364682197,-0.0959719642996788,-0.0457425899803638,0.0950256213545799,-0.0904968827962875,0.0503761656582355,-0.108199805021286,-0.5237449407577515,0.1358460634946823,0.2175274938344955,-0.3476128280162811,-0.1077726110816001,-0.0489567816257476,0.0952641814947128,-0.1845085024833679,0.2685549259185791,0.0239235833287239,-0.0047787623479962,0.2019555270671844,0.1607449352741241,0.1395539939403534,0.1678275614976883,0.2909407019615173,0.4623759090900421,0.3335362076759338,1
s_000435,젊었을 때부터 가끔 아프던 관절이 이젠 시도 때도 없이 쑤시고 아파서 아무 일도 못 하겠어. [SEP] 관절이 시도 때도 없이 쑤시고 아파서 아무 일도 할 수 없으시군요. [SEP] 아프니 맘도 약해지고 나가는 것도 두렵고 만사가 다 귀찮아서 누워만 있는데 더 나빠질까 두려워. [SEP] 아파서 맘도 약해지고 누워만 있다가 더 나빠질까 두려우시군요. 무엇을 해보는 것이 좋을까요? [SEP] 움직여야지. 병원도 다니고 딸이 사준 운동기구로 운동도 해야겠지 그래야지. [SEP] 병원 다녀 치료받고 딸이 사준 운동기구로 운동도 하시면서 건강해지시길 바라요.,E53,Pro_12224,Pro_12224_00030,Pro_12224,-0.0999097600579261,-0.1538377553224563,-0.2688390612602234,-0.1888044625520706,0.0759866908192634,0.0856091901659965,-0.1445706337690353,-0.0721028372645378,0.0216894373297691,0.2424311339855194,0.0035864855162799,-0.1976302117109298,-0.1235856115818023,-0.006343085784465,-0.0164320040494203,0.0617600716650486,-0.0360378287732601,-0.28071990609169,-0.2383901625871658,0.0113319074735045,-0.1224689185619354,0.0471928194165229,-0.0928768962621688,-0.1536917686462402,-0.0512709878385067,-0.0500615499913692,-0.3847690522670746,0.2129953503608703,-0.2133145630359649,0.257654994726181,-0.2090498805046081,-0.0888875722885131,-0.2428702414035797,-0.1847082674503326,0.1020393669605255,0.3686069846153259,0.0476928018033504,0.0682644844055175,-0.1787352263927459,-0.0123284431174397,-0.2162669003009796,0.2429303228855133,-0.1752545535564422,-0.1086471006274223,-0.1151412278413772,-0.0903751030564308,0.1618556380271911,-0.0874542891979217,-0.0149589367210865,-0.1313427239656448,-0.5206013321876526,0.1718242615461349,0.1450046598911285,-0.2594996988773346,-0.1422468274831771,-0.154632031917572,0.0279831830412149,-0.1727927476167678,0.274480789899826,0.032791294157505,0.0278887934982776,0.0879738926887512,0.1488421410322189,0.151867464184761,0.2772756218910217,0.3433153629302978,0.3794426023960113,0.3436071574687958,1
s_000436,요즘 너무 우울해. 집에만 있어서 그런가? [SEP] 집에만 있어서 더 우울하다고 느끼나 보군요. [SEP] 요즘 살이 쪄서 집 밖으로도 안 나가고 친구들 연락도 피하고 있어. [SEP] 살이 쪄서 자신감이 많이 사라졌나 보군요. [SEP] 요즘에는 집 앞 편의점에 가는 것도 꺼려져. [SEP] 요즘 살이 쪄서 지인들 연락도 피하고 집 앞에 잠깐 나가는 것도 꺼려지나 보네요.,E43,Pro_05134,Pro_05134_00043,Pro_05134,-0.0474555417895317,-0.1419382989406585,-0.287641704082489,-0.2924005091190338,0.1412071883678436,0.0398650728166103,-0.1402808129787445,-0.0216814018785953,0.0238207262009382,0.2693018913269043,0.0400244332849979,-0.1490731239318847,-0.133746936917305,-0.040229395031929,-0.0734387710690498,-0.0220742020756006,-0.0487818196415901,-0.2478348910808563,-0.2333344221115112,0.112706534564495,-0.0537632517516613,0.0390928089618682,-0.1179309040307998,-0.0844166353344917,-0.0623004101216793,-0.0286679938435554,-0.3589464724063873,0.2343257814645767,-0.2066377103328704,0.219626247882843,-0.2301337271928787,-0.0703455433249473,-0.2046109586954116,-0.0670640915632247,0.0927615016698837,0.3922554552555084,0.0290149506181478,0.057130143046379,-0.1858860701322555,0.0275153703987598,-0.2559646964073181,0.2528450787067413,-0.1390442103147506,-0.1092854142189025,-0.1296343803405761,-0.0536936894059181,0.1107952371239662,-0.0804398208856582,0.0090273609384894,-0.1093130558729171,-0.5486884117126465,0.1881526410579681,0.2464551776647567,-0.3416018187999725,-0.105259358882904,-0.0967805460095405,0.1256549805402755,-0.1975260376930236,0.2518745064735412,-0.0036349247675389,0.0233263410627841,0.1813731044530868,0.1481385231018066,0.1669248044490814,0.1657385975122451,0.3043765127658844,0.4308043420314789,0.4113380312919616,1
s_000437,나는 상처를 많이 받는 성격이야. 그래서 다른 사람을 만나는 게 때로는 두려워. [SEP] 다른 사람으로부터 상처를 받을까 봐 두려우시군요. [SEP] 대학에 가서도 열심히 생활하고 좋은 직장에 취업할 거야. [SEP] 이전에도 상처받았을 때 어떻게 극복하셨나요? 이번에도 잘 해내셨으면 좋겠어요.,E40,Pro_03571,Pro_03571_00004,Pro_03571,-0.1061297059059143,-0.1872110515832901,-0.259097546339035,-0.1730030328035354,0.0671701207756996,0.1095278859138488,-0.1425371766090393,-0.0833880603313446,0.0288042351603508,0.2310217916965484,0.0005069150938652,-0.2082941532135009,-0.1052445098757743,-0.0208467133343219,-0.0227595884352922,0.0946530997753143,-0.0464701540768146,-0.2851773500442505,-0.2203308492898941,-0.0072735454887151,-0.1156765073537826,0.047764103859663,-0.0721961483359336,-0.1740975230932235,-0.0702254399657249,-0.077843502163887,-0.3737165033817291,0.1930033415555954,-0.2276774495840072,0.2597565054893493,-0.2299871444702148,-0.0953443124890327,-0.2473210841417312,-0.1850907802581787,0.0932211428880691,0.3453072309494018,0.0544479265809059,0.0903113856911659,-0.1574364900588989,-0.0247207395732402,-0.1927461624145507,0.2290626615285873,-0.1727974116802215,-0.1010649055242538,-0.0943569540977478,-0.0893970876932144,0.1551026552915573,-0.0902855098247528,0.0055926865898072,-0.1308286786079406,-0.4959661960601806,0.1410462856292724,0.1185050532221794,-0.250821053981781,-0.1386348605155944,-0.1297364830970764,-7.77319073677063e-05,-0.162802055478096,0.280478686094284,0.0501194968819618,0.014522491954267,0.0910028740763664,0.1548904329538345,0.134757399559021,0.279767245054245,0.3382063210010528,0.3841897845268249,0.2900372445583343,1
s_000438,올해 연봉이 또 동결이야. [SEP] 연봉이 또 동결되셨다니 기분이 좋지 않으시겠어요. [SEP] 시장물가가 상승하는데 월급이 그대로라면 어떻게 지내란 뜻인지 모르겠어. [SEP] 그러게요. 시장물가는 오르는데 월급은 그대로라니 힘드시겠어요.,E11,Pro_05342,Pro_05342_00028,Pro_05342,-0.0466831736266613,-0.1992329061031341,-0.2730020582675934,-0.2763317823410034,0.1361788660287857,0.0730767324566841,-0.1420987248420715,-0.0362431332468986,0.0367690809071064,0.2526995241641998,0.034225545823574,-0.164084792137146,-0.1058130264282226,-0.070825420320034,-0.0952103212475776,0.0224580131471157,-0.0721504390239715,-0.2515460252761841,-0.2039673179388046,0.0964443683624267,-0.0320693142712116,0.0345783904194831,-0.0873569250106811,-0.1179910451173782,-0.1042107790708541,-0.0781411230564117,-0.3342777788639068,0.1977410763502121,-0.2344491779804229,0.2220872193574905,-0.2676383852958679,-0.0732389166951179,-0.2069049626588821,-0.0504708401858806,0.0757239833474159,0.3555897176265716,0.0459528043866157,0.0907112136483192,-0.1506541669368744,0.0121952584013342,-0.2201221585273742,0.234375387430191,-0.126712828874588,-0.0883284658193588,-0.0967498198151588,-0.0436873920261859,0.0900571420788765,-0.0867730304598808,0.047842688858509,-0.1039338409900665,-0.5123027563095093,0.1357471048831939,0.2158174812793731,-0.3421042859554291,-0.1028814688324928,-0.046490978449583,0.0952745154500007,-0.1805951744318008,0.2600496113300323,0.0219812430441379,-0.0026197710540145,0.1988279670476913,0.1560294330120086,0.1367577910423278,0.1596930027008056,0.2803173065185547,0.4499139487743377,0.3295334577560425,1
s_000439,시험을 망쳐서 엄마가 집 문을 잠가 친구네로 갈 수밖에 없었어. 너무 속상해. [SEP] 그런 일이 있었다니 너무 속상하겠어요. [SEP] 시험 못 봤다고 문 안 열어주는 엄마가 너무 원망스러워. [SEP] 어떻게 하면 지금 상황보다 나아질 수 있을까요? [SEP] 공부 열심히 해서 보란 듯이 다음 시험을 잘 봐야겠어. [SEP] 지금 다짐으로 상황이 좋아지길 바라요.,E49,Pro_01660,Pro_01660_00017,Pro_01660,-0.0577860549092292,-0.212455004453659,-0.2849870920181274,-0.2729989290237427,0.1361012011766433,0.087669163942337,-0.1702481806278228,-0.0520387515425682,0.0383488126099109,0.275741308927536,0.0316114425659179,-0.188913494348526,-0.1288289725780487,-0.0513645522296428,-0.0829757675528526,0.0385166890919208,-0.0840637907385826,-0.2897040545940399,-0.234878733754158,0.0774976462125778,-0.0568762011826038,0.03097322024405,-0.0929306074976921,-0.1559688150882721,-0.1099674254655838,-0.0798844620585441,-0.3778353035449981,0.2126108258962631,-0.2551165223121643,0.2574330270290375,-0.2752267122268677,-0.0816410854458808,-0.2400856912136078,-0.0925720706582069,0.0919550657272338,0.3906704187393188,0.0597732588648796,0.0805012956261634,-0.1787559390068054,0.0011033560149371,-0.254401683807373,0.262178510427475,-0.1520523130893707,-0.0962864682078361,-0.1067894175648689,-0.0546726249158382,0.1200621500611305,-0.1021749228239059,0.0369540490210056,-0.1213342621922493,-0.5612965226173401,0.1517090797424316,0.2171798199415207,-0.3541509807109833,-0.1424154937267303,-0.0870173797011375,0.0992994159460067,-0.1907252818346023,0.290209949016571,0.0252410247921943,-0.0026992680504918,0.187071293592453,0.1643404960632324,0.1508338898420334,0.2164612412452697,0.3140457272529602,0.4826754033565521,0.3675071895122528,1
s_000440,고령의 부모님께 사드린 홍삼액을 남동생이 먹어서 실망이야. [SEP] 부모님을 위한 홍삼액을 남동생이 먹어서 실망하셨겠어요. [SEP] 나이 많은 부모님 기운 차리시라고 해드렸더니 왜 자기가 먹는지. 좀 속상하네. [SEP] 속상한 기분을 나아지게 하기 위해서 무엇을 할 수 있을까요? [SEP] 이미 먹어버린 거 어쩔 수 없지. 가족들 건강해지면 좋은 거니까 좋게 생각하려고. [SEP] 좋은 습관을 만들어 건강을 되찾으셨으면 좋겠어요.,E21,Pro_08592,Pro_08592_00004,Pro_08592,-0.0625779926776886,-0.2140776962041854,-0.2710385024547577,-0.2245078831911087,0.113625667989254,0.0937581658363342,-0.1737072318792343,-0.0691319480538368,0.0377009399235248,0.2531434595584869,0.0052924482151865,-0.2037324160337448,-0.1203165054321289,-0.0492566935718059,-0.0740035101771354,0.061064213514328,-0.0826451107859611,-0.286454975605011,-0.2297058850526809,0.0508150048553943,-0.0718530267477035,0.0250374469906091,-0.084587924182415,-0.1830464452505111,-0.1219126805663108,-0.097847506403923,-0.3653405904769897,0.1849443167448043,-0.2578283250331878,0.2660481035709381,-0.2614438235759735,-0.0711075514554977,-0.2395704984664917,-0.1176813915371894,0.0871730223298072,0.3653630912303924,0.0797955617308616,0.0819953829050064,-0.1649311929941177,-0.0078877508640289,-0.2206836938858032,0.2558091282844543,-0.1475768089294433,-0.0731677487492561,-0.0990577489137649,-0.0561335980892181,0.1222544908523559,-0.1038577407598495,0.0325941443443298,-0.1186316311359405,-0.5314358472824097,0.1343547850847244,0.1766131371259689,-0.3268480896949768,-0.1608805656433105,-0.0951241850852966,0.0699190497398376,-0.1688125729560852,0.2874359488487243,0.03941485658288,-0.0062705385498702,0.1559500247240066,0.1549308896064758,0.1319997161626815,0.2465307265520095,0.2901021838188171,0.4575532078742981,0.3279614448547363,1
s_000441,체력이 부족해서 아내에게 같이 운동을 하자고 하는데 한 번도 하지 않으니 답답해. [SEP] 아내분의 행동으로 답답함을 느끼셨군요. [SEP] 체력이 모자라서 함께 운동하자는데 자기는 필요 없다고 하니 당황스럽더라고. [SEP] 어떻게 하면 지금의 상황을 변화시킬 수 있을까요? [SEP] 우리 나이대에 필요한 운동을 설명해주고 함께 하길 권유해야지. [SEP] 아내에게 필요한 운동을 함께 하자고 권하려 하시는군요. 함께 운동하지 않는 아내가 운동하기 위해 필요한 것은 무엇일까요?,E58,Pro_10669,Pro_10669_00017,Pro_10669,-0.1356399655342102,-0.2699483931064605,-0.2835373878479004,-0.2672545909881592,0.0972744673490524,0.1731545180082321,-0.135142520070076,-0.0773679390549659,0.0477321445941925,0.2845208048820495,0.0744642466306686,-0.2111407369375229,-0.0957761332392692,-0.0385846123099327,-0.0368342287838459,0.138193592429161,-0.0735309123992919,-0.338020920753479,-0.2094919085502624,-0.011302794329822,-0.0877940952777862,0.0758513882756233,-0.042334146797657,-0.1677454560995102,-0.0640718564391136,-0.0868104621767997,-0.4227777421474457,0.2450058460235595,-0.26131471991539,0.2633651793003082,-0.3232001066207886,-0.1646410971879959,-0.2912953794002533,-0.1686965674161911,0.1010228469967842,0.3870380520820617,0.0069438070058822,0.1403848081827163,-0.1649855226278305,-0.0455635823309421,-0.2573842108249664,0.2238514423370361,-0.2123731672763824,-0.1745354682207107,-0.0692563503980636,-0.1056519746780395,0.1685319989919662,-0.0992625579237937,0.0550297573208808,-0.1579930931329727,-0.5577812790870667,0.1300860792398452,0.1581795662641525,-0.2981579899787903,-0.090263046324253,-0.0833125486969947,-0.0067407065071165,-0.2135092467069625,0.3272281289100647,0.0581637173891067,-0.001091297250241,0.1644881069660186,0.2088377028703689,0.1629751622676849,0.2493501901626587,0.4524931013584137,0.4748063385486603,0.2889835834503174,1
s_000442,수술을 하기로 결정하려는데 두 딸이 수술을 꼭 해야 하냐고 수군거려서 상처 받았어. [SEP] 두 딸이 수술을 꼭 해야 하냐고 수군거려서 상처 받으셨군요. [SEP] 돈 때문에 수술을 꼭 해야 하냐고 자꾸 물어봐 나를 걱정하는 게 아닌 것 같아 기분이 너무 안 좋아. [SEP] 딸들의 말 때문에 힘드시겠어요. 지금의 감정에서 벗어나기 위해서 어떤 일을 해야 할까요? [SEP] 밖에 나가서 산책이라도 좀 해야겠어 마음을 진정시키게. [SEP] 산책을 하시면서 기분이 좀 괜찮아지셨으면 좋겠어요.,E44,Pro_12395,Pro_12395_00007,Pro_12395,-0.1274467557668686,-0.2193669080734253,-0.2753511369228363,-0.2208573371171951,0.0795040503144264,0.1401756107807159,-0.1391936689615249,-0.0809382051229476,0.035579752177,0.2636123299598694,0.0396835319697856,-0.2107307314872741,-0.1074796840548515,-0.0187547486275434,-0.0192460622638463,0.1143703013658523,-0.0542923174798488,-0.3174441456794739,-0.2237358689308166,-0.0143887232989072,-0.1128368601202964,0.0650744661688804,-0.0621247813105583,-0.1686558276414871,-0.054602388292551,-0.0712432116270065,-0.4108431339263916,0.2303485125303268,-0.2399923056364059,0.2653869092464447,-0.270417720079422,-0.1347568929195404,-0.2752920985221863,-0.1916710138320922,0.1034399420022964,0.3774951994419098,0.0256949421018362,0.1095532551407814,-0.1714316010475158,-0.0358164124190807,-0.236018568277359,0.23124460875988,-0.2018066495656967,-0.1475807130336761,-0.0885859802365303,-0.1045491173863411,0.1733171790838241,-0.0945843011140823,0.0198877248913049,-0.1496887505054474,-0.5396385788917542,0.1484317481517791,0.1401755958795547,-0.2701021134853363,-0.1170830577611923,-0.1240217611193656,-0.0037417684216052,-0.1936592757701873,0.3070649802684784,0.0508318655192852,0.0133759034797549,0.118373230099678,0.1829470992088318,0.1576756834983825,0.2759957313537597,0.4121403694152832,0.4254894256591797,0.3070375621318817,1
s_000443,친구들과 놀다가 연락이 뜸해지면 남자 친구가 나를 불안해해서 나도 불안해. [SEP] 남자 친구가 연락이 뜸해지면 불안해해서 그런 모습이 또 불안하시군요. [SEP] 연락이 좀 뜸해지더라도 남자 친구가 나를 불안해하지 않았으면 좋겠어. [SEP] 남자 친구가 불안해하지 않으면 좋겠다고 생각하시는군요. 어떻게 하면 서로의 불안감을 덜 수 있을까요? [SEP] 연락이 뜸해지는 상황이 있기 전에 내가 미리 문자라도 남겨놓아야겠어. [SEP] 남자 친구에게 미리 문자를 남겨서 서로 불안감을 느끼지 않게 되었으면 좋겠어요.,E30,Pro_05241,Pro_05241_00060,Pro_05241,-0.0141430040821433,-0.2816438674926758,-0.2810092270374298,-0.2900646328926086,0.1698763817548751,0.098720483481884,-0.207692340016365,-0.0568532235920429,0.0568038821220397,0.2774784564971924,0.0194589216262102,-0.2036775946617126,-0.1221136972308158,-0.1007095202803611,-0.1467689126729965,0.0469970256090164,-0.1386810541152954,-0.2947179973125458,-0.2234039008617401,0.1122728660702705,-0.0037741258274763,0.0005731172277592,-0.0802813619375228,-0.2047690153121948,-0.1993881165981292,-0.1448947936296463,-0.3483829200267792,0.1650330871343612,-0.3082782626152038,0.2724462151527405,-0.3273631930351257,-0.0535336919128894,-0.2355785816907882,-0.0234416984021663,0.0721335858106613,0.3753615319728851,0.1092512682080268,0.095799796283245,-0.1565582007169723,0.0026901746168732,-0.2437238991260528,0.2757562100887298,-0.1159784272313118,-0.0409031361341476,-0.0849764943122863,-0.0137328431010246,0.0733556672930717,-0.1228690445423126,0.0902211293578147,-0.1044772490859031,-0.5602976679801941,0.0992102101445198,0.235146477818489,-0.4169936776161194,-0.175881490111351,-0.0208031497895717,0.1364877521991729,-0.1748685538768768,0.3039655089378357,0.039463821798563,-0.0449897833168506,0.2499814331531524,0.1660241186618805,0.1179346889257431,0.1957377344369888,0.23670694231987,0.5638379454612732,0.3321442008018493,1
s_000444,얼마 전에 출산했는데 몸이 예전만큼 좋지가 않아. 이런 상황에서 남편이 사소한 것도 잔소리해서 너무 당황스러워. [SEP] 아무래도 출산을 하면 몸이 예전만큼 좋지가 않죠. 잔소리를 들어서 당황하셨겠어요. [SEP] 아픈 사람한테 누가 잔소리를 해? 속상하기도 하고 짜증 나기도 한데 무엇보다 당황한 마음이 커. [SEP] 남편분과 이 문제에 관해서 대화해 보셨나요? [SEP] 말했지. 아픈 사람한테 잔소리하고 싶냐고 짜증 내려다 나도 잘못한 게 있으니까 미안하다고 사과했어. [SEP] 미안하다고 사과했군요. 남편분이 영희 씨의 마음을 더 잘 이해해주길 바랄게요.,E51,Pro_05262,Pro_05262_00032,Pro_05262,-0.0701317638158798,-0.2558838725090027,-0.2728398144245147,-0.2414861172437667,0.1195040419697761,0.1225175783038139,-0.1754313707351684,-0.0742333903908729,0.047241173684597,0.2624282240867615,0.0210094079375267,-0.2119683921337127,-0.1100880354642868,-0.063199371099472,-0.0847213566303253,0.0889789834618568,-0.0990941300988197,-0.3042000234127044,-0.2193218469619751,0.0427027828991413,-0.0589753091335296,0.029697211459279,-0.0667927041649818,-0.1968905329704284,-0.1365571618080139,-0.1182140633463859,-0.3726244866847992,0.1855788677930832,-0.2779273390769958,0.2710228562355041,-0.2984864711761474,-0.0897277817130088,-0.2541294991970062,-0.1107721850275993,0.084294319152832,0.3654905259609222,0.0759316608309745,0.1054028049111366,-0.1565485447645187,-0.0193823631852865,-0.2267009317874908,0.2506556212902069,-0.1549339443445205,-0.0840814486145973,-0.0819011032581329,-0.0571475774049758,0.1204460933804512,-0.1098599880933761,0.0579871088266372,-0.1247903108596801,-0.537966251373291,0.1137917935848236,0.1754262000322342,-0.3399340808391571,-0.1521736681461334,-0.0688443556427955,0.0582117289304733,-0.1760091185569763,0.3045494854450226,0.050866674631834,-0.01971853710711,0.1795694082975387,0.1717599034309387,0.1291143894195556,0.2417705953121185,0.3117466270923614,0.4902465045452118,0.301767885684967,1
s_000445,살아생전 한 번을 부유하게 못 산 게 너무 우울해. [SEP] 한 번도 풍족하지 못했던 삶 때문에 우울하시군요. [SEP] 젊어서는 몰라도 나이 들어서도 먹고 싶은 거 하나 못 먹어서 너무 우울한 거 같아. [SEP] 먹고 싶은 거 하나 못 먹어서 더 우울하시군요. [SEP] 돈을 벌어서 내가 원하는 음식 정도는 사 먹고살고 싶어. [SEP] 항상 원하는 음식을 먹고 살기 바라요.,E50,Pro_08741,Pro_08741_00017,Pro_08741,-0.0725944638252258,-0.1685794740915298,-0.2684337198734283,-0.2496754080057144,0.1092911213636398,0.0739340186119079,-0.121111586689949,-0.04069584608078,0.0282217916101217,0.2417002767324447,0.0325157716870307,-0.1620329916477203,-0.101913221180439,-0.0475926958024501,-0.0598716251552104,0.0315423235297203,-0.0440471619367599,-0.247533306479454,-0.2033939361572265,0.0663245245814323,-0.0625402256846427,0.0494631975889205,-0.0867706164717674,-0.1026167422533035,-0.0628484413027763,-0.0544253662228584,-0.342563271522522,0.2100626528263092,-0.2082699537277221,0.2156265974044799,-0.2392020523548126,-0.0865039750933647,-0.209110751748085,-0.093607947230339,0.0824058055877685,0.3499042987823486,0.0260621253401041,0.0883548334240913,-0.1527026146650314,0.0062452005222439,-0.2094636261463165,0.2208295315504074,-0.1433818042278289,-0.1092895045876503,-0.1010811030864715,-0.0655155777931213,0.1132056936621666,-0.0761735737323761,0.0229331254959106,-0.1115160435438156,-0.4961686432361603,0.1511483639478683,0.1882557123899459,-0.295982301235199,-0.0877713561058044,-0.0772310346364975,0.0599550195038318,-0.1801342219114303,0.2519901096820831,0.0223359111696481,0.0160415787249803,0.1564473658800125,0.1534974575042724,0.1445305198431015,0.1781951934099197,0.312676191329956,0.39888396859169,0.3233925998210907,1
s_000446,아이들이 나를 낯설어하고 싫어해. 돈 버느라 바빠서 못 놀아준 건데 너무 억울하다. [SEP] 자녀분들이 사용자님을 낯설어하고 싫어해서 억울하시군요. [SEP] 가족을 위해서 돈을 버는데 애들이 나한테 이러니까 너무 슬퍼. [SEP] 너무 힘드시겠어요. 어떻게 하면 이 슬픈 감정을 해결할 수 있을까요? [SEP] 아내한테 너무 서운하다고 하소연할 거야. [SEP] 아내와의 대화로 기분이 나아지길 바라요.,E26,Pro_03557,Pro_03557_00032,Pro_03557,-0.0150829032063484,-0.2527943253517151,-0.2837966382503509,-0.2880697846412658,0.167018786072731,0.082193836569786,-0.203432485461235,-0.0514099337160587,0.0499181412160396,0.277964323759079,0.017423303797841,-0.1963759958744049,-0.1310783475637436,-0.0870344564318656,-0.1348037868738174,0.0282570589333772,-0.1248179152607917,-0.2876887917518616,-0.2328540682792663,0.1161503195762634,-0.0153676280751824,0.0025957950856536,-0.0928235650062561,-0.1891718655824661,-0.1797908395528793,-0.1236760467290878,-0.3529015779495239,0.1763188689947128,-0.2925970256328583,0.2685580849647522,-0.30546435713768,-0.0495709665119648,-0.230516254901886,-0.0329606644809246,0.0777710899710655,0.3837583065032959,0.1026159971952438,0.0810028985142707,-0.1676797270774841,0.0094728060066699,-0.2500357627868652,0.2795518338680267,-0.1186731457710266,-0.0464559122920036,-0.0984255746006965,-0.0183668415993452,0.0811229571700096,-0.1179311424493789,0.0710742771625518,-0.104755975306034,-0.5652487277984619,0.1202167272567749,0.2410531938076019,-0.4088672399520874,-0.1753581166267395,-0.0431154146790504,0.1436997205018997,-0.1776250451803207,0.2957389652729034,0.0294445604085922,-0.0324371047317981,0.2357369810342788,0.1593122333288192,0.1275917142629623,0.1983880549669265,0.2408888041973114,0.5439181327819824,0.359322041273117,1
s_000447,수십 년을 노가다만 하다가 이제는 그 일도 나이 때문에 못 하니 평생 한은 못 배운 것이야. [SEP] 공부를 계속하지 못한 게 후회스러우시군요. [SEP] 공부를 하려고만 했으면 뭐라도 했을 텐데 내가 공부를 안 한 거지. 지금이라도 뭐라도 배워볼까 해. [SEP] 공부를 다시 시작하실 생각이신가요? [SEP] 그렇지. 이제 퇴직해서 시간 여유도 있으니 공부라도 해보려고. [SEP] 원하시는 공부 하실 수 있기를 바라요.,E48,Pro_10899,Pro_10899_00019,Pro_10899,-0.077438436448574,-0.2155050635337829,-0.2716905474662781,-0.2521065175533294,0.1137056276202201,0.1037713885307312,-0.1420187801122665,-0.0559726729989051,0.0382570922374725,0.2544000148773193,0.0347840748727321,-0.1848337352275848,-0.1026555821299552,-0.055288627743721,-0.0694620013236999,0.0645807757973671,-0.0691393092274665,-0.2780075967311859,-0.2076835930347442,0.0514372996985912,-0.0602644234895706,0.0451767407357692,-0.0732881426811218,-0.1435396373271942,-0.092187650501728,-0.0832685381174087,-0.3608133792877197,0.2043794989585876,-0.2411578297615051,0.2398705035448074,-0.2740348875522613,-0.0968593284487724,-0.2340050637722015,-0.103228710591793,0.0839247107505798,0.3586727082729339,0.0416062287986278,0.1025371849536895,-0.1536183208227157,-0.0085892910137772,-0.2208515852689743,0.2309738099575042,-0.1538609266281128,-0.1073022335767746,-0.0888676196336746,-0.0654542595148086,0.1192857846617698,-0.0910472422838211,0.0427143014967441,-0.1207623407244682,-0.5177574157714844,0.1327148824930191,0.1821419149637222,-0.31519815325737,-0.1092217117547988,-0.0694688111543655,0.053070593625307,-0.1827698945999145,0.2797315120697021,0.0370061285793781,-0.0005179605796001,0.17045958340168,0.1673325598239898,0.1400898247957229,0.2045371532440185,0.3266104459762573,0.4437746107578277,0.3090169131755829,1
s_000448,엄마가 이제 공부 잘하는 애하고만 친하게 지내래. 이미 다른 친한 친구가 있는데 말이 돼? [SEP] 친구와의 관계에 대해 어머니와 의견이 달라 힘드시군요. [SEP] 엄마 때문에 친한 친구와도 다퉜어. 친구와 갈등이 생기니까 정말 괴로워. [SEP] 이전에 이런 상황일 때는 어떻게 대처하셨나요? [SEP] 전에는 엄마 말대로만 했어. 하지만 이제는 어린 애가 아니니까 내 뜻대로 할래. [SEP] 많이 속상하시겠어요. 잘 해결이 되었으면 좋겠네요.,E37,Pro_01648,Pro_01648_00030,Pro_01648,-0.0740870460867881,-0.2146883457899093,-0.2700172066688537,-0.2166892290115356,0.104766845703125,0.1020746082067489,-0.1690650135278701,-0.0736847296357154,0.0371219404041767,0.2520207166671753,0.0069725946523249,-0.2072948813438415,-0.1176706328988075,-0.0432865694165229,-0.0632977411150932,0.0728432387113571,-0.0777262821793556,-0.2916121482849121,-0.2288179099559784,0.0361087173223495,-0.0814486294984817,0.0306686460971832,-0.0801594406366348,-0.1849414259195327,-0.112385056912899,-0.0956312268972396,-0.3719897866249084,0.1889301091432571,-0.2553323805332184,0.2677572071552276,-0.2604876458644867,-0.0800359323620796,-0.2458502650260925,-0.1344444304704666,0.0895787551999092,0.3645377159118652,0.0740291029214859,0.0861290916800499,-0.1648035198450088,-0.0137677323073148,-0.2190943211317062,0.2515501976013183,-0.1563569605350494,-0.0822749435901641,-0.0967687517404556,-0.0645542666316032,0.1316774189472198,-0.1027700677514076,0.029212636873126,-0.1236421391367912,-0.5294402241706848,0.1349585503339767,0.1649787425994873,-0.3137829303741455,-0.1572168618440628,-0.102323941886425,0.0539896041154861,-0.169950321316719,0.2906094193458557,0.0431293919682502,-0.0032861451618373,0.1447455883026123,0.1581301540136337,0.1339658200740814,0.2568200826644897,0.3072074353694916,0.4488544762134552,0.3202588856220245,1
s_000449,시댁에 가면 의지할 사람이 아무도 없어. [SEP] 시댁에서 의지할 사람이 없어서 외로우시겠어요. [SEP] 남편도 나를 잘 도와주지 않아서 더 힘든 것 같아. [SEP] 시댁에서 의지할 사람이 없고 남편의 도움도 없어 힘들어하시는군요. 이 상황에서 할 수 있는 게 어떤 것이 있을까요? [SEP] 남편에게 내가 느끼는 감정을 말해야 할 것 같아. [SEP] 남편 분과의 대화로 나의 감정이 잘 전해지기를 바라요.,E49,Pro_05260,Pro_05260_00020,Pro_05260,-0.103994071483612,-0.1679747253656387,-0.2777644693851471,-0.2263329774141311,0.0897541642189025,0.0949478298425674,-0.1380582451820373,-0.0629151687026023,0.0253049470484256,0.259299099445343,0.0289321318268775,-0.1899597644805908,-0.1224456951022148,-0.0118495943024754,-0.0226345565170049,0.0608221627771854,-0.0398080721497535,-0.2889277637004852,-0.235050544142723,0.0215291045606136,-0.1098071336746215,0.0561199001967906,-0.0894310250878334,-0.137521892786026,-0.0432074107229709,-0.04389313980937,-0.3955520987510681,0.2330082803964615,-0.2160668522119522,0.2512826919555664,-0.2321185171604156,-0.1067774072289466,-0.2488917559385299,-0.1694205552339553,0.1040657088160514,0.3829699456691742,0.0281732566654682,0.0789149850606918,-0.1827770769596099,-0.0122409043833613,-0.2384780943393707,0.2409906685352325,-0.1831434518098831,-0.1324545592069625,-0.1121649071574211,-0.0928589180111885,0.1616396605968475,-0.0866675376892089,-0.0030683777295053,-0.1364535540342331,-0.5392332673072815,0.1751764565706253,0.1675703525543213,-0.2770153284072876,-0.1207602247595787,-0.1393406391143798,0.0361614003777504,-0.1904725432395935,0.2818653285503387,0.0286926291882991,0.0268026646226644,0.11473099142313,0.1625891923904419,0.1636404246091842,0.2545363008975982,0.3735613524913788,0.4022144377231598,0.354433536529541,1
s_000450,요즘 신경이 날카롭네. 잠을 잘 못 자서 그럴까? [SEP] 잠을 못 주무시나요? [SEP] 코로나 생각을 하니 마음이 불안하고 가슴이 두근거려. 마스크를 쓰지 않은 사람이 내 앞에서 기침했거든. [SEP] 마음을 편히 하시는 것이 좋겠어요. [SEP] 코로나가 전염되었으면 어쩌나 걱정이 돼. 모두 마스크 예절을 잘 지키면 좋겠어. [SEP] 사람들이 마스크를 잘 착용하면 좋겠네요.,E40,Pro_11371,Pro_11371_00031,Pro_11371,-0.0438091307878494,-0.1472138613462448,-0.3000296056270599,-0.2764090001583099,0.1448753327131271,0.0402544252574443,-0.1881364583969116,-0.0415683425962924,0.0237902551889419,0.2916125059127807,0.0185008328408002,-0.181485578417778,-0.1698818206787109,-0.0174078196287155,-0.0668164044618606,-0.0185879115015268,-0.0679601952433586,-0.2862148284912109,-0.2785612940788269,0.1020483896136283,-0.0826928243041038,0.0210971552878618,-0.1350468099117279,-0.1413362771272659,-0.086231417953968,-0.0354929380118846,-0.4011372923851013,0.2377584278583526,-0.2349016517400741,0.2682146430015564,-0.2253900319337844,-0.0577322095632553,-0.2362208217382431,-0.1105137765407562,0.1106088235974311,0.431490808725357,0.0669102221727371,0.0292545724660158,-0.2222055792808532,0.021542677655816,-0.2909981310367584,0.297290176153183,-0.1562287807464599,-0.0933233425021171,-0.149540975689888,-0.0556522198021411,0.1388232111930847,-0.1026777252554893,-0.0103344349190592,-0.1226186901330947,-0.6033415794372559,0.2087306231260299,0.2515478730201721,-0.3646993637084961,-0.1764610856771469,-0.1526033580303192,0.1490369439125061,-0.1991663873195648,0.2827552855014801,-0.0031088155228644,0.0211027339100837,0.1634268760681152,0.1457367837429046,0.1769579648971557,0.2419684827327728,0.3078872263431549,0.4711376428604126,0.469887375831604,1
s_000451,내 친구와 같은 대기업을 목표로 공부했지만 나만 떨어졌어. 내가 머리가 나쁜가 봐. [SEP] 같이 신청한 대기업 면접에서 당신만 떨어지셔서 많이 슬프시겠어요. [SEP] 응. 천재는 노력으로 이길 수 없다는 말이 정말인 것 같아. [SEP] 이 상황을 변화시키기 위해서는 무엇을 할 수 있을까요? [SEP] 공부를 더 열심히 해서 다음 모집을 기다릴 거야. [SEP] 꼭 그 대기업에 취업하시길 바랄게요.,E16,Pro_00187,Pro_00187_00007,Pro_00187,-0.059566456824541,-0.213127925992012,-0.2720475792884826,-0.2419556081295013,0.1205001696944236,0.0906820446252822,-0.1638947874307632,-0.0597965195775032,0.0381549336016178,0.2542770504951477,0.016079306602478,-0.1926552951335907,-0.1151344552636146,-0.0562274232506752,-0.0802933201193809,0.0525104366242885,-0.0803802981972694,-0.2782551348209381,-0.2212923616170883,0.0629250556230545,-0.0596108213067054,0.0290169436484575,-0.0837276950478553,-0.1644371002912521,-0.1165044903755188,-0.0929224714636802,-0.3578522801399231,0.1899999380111694,-0.2522139847278595,0.2534390091896057,-0.2666023671627044,-0.0744987949728965,-0.2317938655614853,-0.0983285903930664,0.0839279219508171,0.3630989789962768,0.0682679414749145,0.0868896543979644,-0.1603849083185196,-0.0032298676669597,-0.2217779904603958,0.2487664818763733,-0.1430504918098449,-0.0801756456494331,-0.0969512686133384,-0.0533765107393264,0.1135086640715599,-0.0991110280156135,0.0389513410627841,-0.1153790652751922,-0.5269791483879089,0.1336500644683838,0.1881294995546341,-0.3318442404270172,-0.14212366938591,-0.0791171565651893,0.0756372436881065,-0.1736336052417755,0.2811633348464966,0.0351693630218505,-0.0058601684868335,0.1703553944826126,0.157228946685791,0.1339130252599716,0.2205983400344848,0.2914381921291351,0.4577049314975738,0.3265763223171234,1
s_000452,나이가 점점 들어가니 여기저기  몸이 점점 아파 [SEP] 몸이 아주 편찮으신가요? [SEP] 고혈압약을 먹은 지도 벌써 십 년이 넘었고 당뇨도 오고 점점 힘들어지네. [SEP] 기운 내시고 평소 관리를 좀 더 신경 써서 하시면 어떨까요? [SEP] 그러려고 하는데 남편이나 아이들을 많이 챙겨주지 못해 미안하고 양심의 가책이 들어. [SEP] 가족들은 그렇게 생각하지 않으실 거예요. 오히려 더 걱정하고 있을 거 같아요.,E55,Pro_12226,Pro_12226_00009,Pro_12226,-0.0883681252598762,-0.1710117757320404,-0.2779127061367035,-0.241239309310913,0.102906696498394,0.0857287868857383,-0.1395205855369568,-0.0545087121427059,0.0271707996726036,0.2591637969017029,0.0305045060813426,-0.1818639189004898,-0.1209443211555481,-0.0248026996850967,-0.0403330102562904,0.046126615256071,-0.0465836636722087,-0.2787350714206695,-0.2298699021339416,0.0434632413089275,-0.0910883992910385,0.0504079572856426,-0.0919974371790885,-0.1296937614679336,-0.0562279000878334,-0.0486590415239334,-0.3817203640937805,0.2267640680074691,-0.218702495098114,0.2436377704143524,-0.2380503565073013,-0.0970674157142639,-0.2375283390283584,-0.1393345147371292,0.0981113314628601,0.3793165385723114,0.0319603495299816,0.0785676017403602,-0.1777138710021972,-0.0041474127210676,-0.2370681762695312,0.2414163798093795,-0.1690735518932342,-0.1220594868063926,-0.1113264560699462,-0.0803917571902275,0.1444305479526519,-0.0863158926367759,0.0068578314967453,-0.1281804144382476,-0.5358512997627258,0.1696239113807678,0.1837149262428283,-0.2951462864875793,-0.1169945895671844,-0.1195674166083335,0.0554766096174716,-0.1892581135034561,0.2753880321979522,0.0244461502879858,0.0212260521948337,0.1358477771282196,0.1598995476961136,0.1591873466968536,0.2301120012998581,0.3501243889331817,0.4136341512203216,0.3559339046478271,1
s_000453,친구가 나보다 피부가 훨씬 좋아서 나도 친구가 먹고 있는 영양제를 샀어. [SEP] 친구의 좋은 피부가  부러웠군요. [SEP] 인터넷에서 쉽게 주문 할  수 있었어. 친구보다 피부가 좋아지고 싶어. [SEP] 친구보다 피부가 더 좋아  지려면 어떻게 해야 할까요? [SEP] 영양제뿐만 아니라 운동도  열심히 해야겠어. [SEP] 피부를 위해 열심히  노력하시는 만큼 빨리 피부가 좋아지시길 바랄게요.,E16,Pro_08827,Pro_08827_00035,Pro_08827,-0.1067267134785652,-0.2088968753814697,-0.2622556984424591,-0.166960135102272,0.0689128711819648,0.1222859174013137,-0.1629986613988876,-0.095377005636692,0.033186238259077,0.2398765236139297,-0.0056214858777821,-0.2259950041770935,-0.1132091432809829,-0.0195627808570861,-0.0257807653397321,0.1104683727025985,-0.0620475001633167,-0.3058258891105652,-0.232015311717987,-0.0169942937791347,-0.1213529855012893,0.0408735238015651,-0.06986103951931,-0.2059637010097503,-0.0902641415596008,-0.0936269089579582,-0.3891654014587402,0.1885877400636673,-0.2486362159252166,0.2812686562538147,-0.2432562857866287,-0.0953567922115325,-0.2642479240894317,-0.198972150683403,0.0972126126289367,0.3562585115432739,0.0718241482973098,0.0901065841317176,-0.1648711562156677,-0.0327011123299598,-0.2031205892562866,0.2434096932411193,-0.179896205663681,-0.0938643142580986,-0.0930518880486488,-0.0891138836741447,0.163154050707817,-0.1019375771284103,0.0099233388900756,-0.1370794475078582,-0.5164653658866882,0.1361329108476638,0.1146425604820251,-0.2638441622257232,-0.165493369102478,-0.1387005150318145,0.0012655847240239,-0.1623879522085189,0.298644095659256,0.0574522837996482,0.0062079038470983,0.0916350558400154,0.1593224853277206,0.1333026736974716,0.3096686005592346,0.3414340913295746,0.4114940762519836,0.2941780984401703,1
s_000454,오늘 저녁 중요한 일정이 있는데 오후에 팀장이 갑자기 새로운 일을 시켰어. [SEP] 당황하셨겠네요. 그래서 어떻게 하셨어요? [SEP] 그래도 다행히 내가 예전에 작업해둔 자료가 있어서 금방 끝냈어. [SEP] 예전에 작업했던 자료가 있으시군요. 정말 다행이네요.,E67,Pro_07438,Pro_07438_00011,Pro_07438,-0.1673178374767303,-0.1717969328165054,-0.2449484765529632,-0.0920432060956955,0.0027850477490574,0.1448560506105423,-0.1188737154006958,-0.1156775876879692,0.0208512675017118,0.2079264521598816,-0.0126708447933197,-0.2326469272375106,-0.091364786028862,0.019967770203948,0.0462156198918819,0.1580324918031692,-0.011304791085422,-0.3039866387844085,-0.2182312160730362,-0.0989646166563034,-0.181890919804573,0.0726964920759201,-0.0517967008054256,-0.1941251456737518,-0.0177984703332185,-0.0663576945662498,-0.4001120626926422,0.1990516781806945,-0.2062761187553405,0.272508293390274,-0.1988909989595413,-0.1292198896408081,-0.2749561965465545,-0.2901138365268707,0.105359710752964,0.3268010020256042,0.0364873968064785,0.1023623272776603,-0.1535626351833343,-0.0566527172923088,-0.1624394208192825,0.2049929648637771,-0.2146308869123459,-0.1323858946561813,-0.0858084708452224,-0.1354281902313232,0.208304762840271,-0.0828883498907089,-0.0274972897022962,-0.1540042906999588,-0.4639247953891754,0.1445215046405792,0.0305970087647438,-0.1518896520137787,-0.1341992020606994,-0.1859423667192459,-0.0978873521089553,-0.1534164696931839,0.2889387905597687,0.0730083435773849,0.0350291281938552,-0.0009607101674191,0.1592892408370971,0.1365058720111847,0.3564879596233368,0.4084933996200561,0.3082066178321838,0.2390502840280532,1
s_000455,큰일 났어. 부모님이 나를 보러 서울에 오셨어. [SEP] 무슨 일인지 더 자세히 알려주실 수 있을까요? [SEP] 내가 지금 학교를 자퇴한 걸 부모님이 모르시거든. 걸리면 혼날 것 같아 두려워. [SEP] 부모님 몰래 학교를 자퇴한 것을 걸릴까봐 두려워하시는군요. [SEP] 불안해하느니 그냥 솔직하게 다른 학교를 가려고 한다고 부모님께 이야기를 해야겠어. [SEP] 마음먹은 대로 부모님께 솔직하게 이야기를 해서 지금의 기분이 해소되었으면 좋겠어요.,E31,Pro_05122,Pro_05122_00069,Pro_05122,-0.0524411834776401,-0.2559036612510681,-0.2762222290039062,-0.2655142843723297,0.1374173313379287,0.1099354773759841,-0.1772641539573669,-0.0621198751032352,0.0486500933766365,0.2671484351158142,0.0267240311950445,-0.2008343636989593,-0.1120166033506393,-0.0753252208232879,-0.1037236452102661,0.0673751682043075,-0.1056602522730827,-0.2943711578845978,-0.2169927954673767,0.0711192488670349,-0.0380459502339363,0.0243640560656785,-0.0728652253746986,-0.1837186068296432,-0.1466891467571258,-0.1179779842495918,-0.3615440428256988,0.1851498931646347,-0.2793273627758026,0.2623278796672821,-0.3046984672546386,-0.0804943218827247,-0.2424897253513336,-0.0756693184375763,0.0798758864402771,0.3682871758937835,0.0766704678535461,0.1024664118885994,-0.155847892165184,-0.0085529647767543,-0.2331095784902572,0.2539687752723694,-0.141341894865036,-0.0772328227758407,-0.0843798592686653,-0.0440100654959678,0.1030272915959358,-0.1093060448765754,0.066854104399681,-0.1168270409107208,-0.5421136021614075,0.1137218996882438,0.2008822709321975,-0.36321821808815,-0.1467512845993042,-0.0498005375266075,0.0856529995799064,-0.1790801435708999,0.2982610762119293,0.042717196047306,-0.0238068457692861,0.2053596973419189,0.1698745787143707,0.129068061709404,0.2125619053840637,0.2916364371776581,0.506218433380127,0.3151120841503143,1
s_000456,어제 시험 볼 때 친구가 내 시험지를 베꼈는데 선생님께 들켜서 혼나고 있어. [SEP] 정말 충격적인 상황이네요. 기분이 어떠신가요? [SEP] 사실 통쾌하고 기뻐. 친구가 잘못한 것에 대한 책임이 따르는 거지. [SEP] 기쁘시군요. 앞으로 어떻게 할 계획이신가요? [SEP] 앞으로 시험 볼 때는 그 친구를 주의해야겠어. [SEP] 친구가 잘못을 깨닫고 깊이 반성하여 다시는 그런 일을 하지 않으면 좋겠네요.,E65,Pro_00236,Pro_00236_00010,Pro_00236,-0.1583691984415054,-0.1884643584489822,-0.2481855601072311,-0.0920281708240509,0.0110649028792977,0.1479993313550949,-0.1402414888143539,-0.1222070008516311,0.0247294660657644,0.2157399505376815,-0.0202429722994565,-0.2446184009313583,-0.1005121394991874,0.0166083574295043,0.0352996736764907,0.1612467318773269,-0.0280808936804533,-0.3165114820003509,-0.2291326373815536,-0.0953084155917167,-0.1795754432678222,0.0619753561913967,-0.0539052076637744,-0.2194699496030807,-0.042604461312294,-0.0812794938683509,-0.4071856737136841,0.1915063709020614,-0.2257366329431533,0.2892452180385589,-0.20962955057621,-0.1211468428373336,-0.2835751473903656,-0.2890627980232239,0.1067650690674781,0.3364481329917907,0.0565278977155685,0.0980588048696518,-0.1600031107664108,-0.0583611354231834,-0.1718537509441375,0.2209396213293075,-0.2131699919700622,-0.1181013435125351,-0.0870063006877899,-0.1283271759748459,0.2075399905443191,-0.0935265943408012,-0.0219317134469747,-0.1549317985773086,-0.483016699552536,0.1402034610509872,0.0364336185157299,-0.1740998774766922,-0.1606751084327697,-0.1885907351970672,-0.0838210433721542,-0.1514824032783508,0.3010854721069336,0.0760471671819686,0.0258866380900144,0.0076771480962634,0.1596926897764206,0.133398488163948,0.3740643560886383,0.3959736824035644,0.3370438516139984,0.249048113822937,1
s_000457,사랑이 아니라 조건이 좋은 남자와 결혼했다면 돈 걱정 때문에 불안하진 않았겠지? [SEP] 돈 걱정 때문에 불안하시군요. [SEP] 무엇을 하든 항상 돈 부터 생각하는 내 자신이 초라해져. [SEP] 지금의 기분에서 벗어나기 위해 할 수 있는 일이 무엇이 있을까요? [SEP] 내가 할 수 있는 건 아무것도 없는 것 같아. [SEP] 할 수 있는 게 없다고 느껴져 불안하시군요.,E33,Pro_05244,Pro_05244_00020,Pro_05244,0.7361974120140076,0.9999997615814208,0.9999999403953552,1.0,0.9999996423721312,0.9999994039535522,-0.9869973063468932,-0.997144877910614,-0.7575425505638123,-0.970554530620575,0.999994933605194,-0.9815964698791504,1.0,-0.9952561259269714,0.9999984502792358,0.9999998211860656,-1.0,0.8140748143196106,1.0,0.503330409526825,0.99455988407135,-0.8349514007568359,-0.9988699555397034,-1.0,0.9992672204971312,-0.9999997615814208,0.7873768210411072,0.9999986290931702,0.0826163589954376,-1.0,-0.9999998211860656,1.0,-0.9999986886978148,0.7809968590736389,-0.999998152256012,1.0,1.0,1.0,0.9726845026016236,0.9715213775634766,-0.5974027514457703,-0.8909381628036499,-0.9745908975601196,0.9949837923049928,0.9999759793281556,-0.999929130077362,0.987247109413147,-0.7640194296836853,0.9999998807907104,-0.3899689614772796,0.7327719926834106,0.9979992508888244,0.9674054980278016,0.99971604347229,-0.9999953508377076,-0.99979567527771,0.612140953540802,1.0,-0.9998944401741028,-0.9999988079071044,-0.9999977946281432,-1.0,-0.8499144911766052,0.999999463558197,0.3138773143291473,0.2620772123336792,0.5872356295585632,0.3238635659217834,3
s_000458,어제 드라마에서 수술 장면이 나오는데 정말 혐오스러웠어. [SEP] 자세히 설명해주시겠어요? [SEP] 수술 장면이 너무 적나라한 거 있지. 진짜같았어. [SEP] 수술 장면이 너무 적나라해서 혐오감을 느끼셨군요.,E57,Pro_12228,Pro_12228_00009,Pro_12228,-0.1388107687234878,-0.1759581714868545,-0.2511017620563507,-0.1564406007528305,0.0395880825817585,0.1259871870279312,-0.1067732647061348,-0.0854546949267387,0.0247945897281169,0.2169298678636551,0.0129330027848482,-0.2015275359153747,-0.0845315679907798,-0.0100746098905801,0.0077841756865382,0.1187864616513252,-0.0195354931056499,-0.2793799638748169,-0.2003476023674011,-0.0415941923856735,-0.1329543739557266,0.0713636130094528,-0.0566453747451305,-0.1494920700788498,-0.0268942844122648,-0.0619059987366199,-0.3735292851924896,0.2049585282802581,-0.2024162411689758,0.2416070848703384,-0.2207763195037841,-0.1229637265205383,-0.2483371943235397,-0.21429044008255,0.093455858528614,0.3262977004051208,0.0203024633228778,0.108601726591587,-0.1438905149698257,-0.0357547327876091,-0.1729569435119629,0.197958692908287,-0.1892629116773605,-0.133491963148117,-0.0836352854967117,-0.1126483604311943,0.1704623252153396,-0.0756701380014419,-0.0017983427969738,-0.1382783055305481,-0.462649941444397,0.1399514228105545,0.0848502591252327,-0.1980684399604797,-0.0970872342586517,-0.1319906413555145,-0.0521674901247024,-0.1652394980192184,0.2722153067588806,0.056845836341381,0.027834678068757,0.0621090419590473,0.1617963314056396,0.1381513923406601,0.2752881944179535,0.3830751180648803,0.3347311913967132,0.2511994838714599,1
s_000459,학교에서 따돌림 당하는 친구가 나에게 부탁을 했을 때 거절할 수 없었어. [SEP] 친구의 부탁을 거절할 수 없었다니 많이 힘들었겠어요. [SEP] 그 친구의 부탁을 거절하면 너무 미안해서 어쩔 수가 없다고 생각해. [SEP] 미안하지 않게 거절할 수 있는 방법은 혹시 없을까요? [SEP] 따돌림을 당하는 친구의 감정이 상하지 않게 거절하는 것이 중요하다고 생각해. 고민을 해서 방법을 찾아봐야겠어. [SEP] 고민을 통해서 이 상황을 꼭 해결할 수 있는 방법을 찾았으면 좋겠어요.,E33,Pro_00324,Pro_00324_00023,Pro_00324,-0.0825451835989952,-0.1775303781032562,-0.2742182314395904,-0.1694348007440567,0.0851667448878288,0.0875680819153785,-0.1951410174369812,-0.0920818895101547,0.0266766473650932,0.2550253272056579,-0.0245661251246929,-0.2295014709234237,-0.1491214483976364,-0.0032206736505031,-0.029977461323142,0.0687250569462776,-0.0674714818596839,-0.3091839849948883,-0.2700703144073486,0.0102044977247715,-0.1316460371017456,0.0211188606917858,-0.1024101823568344,-0.2175583988428115,-0.1015110984444618,-0.078869491815567,-0.4042993485927582,0.1939977705478668,-0.2519309520721435,0.3010807633399963,-0.2164835333824157,-0.0652565062046051,-0.2638762593269348,-0.2008814215660095,0.1086594089865684,0.3898333609104156,0.0985084772109985,0.0493009313941001,-0.197994664311409,-0.0169794745743274,-0.2330555021762848,0.2818085551261902,-0.1747762709856033,-0.0715029165148735,-0.1238332390785217,-0.0783294662833213,0.1686489880084991,-0.1114672347903251,-0.0158447194844484,-0.1347666680812835,-0.558644711971283,0.1693848669528961,0.1470803767442703,-0.2941595315933227,-0.2131946831941604,-0.1804878860712051,0.0545859560370445,-0.1633564531803131,0.3004418313503265,0.0395913384854793,0.012677158229053,0.0864796638488769,0.1436465233564376,0.1451712697744369,0.3365566730499267,0.3125185072422027,0.42945396900177,0.3723160624504089,1
s_000460,내가 회사를 그만두면 가족들도 날 떠날 것 같아. [SEP] 가족들이 당신을 떠날 것 같아서 두려우시겠어요. [SEP] 회사를 그만두고 싶은데 어떻게 해야 할지 모르겠어. [SEP] 퇴사와 가족관계의 문제에 대해서 고민하시는군요. 어떻게 하면 지금의 상황을 변화시킬 수 있을까요? [SEP] 회사를 그만두기 전에 이후 계획을 구체적으로 마련해서 가족들과 상의해야 할 것 같아. [SEP] 가족 분들과의 대화로 상황이 나아지셨으면 좋겠어요.,E31,Pro_07042,Pro_07042_00009,Pro_07042,-0.0418612174689769,-0.2693457901477813,-0.2835241258144378,-0.2970223128795624,0.1568549275398254,0.1095949336886406,-0.1819821149110794,-0.0531681291759014,0.0528342835605144,0.2806781232357025,0.040461104363203,-0.1950936317443847,-0.1150331124663353,-0.0864393636584281,-0.1212439984083175,0.0569805428385734,-0.1171529218554496,-0.2975870072841644,-0.2171102166175842,0.0927864983677864,-0.0187294483184814,0.0224551297724246,-0.0745226740837097,-0.1773228794336319,-0.1569197624921798,-0.120482750236988,-0.3633119165897369,0.1923674941062927,-0.2882508337497711,0.2599784731864929,-0.3235284984111786,-0.082182765007019,-0.242287278175354,-0.0475508198142051,0.0787093862891197,0.3798204064369201,0.0738883465528488,0.105563499033451,-0.1591396927833557,-0.0034560721833258,-0.250562459230423,0.2596735060214996,-0.1373902708292007,-0.0808722004294395,-0.0839796215295791,-0.0355631597340106,0.0927701890468597,-0.1122598275542259,0.0804107636213302,-0.1153970807790756,-0.5589295029640198,0.1130748689174652,0.2274801582098007,-0.390687495470047,-0.1414300054311752,-0.0312682576477527,0.1089547425508499,-0.1890622079372406,0.3028532862663269,0.0376067385077476,-0.0301272310316562,0.2357674390077591,0.1762829571962356,0.1336810439825058,0.1905391216278076,0.2919104993343353,0.536861002445221,0.3299633860588074,1
s_000461,회사 업무에서 받는 스트레스보다 사람에게 받는 상처가 더 큰 것 같아. [SEP] 맞아요. 혼자서 하는 업무야 시간과 공을 들이면 된다지만 대인관계는 상대적인 거라 정말 실망이나 상처받기 일쑤예요. [SEP] 맞아. 감사보고서를 작성하고 있는데 정말 가관이야. [SEP] 큰 사고나 물의를 일으킨 직원이 있나 보네요? [SEP] 중책을 맡은 임원이 횡령과 배임은 기본이고 성추행이라고 보기에 무방할 정도로 행동까지 저질스러우니 어이가 없어. [SEP] 심해도 정말 너무 심하네요. 어떻게 그런 사람이 임원까지 될 수 있었는지 제가 다 궁금하네요.,E17,Pro_07388,Pro_07388_00021,Pro_07388,-0.0625014379620552,-0.2081528902053833,-0.2727393209934234,-0.2606104016304016,0.1239541471004486,0.0892538502812385,-0.1459991931915283,-0.048713244497776,0.0375146120786666,0.2544344067573547,0.0317454189062118,-0.177988052368164,-0.1067074611783027,-0.0609310269355773,-0.0810385048389434,0.0454583764076232,-0.0720558166503906,-0.2681682407855987,-0.2093175649642944,0.0712834149599075,-0.0495398789644241,0.0383960157632827,-0.0811003521084785,-0.1368108391761779,-0.1003834903240203,-0.0820780247449874,-0.3509502112865448,0.2003108710050583,-0.2402512282133102,0.2355078607797622,-0.2700368165969848,-0.0840410068631172,-0.2234252989292144,-0.0822446346282959,0.0811754465103149,0.3593718409538269,0.0475192740559577,0.0947184264659881,-0.1545257121324539,0.0006097629084251,-0.2219432890415191,0.2359330058097839,-0.1419413387775421,-0.0959378182888031,-0.093936413526535,-0.0551541075110435,0.1074881702661514,-0.0908081531524658,0.0435066632926464,-0.1135776787996292,-0.5185762643814087,0.1351106166839599,0.1972206234931945,-0.3290008306503296,-0.1125810369849205,-0.0631427094340324,0.0741546005010604,-0.1809524148702621,0.2725696861743927,0.0303766950964927,-0.0018644721712917,0.1815407425165176,0.161309078335762,0.1385015696287155,0.190103143453598,0.3035379946231842,0.4489078819751739,0.3219062983989715,1
s_000462,손이 절단돼서 나는 할 수 있는 게 없는 한심한 인간이야. 다른 사람들과는 너무 비교돼. [SEP] 장애 때문에 많이 힘드시겠어요. [SEP] 남들이 잠깐이면 할 일을 나는 아주 오래 걸려. 심지어 화장실 갈 때도 남의 도움이 필요해. [SEP] 그런 기분이 들어 힘드실 것 같아요. 이 감정을 벗어나기 위해 무엇을 해볼 수 있을까요? [SEP] 난 쓸모없는 인간이라 할 수 있는 게 아무것도 없어. [SEP] 지금의 어려움을 이겨내시고 꼭 행복해지셨으면 좋겠어요.,E16,Pro_03787,Pro_03787_00018,Pro_03787,-0.0432349406182765,-0.2056045979261398,-0.288270503282547,-0.2463422268629074,0.1372617930173874,0.0745359361171722,-0.2079497277736663,-0.0662909299135208,0.0363475084304809,0.2804518342018127,0.0007311551598832,-0.2106560617685318,-0.1549298167228698,-0.0381311886012554,-0.0835721790790557,0.0307583212852478,-0.0974790751934051,-0.3038955330848694,-0.2666351199150085,0.0768648162484169,-0.0753948017954826,0.0093430541455745,-0.1100608855485916,-0.199120432138443,-0.1372734755277633,-0.0891870036721229,-0.3922437131404876,0.1992616951465606,-0.2724941670894623,0.2900004386901855,-0.2583405673503876,-0.0548210740089416,-0.2506185472011566,-0.1157809495925903,0.1001326888799667,0.4079397320747375,0.1003598868846893,0.0523320883512496,-0.1997854709625244,0.0024402167182415,-0.2646089494228363,0.2950388193130493,-0.1506216377019882,-0.0637126788496971,-0.1236429139971733,-0.0474009104073047,0.130208358168602,-0.1174177899956703,0.0195655487477779,-0.1223227232694625,-0.5868651866912842,0.1629573702812194,0.2165154218673706,-0.3688064515590668,-0.2032104879617691,-0.1267103850841522,0.1226595863699913,-0.1798972189426422,0.3019073903560638,0.0246799737215042,-0.0055428212508559,0.1683224290609359,0.1513605713844299,0.1485180109739303,0.2702097296714782,0.2831397950649261,0.5006576180458069,0.4050931930541992,1
s_000463,출산까지 했는데 너무 외로워. [SEP] 출산까지 했는데 슬픈 감정이 드시는군요. 조금 더 자세히 말해주실래요? [SEP] 남편이 바빠서 출산할 때 옆에 있어주지 못했어. [SEP] 혼자 너무 외로우셨겠어요. 어떻게 해야 될까요? [SEP] 남편을 이해해주면서도 너무 속상하고 외로워 남편한테 말해 봐야겠어. [SEP] 남편과의 대화로 이 속상한 상황이 나아지길 바라요.,E53,Pro_05264,Pro_05264_00033,Pro_05264,-0.0978460013866424,-0.204122319817543,-0.2635020911693573,-0.2260099053382873,0.0902291387319564,0.1120028346776962,-0.1235354989767074,-0.0623636730015277,0.0344254039227962,0.2397913634777069,0.0321319140493869,-0.1854568868875503,-0.0909633412957191,-0.0450703427195549,-0.0465792492032051,0.0823194533586502,-0.0512543953955173,-0.273477554321289,-0.1978769451379776,0.0234990809112787,-0.07830760627985,0.0565099157392978,-0.0646660849452018,-0.1371498852968216,-0.068399392068386,-0.0761751756072044,-0.3588154315948486,0.2043773680925369,-0.2255371510982513,0.2331263273954391,-0.2598454356193542,-0.1080233231186866,-0.2344575971364975,-0.1317731142044067,0.0841534063220024,0.342450350522995,0.0286649744957685,0.1096989288926124,-0.1446706801652908,-0.0167230982333421,-0.2008874118328094,0.2134079337120056,-0.1629279553890228,-0.1188067272305488,-0.0834554135799408,-0.0802129134535789,0.1312551349401474,-0.083032339811325,0.0327286012470722,-0.124620072543621,-0.4919717609882355,0.1310875862836837,0.1511522084474563,-0.2760772407054901,-0.0938095673918724,-0.0795580297708511,0.0158559810370206,-0.1775382310152053,0.2734826505184173,0.0435828976333141,0.0082607548683881,0.1405673176050186,0.1668030619621276,0.1380173414945602,0.2148421108722686,0.3452524542808532,0.4047717452049255,0.2810221016407013,1
s_000464,친구에게 비밀을 털어놓았는데 혹시나 다른 사람들한테 알려질까 봐 불안해. [SEP] 친구에게 비밀을 털어놓았는데 다른 사람들에게 비밀을 말할까 봐 불안하시군요. [SEP] 이 친구가 이전에 실수로 다른 사람 비밀을 나에게 이야기 한 적이 있거든. [SEP] 친구에게 다른 사람의 비밀을 들은 적이 있으시군요. 친구와 어떻게 이 문제에 관해 상의해야 좋을까요? [SEP] 친구한테 가서 절대 말하지 말라고 다시 한번 신신당부 해야겠어. [SEP] 친구와 대화가 잘 되어 원하는 대로 해결되면 좋겠어요.,E39,Pro_03570,Pro_03570_00021,Pro_03570,0.4408868551254272,0.8413957953453064,0.790888249874115,0.9951308369636536,0.973281979560852,0.9649495482444764,-0.7105115652084351,-0.5475544333457947,0.0832093805074691,0.4113356471061706,0.9158187508583068,-0.368628054857254,0.9992786645889282,-0.8527469635009766,0.9538716673851012,0.842114269733429,-0.9947189688682556,0.5375858545303345,0.995236039161682,-0.3231177031993866,0.5946370959281921,-0.3798871338367462,-0.6415320634841919,-0.9974859952926636,0.5872266888618469,-0.969541072845459,0.0410173796117305,0.9146597385406494,-0.8478173613548279,-0.993460476398468,-0.9686554670333862,0.9962975382804872,-0.969833493232727,0.3803941905498504,-0.8218719959259033,0.9971715211868286,0.9982327222824096,0.9633161425590516,0.583671510219574,0.0255664698779582,-0.1580376327037811,-0.453439325094223,-0.7321597933769226,0.3937899172306061,0.8120527267456055,-0.7874671220779419,0.659388542175293,-0.5866986513137817,0.9591784477233888,-0.8545820116996765,-0.2418656200170517,0.7948827743530273,0.8140065670013428,0.5810204148292542,-0.9070492386817932,-0.5118240118026733,0.4710754752159118,0.9389246106147766,-0.4499291181564331,-0.952204704284668,-0.923495888710022,-0.9880542159080504,-0.1583819389343261,0.6886282563209534,0.2684468030929565,0.2810655832290649,0.5434455871582031,0.3040998876094818,3
s_000465,나는 아직도 진로를 정하지 못했는데 내 친구는 벌써 자기 꿈에 대해 한 발짝씩 다가간 것에 대해 계속 자랑하는데 너무 질투나. [SEP] 본인은 아직 정하지 못했는데 친구분이 자랑해서 질투가 나시는군요. [SEP] 맞아 너무 질투나. 걔는 내가 아직 진로를 정하지 못한 것도 알면서 그런 말을 하니까 더 질투 나고 화나. [SEP] 친구에게 속마음을 털어놓으면 기분이 어떻게 바뀌실 것 같으세요?,E41,Pro_01772,Pro_01772_00003,Pro_01772,-0.062706172466278,-0.2053819596767425,-0.2708584666252136,-0.2616040408611297,0.1229725331068039,0.0878583118319511,-0.139422982931137,-0.0459235459566116,0.0370406843721866,0.2507603466510772,0.0336981043219566,-0.1733445972204208,-0.1022134199738502,-0.0632662326097488,-0.0812886580824852,0.0438171327114105,-0.0686288774013519,-0.2621021270751953,-0.2035507559776306,0.0728760138154029,-0.0464178547263145,0.0405752137303352,-0.0795715004205703,-0.1286788135766983,-0.0964819192886352,-0.0802660211920738,-0.3446885347366333,0.1996396332979202,-0.2354736775159835,0.2287393659353256,-0.2687240540981293,-0.0847874283790588,-0.218466654419899,-0.0769769772887229,0.0788824558258056,0.3536277711391449,0.0427133776247501,0.0973215624690055,-0.1498571634292602,0.0018928028875961,-0.2165496200323104,0.2299981713294983,-0.1392685174942016,-0.0974389761686325,-0.0920073091983795,-0.0548901557922363,0.1038446798920631,-0.0875201821327209,0.0448112301528453,-0.1114845871925354,-0.5099075436592102,0.1331726312637329,0.1962440758943557,-0.3249271214008331,-0.1034499406814575,-0.0569199211895465,0.0712615922093391,-0.1802317202091217,0.2675539851188659,0.0298546217381954,-0.0009114180575124,0.1825263947248459,0.1607512086629867,0.137157917022705,0.1803228706121444,0.3019148409366607,0.4416488707065582,0.3150047957897186,1
s_000466,내 주변은 그저 나를 이용하려는 사람들뿐이야. [SEP] 왜 그런 생각을 하시게 되었어요? [SEP] 내가 필요할 때만 연락이 와. [SEP] 지금 상황을 변화시키기 위해 시도해볼 수 있는 일이 무엇이 있을까요? [SEP] 믿을 만한 친구를 만나서 조언을 구해볼까? [SEP] 믿을 만한 친구와의 대화로 해결책을 얻을 수 있길 바라요.,E12,Pro_03543,Pro_03543_00005,Pro_03543,-0.0719427689909935,-0.2870438396930694,-0.2905942797660827,-0.3004404306411743,0.1467764228582382,0.1396511048078537,-0.1804445832967758,-0.0643567144870758,0.0552483387291431,0.2963310182094574,0.0571548826992511,-0.2088076770305633,-0.1166573613882064,-0.0716867223381996,-0.0998457297682762,0.089491032063961,-0.1158133745193481,-0.3279183506965637,-0.2241008132696151,0.0604203529655933,-0.0394158288836479,0.0372420698404312,-0.0638893023133277,-0.1892134696245193,-0.1382630169391632,-0.1163289994001388,-0.3987851440906524,0.2158335745334625,-0.2948080897331238,0.2741170227527618,-0.3395460546016693,-0.1141235306859016,-0.2717970311641693,-0.0886598750948906,0.0902828946709632,0.3982965648174286,0.0576298497617244,0.1179933473467826,-0.170480877161026,-0.0207538120448589,-0.2717327773571014,0.2601308226585388,-0.1692247986793518,-0.1150010302662849,-0.0796099528670311,-0.0578430667519569,0.1226235926151275,-0.1162923648953437,0.0785801708698272,-0.1352068334817886,-0.5821521282196045,0.1194543167948722,0.215963989496231,-0.3799167573451996,-0.1374399214982986,-0.0501509569585323,0.0814908221364021,-0.204624056816101,0.3258671462535858,0.0456625185906887,-0.026453323662281,0.2252321392297744,0.1944613605737686,0.1483525782823562,0.2207955420017242,0.3562304079532623,0.5472574830055237,0.3310580253601074,1
s_000467,이번달에도 회사에서 실적이 하위권이야. 권고사직 당할까 봐 걱정이야. [SEP] 실적이 안 좋으면 퇴직해야 하나요? [SEP] 다른 직원들은 실적이 좋아서 그래. 이 직업이 나하고 적성에 안 맞는 거 같아. [SEP] 적성에 맞는다고 생각하는 일이 있을까요? [SEP] 나이들어 다른일을 하는것도 겁나고 자신감은 없어. 처음부터 직업을 잘못 선택 한거 같아 후회스러워. [SEP] 다른 직업을 찾기에는 늦었다고 생각하시는군요.,E49,Pro_10900,Pro_10900_00040,Pro_10900,-0.079354353249073,-0.2140462696552276,-0.2678780555725097,-0.2134799659252166,0.0999421775341034,0.1054169461131095,-0.1623127460479736,-0.074024349451065,0.036767441779375,0.2484762221574783,0.0089529072865843,-0.2058847397565841,-0.1126875132322311,-0.0429007299244403,-0.0590994693338871,0.0778114721179008,-0.0734988525509834,-0.28964564204216,-0.2237112820148468,0.03032136708498,-0.0830974131822586,0.0346517115831375,-0.0764671266078949,-0.1806981116533279,-0.1061479300260543,-0.0943269357085228,-0.370003879070282,0.1894318908452987,-0.2513212263584137,0.2637776732444763,-0.259783923625946,-0.0845766812562942,-0.2451409250497818,-0.1378820538520813,0.0886544436216354,0.3592514991760254,0.0683686286211013,0.0905020758509635,-0.160665675997734,-0.015777064487338,-0.2136907130479812,0.2450158149003982,-0.1580911576747894,-0.0869510248303413,-0.0936993062496185,-0.0679247975349426,0.1328614950180053,-0.1000373885035514,0.0293834172189235,-0.1242524906992912,-0.5215857625007629,0.1327645480632782,0.1583477258682251,-0.3048668801784515,-0.1490581631660461,-0.100119724869728,0.0441149808466434,-0.1695472151041031,0.2885824739933014,0.0449350960552692,-0.0017741154879331,0.1407201439142227,0.1592760235071182,0.1332356631755828,0.2542928159236908,0.3131276667118072,0.4400250315666199,0.3101581335067749,1
s_000468,며칠 전에 누나가 출산을 했다는데 다행히 순산했다고 하더라고. [SEP] 정말 다행이네요. 건강한 조카를 얻으셔서 기쁘시겠네요. [SEP] 조카도 조카지만 누나가 잘못되지 않았다는 게 마음이 놓여. [SEP] 누나가 건강해서 다행이에요. [SEP] 응. 조카도 누나도 얼른 퇴원해서 편하게 만나고 싶다. [SEP] 새 식구와 얼른 만나셔서 화목한 가족이 되셨으면 좋겠네요.,E67,Pro_03718,Pro_03718_00006,Pro_03718,-0.2324028313159942,-0.1268108040094375,-0.2253379672765731,0.0541056208312511,-0.0870943963527679,0.1690129935741424,-0.1163650304079055,-0.1684942841529846,0.0045049577020108,0.172319620847702,-0.0647671073675155,-0.2784692049026489,-0.095922976732254,0.0894950702786445,0.1413336992263794,0.224951222538948,0.0323694497346878,-0.3298401832580566,-0.2430343776941299,-0.2173318266868591,-0.2864072322845459,0.0859139710664749,-0.0445943735539913,-0.2498447895050048,0.0346084460616111,-0.0522668585181236,-0.4382938146591186,0.1914961487054824,-0.1824130564928054,0.3120143115520477,-0.1238098889589309,-0.1430844813585281,-0.3112280070781708,-0.4374829232692718,0.1275434494018554,0.3110093474388122,0.0488438941538333,0.086843691766262,-0.1654913872480392,-0.0935068801045417,-0.1210201382637023,0.1999366581439972,-0.2628883421421051,-0.1398935914039611,-0.0936324596405029,-0.1890735775232315,0.2839066386222839,-0.0821451023221015,-0.0956697762012481,-0.1813628375530243,-0.4334312975406647,0.1634607911109924,-0.0921795517206192,-0.0186225287616252,-0.1811569780111313,-0.2973266541957855,-0.2056309133768081,-0.1254760921001434,0.3001686930656433,0.099706582725048,0.0650566816329956,-0.1513452976942062,0.1458769738674163,0.134830504655838,0.5039799213409424,0.4626747071743011,0.202876478433609,0.2050679326057434,1
s_000469,나는 기면증이 있어서 재택근무만 할 수 있어. 소득도 불안정해. [SEP] 기면증으로 인해 어려움을 겪고 계시는군요. [SEP] 소득을 늘리고 싶은데 기면증 때문에 포기해야 하는 게 너무 많아. [SEP] 지금 상황에서 어떤 일을 하는 것이 도움이 될까요? [SEP] 글쎄 블로그나 유튜브 방송이라도 해볼까? [SEP] 블로그와 유튜브 방송으로 현재 상황을 잘 극복하셨으면 좋겠어요.,E30,Pro_07281,Pro_07281_00004,Pro_07281,-0.0588345527648925,-0.2762682735919952,-0.2840238809585571,-0.2692304849624634,0.1407701671123504,0.1257173717021942,-0.1961296945810318,-0.0726654902100563,0.0526653863489627,0.2837254405021667,0.0288381390273571,-0.2178997248411178,-0.1234622299671173,-0.0690738037228584,-0.1019108965992927,0.0833926126360893,-0.1191221475601196,-0.3213082551956177,-0.2328419238328933,0.0599253363907337,-0.0473246313631534,0.0220250058919191,-0.0717346295714378,-0.211010605096817,-0.1572844237089157,-0.1262587159872055,-0.3881408274173736,0.1928393840789795,-0.2984571754932403,0.2849543392658233,-0.3202331364154815,-0.0888639315962791,-0.265437513589859,-0.0957922041416168,0.0882434919476509,0.3893255889415741,0.0858866795897483,0.1023853868246078,-0.170232281088829,-0.0176546368747949,-0.2554462850093841,0.2702390253543854,-0.1568201631307602,-0.0826202630996704,-0.0856790244579315,-0.0490133799612522,0.1185875535011291,-0.1208721995353698,0.0686661005020141,-0.1280628591775894,-0.5729158520698547,0.1166927888989448,0.2031842321157455,-0.3768151402473449,-0.1695078909397125,-0.0650592669844627,0.0877479687333107,-0.1866635829210281,0.3207305371761322,0.0476629734039306,-0.0288032051175832,0.207244262099266,0.1790588349103927,0.135887861251831,0.2441872954368591,0.3141215145587921,0.5378705859184265,0.3313184976577759,1
s_000470,대학원 공부가 많은데 집안에서 결혼을 서두르려고 해서 힘들어. [SEP] 학업에다 결혼문제로 힘드시네요. [SEP] 나는 아직 공부를 하고 싶고 결혼할 준비가 안 됐는데. [SEP] 어떻게 하면 이 상황을 극복할 수 있을까요? [SEP] 부모님에게 대학원 공부의 힘듦을 말하면서 결혼은 조금 미루자고 말씀드려봐야겠어. [SEP] 부모님과의 대화로 문제가 잘 해결되셨으면 좋겠어요.,E44,Pro_03815,Pro_03815_00017,Pro_03815,-0.0721207037568092,-0.1952339261770248,-0.28195321559906,-0.1970852017402649,0.1038953512907028,0.0895720571279525,-0.2064373791217804,-0.0875039100646972,0.0314866490662097,0.2700439989566803,-0.0150345787405967,-0.2296970337629318,-0.1552920639514923,-0.0124783217906951,-0.0471149235963821,0.0624531023204326,-0.0826634913682937,-0.3178465962409973,-0.2747368812561035,0.0280359871685504,-0.1164495423436164,0.0164779145270586,-0.1043812707066536,-0.2216700315475464,-0.1173816844820976,-0.0854712426662445,-0.4103503227233886,0.198905661702156,-0.2662643194198608,0.3058472573757171,-0.2370394319295883,-0.0653229802846908,-0.2683455646038055,-0.1803449541330337,0.1090326011180877,0.403869479894638,0.1023584827780723,0.0505113378167152,-0.2039945721626281,-0.0140946451574563,-0.2523059546947479,0.292231798171997,-0.1728184223175048,-0.0713372826576232,-0.124144896864891,-0.0700801685452461,0.1618596166372299,-0.1178516894578933,-0.0032097585499286,-0.1350260227918625,-0.5797580480575562,0.1683278083801269,0.1713315695524215,-0.3248753845691681,-0.2180895805358886,-0.1682188957929611,0.0779652372002601,-0.1719746440649032,0.3096740543842315,0.0365634113550186,0.0046898117288947,0.1148331835865974,0.1499687731266021,0.1489930003881454,0.3264169692993164,0.3118665814399719,0.4654177725315094,0.3893058896064758,1
s_000471,동네에서 새로운 친구를 사귀게 되어서 기뻐. [SEP] 친구를 사귀었다니 저도 기뻐요. 어떤 친구인가요? [SEP] 나와 나이대도 비슷하고 생각하는 것도 비슷해서 말이 잘 통해. [SEP] 마음이 맞는 친구를 만나 기쁘시겠어요. 친구분과 좋은 관계 유지하시길 바라요.,E65,Pro_05156,Pro_05156_00012,Pro_05156,-0.2143896073102951,-0.1509624421596527,-0.2318933457136154,0.0009141463669948,-0.057100486010313,0.168270543217659,-0.1145659908652305,-0.1515672653913498,0.0119132222607731,0.1856387555599212,-0.0422209799289703,-0.263931930065155,-0.0903579220175743,0.0633860826492309,0.108874037861824,0.2098662406206131,0.0159283969551324,-0.3243200182914734,-0.2305652946233749,-0.1814513802528381,-0.2496209591627121,0.0843816846609115,-0.0418608821928501,-0.2316437512636184,0.0169609785079956,-0.0602418594062328,-0.4268086552619934,0.1953447461128235,-0.1930914372205734,0.29803267121315,-0.1578131914138794,-0.1446907967329025,-0.3019783496856689,-0.3895013630390167,0.1192994341254234,0.3149546980857849,0.0407699011266231,0.0988989248871803,-0.1584287881851196,-0.0842130631208419,-0.135146677494049,0.197887510061264,-0.2492740750312805,-0.1424693018198013,-0.08627350628376,-0.1727999746799469,0.2590018510818481,-0.0824816972017288,-0.0672375038266182,-0.1739062815904617,-0.4428482949733734,0.1524109691381454,-0.0529183521866798,-0.0635927245020866,-0.1595742106437683,-0.2543184459209442,-0.1755499392747879,-0.1370254158973693,0.299370527267456,0.0935243666172027,0.0528853461146354,-0.0968920662999153,0.1548410356044769,0.135119542479515,0.4515177011489868,0.4525905847549438,0.2423211187124252,0.2078728973865509,1
s_000472,아이를 낳고 싶은데 부부 벌이가 좋지 않다 보니 생각할 수가 없어. 이대로 노산일까 봐 걱정 돼. [SEP] 부부벌이로 인해 임신 계획을 보류하고 있어서 불안하시겠어요. [SEP] 이런 내 맘은 모르고 자꾸 시어머님이 아이 소식이 없다고 자꾸 보채셔. [SEP] 이런 내 맘은 모르고 자꾸 시어머님이 아이 소식이 없다고 자꾸 보채는군요. 이 상황에서 할 수 있는 게 어떤 것이 있을까요? [SEP] 남편과 진지하게 얘기를 해 봐야겠어. [SEP] 남편과의 대화로 지금 상황을 잘 극복하길 바라요.,E33,Pro_05244,Pro_05244_00021,Pro_05244,-0.0348977968096733,-0.2730295062065124,-0.2780524492263794,-0.2661445140838623,0.1497213244438171,0.1082251071929931,-0.2012715637683868,-0.0670223087072372,0.0532510727643966,0.2722919881343841,0.0153014492243528,-0.2115860432386398,-0.1207819804549217,-0.0843172818422317,-0.1225013732910156,0.0650883391499519,-0.1261036843061447,-0.3020419180393219,-0.2263349443674087,0.0830402076244354,-0.0286384038627147,0.0088313873857259,-0.0763283893465995,-0.2103749960660934,-0.1800502836704254,-0.1375429183244705,-0.3608568906784057,0.1703907549381256,-0.3003979325294494,0.2778938412666321,-0.3151816427707672,-0.0646202564239502,-0.2458155900239944,-0.0628028362989425,0.0780941396951675,0.3737423717975616,0.102899432182312,0.0965847000479698,-0.1592098772525787,-0.006977426353842,-0.2381846308708191,0.2707457542419433,-0.1318573206663131,-0.0529807172715663,-0.085227183997631,-0.0301060229539871,0.0940113067626953,-0.1206417381763458,0.0759671330451965,-0.113183245062828,-0.5555395483970642,0.1051596626639366,0.2100897431373596,-0.3892076909542084,-0.1764570921659469,-0.0453115403652191,0.1075341030955314,-0.1734387427568435,0.3072400093078613,0.0450941398739814,-0.0363014973700046,0.219620406627655,0.1670665889978408,0.1213753074407577,0.2237298637628555,0.2625896036624908,0.5388273596763611,0.3234616219997406,1
s_000473,주변 사람들은 다들 결혼하는데 여자친구도 없는 내가 너무 한심해. [SEP] 결혼이 늦어져서 고민이 많으시군요. [SEP] 연애를 시작하는 것조차 어려워. 누군가 나타나겠지? [SEP] 매우 괴롭지만 좋은 인연을 기다리고 계시는군요? [SEP] 인연을 기다리는 너무 힘들어. [SEP] 인연을 조금이라도 빨리 왔으면 하는 바람이군요?,E58,Pro_03709,Pro_03709_00023,Pro_03709,-0.077955812215805,-0.1922071278095245,-0.2827044129371643,-0.2448665350675583,0.1140326112508773,0.0904614105820655,-0.1644248068332672,-0.0615581199526786,0.0321276523172855,0.2701019644737243,0.0239539518952369,-0.195858895778656,-0.1319228112697601,-0.0291222371160984,-0.0538117699325084,0.0499518997967243,-0.0669411420822143,-0.2949845194816589,-0.2427804917097091,0.0487673915922641,-0.0872445404529571,0.0384409166872501,-0.0942891910672187,-0.1592315733432769,-0.0848503708839416,-0.0657765939831733,-0.3917359709739685,0.2200422883033752,-0.2421150058507919,0.2635540962219238,-0.2528059184551239,-0.0891720727086067,-0.2488503903150558,-0.1368193477392196,0.1001561135053634,0.3920821845531463,0.054026823490858,0.0742836594581604,-0.1860336512327194,-0.0062215458601713,-0.2504533529281616,0.2601658701896667,-0.1682918816804886,-0.1074213832616806,-0.1126232370734214,-0.0721677616238594,0.1437487453222274,-0.0990206375718116,0.0144816236570477,-0.1299387663602829,-0.5586585998535156,0.1651040762662887,0.1927313506603241,-0.3215555250644684,-0.1469218134880066,-0.1217173412442207,0.0732534974813461,-0.1888307631015777,0.2909130156040191,0.0276395957916975,0.010272279381752,0.1484126150608062,0.1617655307054519,0.1568463742733001,0.2492896765470504,0.3384611904621124,0.4504741728305816,0.3694391548633575,1
s_000474,하루 열 두시간 씩 일을 하니까 몸이 성한 곳이 없어. [SEP] 몸이 성하지 않으시군요. 좀 더 자세히 말씀해주시겠어요? [SEP] 남편이 다쳐서 내가 대신 돈을 벌고 있는데 혼자서는 너무 힘들어. [SEP] 경제적인 부담을 홀로 지고 있어 힘드시군요. 이 상황을 변화시키기 위해 무엇을 할 수 있을까요? [SEP] 남편 친가에 도움을 요청해봐야겠어. [SEP] 남편 친가에서 도움을 받아 상황이 나아지면 좋겠네요.,E46,Pro_05257,Pro_05257_00039,Pro_05257,-0.0749068409204483,-0.1714998334646225,-0.2819747626781463,-0.215308591723442,0.1049607545137405,0.077444776892662,-0.1806527376174926,-0.0709434151649475,0.0267458520829677,0.2663326859474182,0.0005881711258552,-0.2070168107748031,-0.1473022848367691,-0.0126226618885993,-0.0422957576811313,0.043490145355463,-0.0638932138681411,-0.2979574501514435,-0.2624346017837524,0.0405682548880577,-0.1091324985027313,0.0284335166215896,-0.1070453226566314,-0.1790603548288345,-0.0878796279430389,-0.0621060393750667,-0.3992923200130462,0.2133028656244278,-0.2414179891347885,0.2800458669662475,-0.2266760319471359,-0.0724555924534797,-0.2521463930606842,-0.1637578904628753,0.1066884547472,0.3985810875892639,0.0745274946093559,0.0527493432164192,-0.199165791273117,-0.0051476759836077,-0.2497760355472564,0.2762139439582824,-0.1696584373712539,-0.0901029855012893,-0.126333087682724,-0.0733710825443267,0.1557015776634216,-0.1038698107004165,-0.0074349669739604,-0.1308317333459854,-0.5661399960517883,0.1783042699098587,0.182556077837944,-0.3136312961578369,-0.1810861080884933,-0.1577868908643722,0.0780398920178413,-0.1793320029973983,0.2916580438613891,0.0260213557630777,0.0159434899687767,0.1193376332521438,0.1493900865316391,0.1566305756568908,0.2876957952976227,0.3224572539329529,0.4389294385910034,0.3918175101280212,1
s_000475,오늘 특별히 회사에서 보너스를 받았어. [SEP] 보너스를 받으셔서 기쁘시겠어요. [SEP] 나는 입사한 지 얼마 되지 않았는데 이런 행운이 와서 정말 감사해. [SEP] 입사한 지 얼마 되지 않아 받는 보너스라니 너무 기쁠 것 같네요. [SEP] 그래 앞으로는 더 열심히 일해야겠어. [SEP] 즐거운 직장 생활이 되었으면 좋겠어요.,E61,Pro_03832,Pro_03832_00025,Pro_03832,-0.1969556659460067,-0.1368765085935592,-0.2334804236888885,-0.0100532826036214,-0.0449245832860469,0.1482048034667968,-0.1181964129209518,-0.1417753398418426,0.0099163958802819,0.1854433268308639,-0.0460295267403125,-0.2543547451496124,-0.0962913855910301,0.0583515912294387,0.0965784192085266,0.184417113661766,0.0147918323054909,-0.3110515475273132,-0.2334556579589843,-0.1570312976837158,-0.2386114597320556,0.0766376182436943,-0.0532302185893058,-0.2205958217382431,0.010296725668013,-0.0553314425051212,-0.4155678153038025,0.1920186132192611,-0.1889941841363906,0.2916814386844635,-0.1489525288343429,-0.1286699175834655,-0.2883400917053222,-0.3681209981441498,0.1166052743792533,0.316668301820755,0.0465235859155654,0.0873242765665054,-0.1608137339353561,-0.0718818753957748,-0.137060672044754,0.2040990442037582,-0.2354051917791366,-0.129676803946495,-0.0943440347909927,-0.1611652970314026,0.246106207370758,-0.0811324641108512,-0.0690499767661094,-0.1651093661785125,-0.4440084993839264,0.1583096832036972,-0.0329150520265102,-0.0804811343550682,-0.1627001613378524,-0.2496619969606399,-0.1494796425104141,-0.1351536810398101,0.2890110611915588,0.0838988423347473,0.0532319173216819,-0.0851599723100662,0.1463825106620788,0.1345331817865371,0.4333321750164032,0.4248868823051452,0.2449539601802826,0.2271717488765716,1
s_000476,직장을 구하지 못해서 자꾸 부모님 눈치가 보여. [SEP] 부모님 눈치가 보여서 힘드시겠어요. 앞으로 어떻게 하실 계획인가요? [SEP] 여러 회사에 지원해봐야겠지. [SEP] 눈치에 위축되지 않고 다른 직장을 계속 구하고자 하시는군요. [SEP] 학교에서 따돌림당하고 있어. 너무 외로워. [SEP] 선생님께 도움을 요청해 보는 게 어때요?,E52,Pro_05383,Pro_05383_00032,Pro_05383,-0.1049694716930389,-0.1889231353998184,-0.2598644495010376,-0.2044795900583267,0.0770362094044685,0.1088650375604629,-0.1207044497132301,-0.0674363896250724,0.0302382558584213,0.2319139093160629,0.0226153898984193,-0.1884270310401916,-0.0920275151729583,-0.0341282151639461,-0.0321722812950611,0.085147388279438,-0.0411810018122196,-0.2711340188980102,-0.2012194544076919,0.0099070109426975,-0.0940406844019889,0.0578933879733085,-0.0667682141065597,-0.1392328441143036,-0.0575935468077659,-0.0698390156030654,-0.3602142035961151,0.2027116119861602,-0.2167749553918838,0.2351420223712921,-0.2423664778470993,-0.1061309650540351,-0.2345870286226272,-0.1529702097177505,0.0867512002587318,0.3381745219230652,0.029686851426959,0.103856474161148,-0.1461718678474426,-0.0187755841761827,-0.192225694656372,0.2117617130279541,-0.1668182015419006,-0.1177565827965736,-0.0872076973319053,-0.0868887454271316,0.1404854506254196,-0.0806343629956245,0.0192334353923797,-0.1261552274227142,-0.4834440052509308,0.1368185132741928,0.1352226883172989,-0.2556366622447967,-0.0988690108060836,-0.0978783443570137,0.0028807739727199,-0.1720385253429412,0.2696824073791504,0.0446675531566143,0.0150966830551624,0.1166899874806404,0.161368116736412,0.1377002000808715,0.231679230928421,0.346869945526123,0.381986528635025,0.2792370021343231,1
s_000477,아빠의 재혼으로 인해 우울증이 생겼어. 모든 것이 비관적으로 보여. [SEP] 우울증으로 인해 많이 힘드시겠어요. [SEP] 이젠 모든 사람을 믿기 힘들어. 다들 나를 떠날 것 같아. [SEP] 그러한 감정이 들 땐 어떻게 하실 건가요? [SEP] 그냥 혼자 있고 싶어. 아무도 믿고 싶지 않거든. [SEP] 혼자만의 시간으로 감정을 잘 헤아리셨으면 좋겠어요.,E42,Pro_00093,Pro_00093_00015,Pro_00093,-0.1074005588889122,-0.1366391628980636,-0.2839393615722656,-0.2423262596130371,0.0920131132006645,0.0788909420371055,-0.1247366815805435,-0.0500287450850009,0.018480097874999,0.2651981115341186,0.0401679389178752,-0.1741302013397216,-0.1291768699884414,0.0002474039793014,-0.0111271226778626,0.0371037051081657,-0.0222327131778001,-0.2801075875759125,-0.240373745560646,0.0320390649139881,-0.1151740401983261,0.06451266258955,-0.1014436781406402,-0.1046646609902381,-0.0121052274480462,-0.0138819981366395,-0.4014879167079925,0.2550885081291199,-0.1941244602203369,0.2385407537221908,-0.2147051244974136,-0.1113913059234619,-0.2422661632299423,-0.1694855540990829,0.1100377589464187,0.3955077230930328,0.0071312435902655,0.0684266984462738,-0.1943658888339996,-0.0032832319848239,-0.2525694072246551,0.240187332034111,-0.1882429420948028,-0.1515614539384842,-0.1251560747623443,-0.0994506403803825,0.1680518239736557,-0.0779074653983116,-0.0193297695368528,-0.1377698183059692,-0.5478556752204895,0.199742779135704,0.1846252530813217,-0.27127605676651,-0.102894589304924,-0.153523176908493,0.0463871508836746,-0.2016567587852478,0.2718344330787658,0.0144831230863928,0.0419564358890056,0.110366478562355,0.160844475030899,0.1796191185712814,0.239643782377243,0.3921402990818023,0.3839441239833832,0.3866573572158813,1
s_000478,회사에서 경기가 어렵다고 우리 팀원 중 두 명을 권고사직시키라고 하는데 말이야. 그 두 명을 나보고 선택하고 하니까 너무 힘드네. [SEP] 두 명을 골라서 권고사직시키라고요? 두 명을 어떻게 선택하라는 것인가요? [SEP] 그러니까 내가 답답하다는 거지. 다들 맡아서 하던 일이 있고 그 사람들이 없으면 나머지 사람들이 일을 나눠 하게 되면 더 힘들게 되거든. 하루아침에 직장을 그만두면 그 사람들은 무엇을 먹고살라는 것인지 말이야. [SEP] 진짜 괴로우시겠어요. 두 명이 될 사람들의 처지를 생각하시니 쉽사리 결정하시기가 힘들죠. [SEP] 정말 괴로운 상황이야. 우리 임금을 좀 낮추고 같이 일하게 해달라고 해야 하나 고민 중이야. [SEP] 임금을 인하해서 이 고비를 넘겨보자는 제안은 좋을 것 같은데요.,E48,Pro_08979,Pro_08979_00027,Pro_08979,-0.07955302298069,-0.189576506614685,-0.2784520983695984,-0.1997160166501999,0.0983432754874229,0.0914265140891075,-0.1883160322904586,-0.0823341161012649,0.0302104987204074,0.2633794546127319,-0.0065546664409339,-0.220084086060524,-0.1441331505775451,-0.0144351832568645,-0.0418825522065162,0.0642595067620277,-0.0719861611723899,-0.3080979883670807,-0.2617099285125732,0.0249464306980371,-0.1137535497546196,0.0257744826376438,-0.0986866578459739,-0.2021038234233856,-0.1012648567557334,-0.0782830417156219,-0.4021081328392029,0.2027520835399627,-0.2537760436534881,0.2911162674427032,-0.2352605164051056,-0.0740836635231971,-0.2613934874534607,-0.1764751672744751,0.1057714372873306,0.3931754827499389,0.085591584444046,0.0593367703258991,-0.1946562081575393,-0.0141245080158114,-0.2425876706838607,0.2768630385398865,-0.1728604584932327,-0.0831535309553146,-0.1188543587923049,-0.0747187510132789,0.1593257933855056,-0.1095295995473861,-0.0016012160340324,-0.1337854862213134,-0.5633262991905212,0.1658143252134323,0.165812149643898,-0.3100786507129669,-0.1934535056352615,-0.1576170027256012,0.0640044659376144,-0.1733899265527725,0.3008876144886017,0.0364258699119091,0.0089933648705482,0.1134627982974052,0.1519145518541336,0.1490619778633117,0.3073399364948272,0.321816086769104,0.4461360275745392,0.3722341060638428,1
s_000479,이혼 스트레스가 너무 커서 건강이 나빠져서 결국 병원까지 왔어. 난 다 잃었어. [SEP] 건강이 많이 나빠지셨군요. [SEP] 스트레스 받지 않아야 한다는 것을 알지만 이 허무한 마음을 떨쳐 버릴 수가 없어. [SEP] 스트레스를 많이 받으시는군요. 좋은 방법이 없을까요? [SEP] 다른 이혼한 사람에게 조언을 구해봐야겠어. [SEP] 부디 몸 과 마음이 회복되기 바랄게요,E28,Pro_07279,Pro_07279_00025,Pro_07279,-0.0624842718243598,-0.198987990617752,-0.2721229195594787,-0.2557989656925201,0.1213671714067459,0.084140658378601,-0.1448265314102172,-0.0482233390212059,0.0353535301983356,0.2521103024482727,0.0285470690578222,-0.1766165494918823,-0.1084277778863906,-0.057131852954626,-0.0772107914090156,0.0410565324127674,-0.0677108243107795,-0.264830619096756,-0.2113063931465149,0.0709583386778831,-0.0536419339478015,0.038203977048397,-0.0842752084136009,-0.1339116990566253,-0.0958008840680122,-0.0773424729704856,-0.3501028418540954,0.2006300538778305,-0.235370859503746,0.2345183044672012,-0.2617414593696594,-0.0812361687421798,-0.2209964096546173,-0.0860502943396568,0.082066535949707,0.3590198755264282,0.0474993996322155,0.0902861282229423,-0.1561770886182785,0.0022869443055242,-0.2201927751302719,0.2363036721944809,-0.1414917111396789,-0.0948119387030601,-0.0972632765769958,-0.0561037547886371,0.1091175302863121,-0.0892794504761695,0.0375520586967468,-0.1128817498683929,-0.5165504217147827,0.1395376920700073,0.195734217762947,-0.3241682946681976,-0.1138126626610755,-0.0697321742773056,0.0743233263492584,-0.1794755160808563,0.2691245973110199,0.0284384433180093,0.0014762085629627,0.1748339980840683,0.1580632925033569,0.1393121927976608,0.1924208849668502,0.3011204898357391,0.4403735101222992,0.3262330889701843,1
s_000480,아내와 어제 또 다퉜어. 아내는 다른 사람과 재혼할 기회가 생기면 나와 이혼 할 거야. [SEP] 아내와 다퉈서 속상하셨겠군요. [SEP] 점점 다투는 날이 많아지는 것 같아 그럴 때마다 너무 힘들어. [SEP] 부부관계의 어려움을 느끼고 계시는군요. 어떻게 하면 지금의 상황을 변화시킬 수 있을까요? [SEP] 부부 상담을 받아봐야 될 것 같아. [SEP] 부부 상담으로 현재 상황이 잘 풀렸으면 좋겠어요.,E26,Pro_07037,Pro_07037_00028,Pro_07037,-0.0260548628866672,-0.2108824104070663,-0.2942478358745575,-0.2872695326805115,0.1613399237394333,0.0646607354283332,-0.2037558555603027,-0.0482107326388359,0.0393290296196937,0.2900523543357849,0.018355855718255,-0.19327974319458,-0.1535810083150863,-0.0552580915391445,-0.1069932952523231,0.0069902148097753,-0.1046106368303299,-0.2935574054718017,-0.2592483460903168,0.1118995025753974,-0.0456076525151729,0.0084629980847239,-0.1137134134769439,-0.174578309059143,-0.143454298377037,-0.0862664654850959,-0.381336510181427,0.206177681684494,-0.2730220854282379,0.2746068835258484,-0.2744405567646026,-0.0528374426066875,-0.2379882633686065,-0.0685148388147354,0.0947038307785987,0.4129707515239715,0.09078399091959,0.0556326620280742,-0.1975821107625961,0.0145046627148985,-0.2768430113792419,0.294260174036026,-0.1376860588788986,-0.0668121501803398,-0.1234089136123657,-0.0340370126068592,0.1091445907950401,-0.1148216277360916,0.0354330986738204,-0.1146832257509231,-0.593177318572998,0.1622990071773529,0.25124391913414,-0.3976451456546783,-0.1838366687297821,-0.0958218052983284,0.1528747975826263,-0.1898200362920761,0.2956344187259674,0.0144021371379494,-0.0103130144998431,0.2076711058616638,0.1548814922571182,0.1521037220954895,0.224019169807434,0.2728590965270996,0.5235881209373474,0.4186491966247558,1
s_000481,아무리 밤 새 공부해도 성적 상위권이 되기는 어렵네. [SEP] 밤 새 공부했다면 정말 열심히 했을 텐데 기대만큼 성적이 나오지 않아서 많이 실망했겠어요. [SEP] 나는 머리가 나쁜가봐. [SEP] 주변에 조언을 구할사람이 없을까요? [SEP] 주변사람이 나에게 도움이 될까? [SEP] 조언이 도움이 될 수도 있어요.,E28,Pro_01759,Pro_01759_00021,Pro_01759,-0.0400647521018981,-0.2053838670253753,-0.2846572399139404,-0.3050354421138763,0.1539360284805297,0.0708423405885696,-0.1533304452896118,-0.0301224663853645,0.0387113727629184,0.2728656232357025,0.0460612028837204,-0.1629679203033447,-0.1188512220978736,-0.0707717537879943,-0.1041190922260284,0.0100387949496507,-0.0815882831811904,-0.2633335292339325,-0.2167358249425888,0.113271988928318,-0.0249601602554321,0.0324620865285396,-0.095274269580841,-0.1168184429407119,-0.1083555817604065,-0.0730238631367683,-0.3506591022014618,0.2132680416107177,-0.2432925850152969,0.228689432144165,-0.2801871299743652,-0.0759127214550972,-0.2145872861146927,-0.039106797426939,0.081473171710968,0.3803538978099823,0.0447320640087127,0.0852137804031372,-0.166274607181549,0.0164180696010589,-0.2495708614587783,0.2495560497045517,-0.131356880068779,-0.0963158309459686,-0.1043286547064781,-0.040479902178049,0.0918408930301666,-0.0922941043972969,0.0506407171487808,-0.1077736988663673,-0.5456520915031433,0.1476252228021621,0.2440482676029205,-0.3695115447044372,-0.1090440526604652,-0.0487776659429073,0.121690921485424,-0.194289818406105,0.2703522145748138,0.0142147708684206,-0.0040534995496273,0.2196329683065414,0.1622192710638046,0.1489685177803039,0.1559411287307739,0.2921271622180938,0.4817625284194946,0.3652469217777252,1
s_000482,알고 보니 친구 녀석이 노후자금이 풍족한 게 집이 부잣집 이어서 그랬네. [SEP] 친구분이 집이 부자인가 보네요. [SEP] 한때는 열등감이 있을 정도로 부러웠었지. 지금도 아니라곤 말 못 하지만. [SEP] 그러면 지금 그 친구분을 보면 어떤 생각이 드시나요? [SEP] 그래도 티 많이 안내면서 돈을 잘 썼어. 지금도 좋은 친구야. [SEP] 친구분을 많이 좋아하시는군요.,E54,Pro_07185,Pro_07185_00014,Pro_07185,-0.1137103587388992,-0.2292199879884719,-0.2644872069358825,-0.1955353170633316,0.0760966762900352,0.1377601623535156,-0.1484094709157943,-0.088299848139286,0.0382276363670825,0.2464346587657928,0.0181701742112636,-0.2178747802972793,-0.100291259586811,-0.0316964946687221,-0.0328116677701473,0.1200437396764755,-0.0644832178950309,-0.3079390525817871,-0.2159295231103897,-0.0138072837144136,-0.1049751192331314,0.0520287491381168,-0.0574259385466575,-0.1896606087684631,-0.0842521265149116,-0.095450647175312,-0.388320118188858,0.1990982443094253,-0.2500871419906616,0.2687439322471618,-0.2687402367591858,-0.1150182336568832,-0.2658367455005646,-0.1810406744480133,0.0934535413980484,0.3542146980762481,0.050773050636053,0.1105104088783264,-0.1555525362491607,-0.035902265459299,-0.2082391828298568,0.2295058220624923,-0.1836443990468979,-0.1149124056100845,-0.0807039812207222,-0.0913873240351677,0.1571872979402542,-0.0982431024312973,0.0287887658923864,-0.1393831074237823,-0.5144081711769104,0.1261574774980545,0.1233759298920631,-0.2701576054096222,-0.1343550384044647,-0.1097906753420829,-0.0060478379018604,-0.1738686859607696,0.3015704154968261,0.0595329590141773,0.0020068073645234,0.1165157556533813,0.1731267571449279,0.1364177763462066,0.2797561287879944,0.3659512400627136,0.423906534910202,0.2763628363609314,1
s_000483,내가 몸이 아파서 어머니께 도움이 하나도 못 되는 거 같아서 슬퍼. [SEP] 어머니께 도움이 못 되는 거 같아 슬프시군요. [SEP] 나를 위해 혼자 돈을 버시는데 내가 도움이 될 수 없어 힘드실 거야. [SEP] 도움이 될 수 없어서 힘드시군요. 어떻게 어머니를 기쁘게 도와드릴 수 있을까요? [SEP] 내가 어떻게 도움이 될 수 있을지 여쭤봐야겠어. [SEP] 대화를 통해 어머니로부터 의미 있는 답변을 들을 수 있길 바랄게요.,E22,Pro_00073,Pro_00073_00004,Pro_00073,-0.0648820102214813,-0.2119797617197036,-0.2827726304531097,-0.2921958267688751,0.1366716027259826,0.0917292311787605,-0.1433357894420623,-0.0398765578866004,0.0387363508343696,0.271692156791687,0.0519756823778152,-0.1710459738969802,-0.1117519736289978,-0.0604832358658313,-0.0835714861750602,0.0378530025482177,-0.0733192265033721,-0.2760466933250427,-0.2131094485521316,0.0823929235339164,-0.0428237952291965,0.0449371300637722,-0.0837466493248939,-0.1217906475067138,-0.0900960117578506,-0.0708115175366401,-0.3651245236396789,0.2216795980930328,-0.2403683066368103,0.2323485910892486,-0.2831153273582458,-0.0969428345561027,-0.2292596697807312,-0.0726675912737846,0.0859362930059433,0.3784646093845367,0.0316841527819633,0.0970226824283599,-0.1646671146154403,0.0029264194890856,-0.2469887733459472,0.2396158427000045,-0.1503759920597076,-0.1168003305792808,-0.0972636863589286,-0.058017112314701,0.1109002083539962,-0.0905562713742256,0.0471340119838714,-0.1188262403011322,-0.5420650243759155,0.1461858302354812,0.2207272201776504,-0.3448553085327148,-0.0993074104189872,-0.0597413592040538,0.08748609572649,-0.1976934224367141,0.2788834869861603,0.0232484526932239,0.0004587061412166,0.2003703415393829,0.171062558889389,0.1526981443166732,0.1755594462156295,0.3304352164268493,0.467717170715332,0.3456799983978271,1
s_000484,내가 회사 월간지를 담당하는데 많이 죄송하고 부끄러운 일이 있었어. [SEP] 어떤 일이 죄송하고 부끄러웠는지 여쭤봐도 될까요? [SEP] 월간지 안에 경조사를 올리는 부분이 있어. 조의를 표한다고 해야 하는데 조이라고 잘 못 기재를 한 거야. [SEP] 오타가 났었군요.  많이 속상하셨을 것 같아요. [SEP] 어처구니없는 실수를 한 거 같아. [SEP] 부끄러운 실수를 하게 되어 많이 후회하고 계시는군요.,E56,Pro_08987,Pro_08987_00006,Pro_08987,-0.1350147426128387,-0.169215127825737,-0.2533930242061615,-0.163580060005188,0.0440192408859729,0.1193408146500587,-0.1067955270409584,-0.0811236128211021,0.0235822778195142,0.2196246534585952,0.0146863106638193,-0.197282999753952,-0.088001362979412,-0.0093132844194769,0.0060889380984008,0.108997069299221,-0.0181733034551143,-0.2764616906642914,-0.2030108422040939,-0.0334740728139877,-0.1308324187994003,0.0706963464617729,-0.0614655800163745,-0.1426174491643905,-0.0243154838681221,-0.0562245994806289,-0.3735046684741974,0.20882248878479,-0.1993433535099029,0.239192858338356,-0.2176172286272049,-0.1204702034592628,-0.245268315076828,-0.2085780203342437,0.09431042522192,0.3308975100517273,0.0185483582317829,0.1041534543037414,-0.1475569307804107,-0.0315770357847213,-0.1781719326972961,0.2006487250328064,-0.1875041276216507,-0.1341862678527832,-0.0878985002636909,-0.1108660995960235,0.1688582152128219,-0.0747118294239044,-0.0043118516914546,-0.1370070576667785,-0.4676398336887359,0.1458253413438797,0.0940294116735458,-0.2033071517944336,-0.0960121303796768,-0.1334061026573181,-0.0427820235490798,-0.1676645427942276,0.2696212232112884,0.0521628446877002,0.0299238935112953,0.0657348185777664,0.1603322327136993,0.1414195597171783,0.2693755030632019,0.3810157775878906,0.3356032073497772,0.2630873322486877,1
s_000485,김 씨가 이혼 당했대. 암에 걸린 것도 슬픈데 이혼까지 당해서 불쌍해서 어떻게 해. [SEP] 슬픈 소식이네요. 당신이 슬퍼하는 것도 이해가 가요. [SEP] 김 씨는 특히 나와 친한 사람이었는데. 너무 불쌍하다 [SEP] 친한 김 씨가 그런 일을 당하니 슬프시군요. 어떻게 하면 지금의 기분에서 나아지실 수 있을까요? [SEP] 김 씨를 찾아가 위로를 해줄까 해. 서로 이야기 하다 보면 기분도 나아질 것 같아. [SEP] 김 씨와의 대화로 기분이 풀렸으면 좋겠어요.,E20,Pro_11291,Pro_11291_00001,Pro_11291,-0.0390307754278183,-0.2535679042339325,-0.2909447848796844,-0.333341509103775,0.1706036776304245,0.0970637649297714,-0.1645334213972091,-0.032851692289114,0.05019436404109,0.2901250422000885,0.0636016577482223,-0.1720487028360366,-0.114941269159317,-0.088542029261589,-0.124642014503479,0.0308665540069341,-0.1068098396062851,-0.2854984700679779,-0.2120828479528427,0.1171061769127845,-0.0046095559373497,0.0320896096527576,-0.0815191194415092,-0.135254681110382,-0.1337892264127731,-0.09665247797966,-0.3613842725753784,0.2152087539434433,-0.2716198563575744,0.2383510023355484,-0.3241100907325744,-0.0904481261968612,-0.2309433668851852,-0.0205809958279132,0.0793242454528808,0.3897064924240112,0.0467811301350593,0.1052597537636756,-0.1633839160203933,0.0080358330160379,-0.2666099667549133,0.2534974813461303,-0.1361038833856582,-0.1030933931469917,-0.0899826735258102,-0.0354000404477119,0.0860029980540275,-0.1026654839515686,0.0803835988044738,-0.1132097318768501,-0.565645694732666,0.1286852955818176,0.2571219503879547,-0.3996610939502716,-0.1084353849291801,-0.0191874913871288,0.1271139681339264,-0.2047888934612274,0.2921655774116516,0.0227767955511808,-0.0215492378920316,0.2559050023555755,0.1800978034734726,0.1480531394481659,0.14857117831707,0.3079270124435425,0.5344583988189697,0.353796124458313,1
s_000486,오늘도 예전과 같이 교실에서 학교폭력이 일어날 뻔했어. 그런데 선생님이 그 현장을 목격해서 너무 다행이야. [SEP] 폭력이 일어나기 전에 선생님이 그 자리에 계셨군요. [SEP] 당분간은 교실이 조용해져서 다행이야. 그리고 그 친구도 선생님과의 상담을 통해서 더 나아졌으면 좋겠어. [SEP] 선생님과 상담을 통해서 그 친구가 나아지길 바라는군요.,E67,Pro_00358,Pro_00358_00014,Pro_00358,-0.1650028824806213,-0.1499447226524353,-0.2444489598274231,-0.0714286044239997,-0.0039644795469939,0.131626084446907,-0.1268995404243469,-0.1195398792624473,0.0155414212495088,0.2041285783052444,-0.0282817743718624,-0.2366698384284973,-0.102388709783554,0.0330253280699253,0.0560550428926944,0.1485228389501571,-0.005124807357788,-0.3020542860031128,-0.2317927628755569,-0.1022763401269912,-0.1972056031227111,0.066902108490467,-0.0629478469491005,-0.2009619772434234,-0.0144272008910775,-0.0585585832595825,-0.4036774039268493,0.1965041011571884,-0.2005193531513214,0.2803017795085907,-0.1751704663038253,-0.1169736236333847,-0.2740118205547333,-0.3064735233783722,0.1100733503699302,0.3313290774822235,0.0474501922726631,0.0853267014026641,-0.1633554250001907,-0.0536688081920146,-0.1615307033061981,0.2151048630475998,-0.2147471755743026,-0.1220574304461479,-0.0975371152162551,-0.1367231607437133,0.2161201238632202,-0.0839464664459228,-0.0459129102528095,-0.1536699533462524,-0.4677833020687103,0.1573939323425293,0.0251241847872734,-0.1430734992027282,-0.1542476415634155,-0.2120631784200668,-0.0932645872235298,-0.147227942943573,0.2856622338294983,0.0693261623382568,0.0418310388922691,-0.0233586020767688,0.1490704268217086,0.137917086482048,0.3789824247360229,0.3971617519855499,0.2938351631164551,0.2581282258033752,1
s_000487,갑작스럽게 다쳤는데 주변에 아무도 도와줄 사람이 없어서 당혹스러워. [SEP] 다쳤는데 도와줄 사람이 없어서 많이 당혹스러웠겠어요. [SEP] 나를 도와줄 있는 사람이 있으면 좋겠어. [SEP] 어떻게 해야 그런 분을 찾을 수 있을까요? [SEP] 회관이라도 다녀야겠어. 그러면 한 명쯤은 친해지겠지. [SEP] 좋은 분과 만날 수 있길 바라요.,E51,Pro_12222,Pro_12222_00002,Pro_12222,-0.1621548533439636,-0.2057569772005081,-0.2711954712867737,-0.2166206985712051,0.0555557794868946,0.1560963839292526,-0.0998802408576011,-0.0787707194685936,0.031085142865777,0.2557017505168915,0.0603827163577079,-0.1997741162776947,-0.0885501503944397,-0.006107008550316,0.0127598382532596,0.1341404616832733,-0.0249661915004253,-0.3131950497627258,-0.2050221711397171,-0.0450078248977661,-0.1291439831256866,0.092452123761177,-0.0482736825942993,-0.1346761286258697,-0.0029177470132708,-0.0477153360843658,-0.4158011376857757,0.2518703937530517,-0.2116805464029312,0.2442933768033981,-0.2635530829429626,-0.167666345834732,-0.2775128483772278,-0.2187843024730682,0.1059296578168869,0.3661590218544006,-0.0171591471880674,0.1279458701610565,-0.1621829867362976,-0.0454621873795986,-0.2258845716714859,0.2003264278173446,-0.2219030410051345,-0.1894367933273315,-0.0800713375210762,-0.1301535964012146,0.1909200847148895,-0.078462466597557,0.0116265108808875,-0.1592159271240234,-0.5162214040756226,0.1537297964096069,0.1155121028423309,-0.2210858315229416,-0.0676212981343269,-0.1268908083438873,-0.0519798956811428,-0.2028914391994476,0.2996593415737152,0.0538646578788757,0.0295767895877361,0.0945497676730156,0.1930070519447326,0.1676032245159149,0.26500403881073,0.4694459438323974,0.3786089420318603,0.2783891856670379,1
s_000488,따돌림을 당하고 나니 세상에는 못된 사람들만 존재하는 것 같다는 회의감만 들어. [SEP] 상심이 크시군요. [SEP] 왜 내 주위에는 그런 사람이 없는 거지. [SEP] 주위에 좋은 사람이 없어서 불안하시군요.,E36,Pro_01887,Pro_01887_00003,Pro_01887,-0.0424605794250965,-0.2234550863504409,-0.2724137306213379,-0.2761832773685455,0.1406684517860412,0.0842440649867057,-0.1538266539573669,-0.0427317582070827,0.0423816628754138,0.2551546692848205,0.0314877517521381,-0.174096941947937,-0.1043468192219734,-0.0800073370337486,-0.1064565256237983,0.0353883877396583,-0.087317369878292,-0.2612752616405487,-0.2031066566705703,0.0949175953865051,-0.0248993150889873,0.0286924187093973,-0.0807903334498405,-0.1391479969024658,-0.126496747136116,-0.0973154082894325,-0.3346888422966003,0.1874143779277801,-0.2521135210990906,0.2320853620767593,-0.2846766412258148,-0.0718451216816902,-0.2137982100248336,-0.0454017780721187,0.073017843067646,0.3541226983070373,0.0588863007724285,0.0974282622337341,-0.1466943621635437,0.0072475406341254,-0.2195794880390167,0.2387581914663314,-0.1245377138257026,-0.0784746035933494,-0.0893232524394989,-0.0380669683218002,0.0854601338505745,-0.0942608043551445,0.0611218176782131,-0.1041899546980857,-0.5162838101387024,0.1214415282011032,0.213635578751564,-0.3548703789710998,-0.1151871606707573,-0.0351893752813339,0.0962173342704773,-0.1776581704616546,0.2702148854732513,0.0294669084250926,-0.0138461347669363,0.2098167836666107,0.1598786413669586,0.1294435262680053,0.1666902303695678,0.272154837846756,0.4730967283248901,0.3171703517436981,1
s_000489,간만에 손님들이 들이닥쳐서 눈코 뜰 새 없이 바쁘네. 정신이 하나도 없어. [SEP] 오랜만에 손님들이 많은가 봐요? [SEP] 응. 정신은 조금 없지만 바쁘게 움직이니까 기분이 좋아. [SEP] 바쁘게 일을 하셔서 행복하시군요.,E68,Pro_07439,Pro_07439_00001,Pro_07439,-0.1645813733339309,-0.1680884957313537,-0.2416520118713379,-0.0786835178732872,-0.0011692655971273,0.1414080709218979,-0.1222151741385459,-0.1188846454024314,0.019931137561798,0.2018129378557205,-0.0221317242830991,-0.2355293482542038,-0.0917888283729553,0.0207629092037677,0.0467593856155872,0.1580558270215988,-0.0112395836040377,-0.3009831309318542,-0.2192992866039276,-0.1013418957591056,-0.1850064694881439,0.0686520636081695,-0.0529960505664348,-0.2007640600204467,-0.0229094941169023,-0.069948174059391,-0.3954697251319885,0.1906654685735702,-0.2064863592386245,0.2750443518161773,-0.1915922462940216,-0.121898129582405,-0.2725084722042084,-0.2934827804565429,0.104163646697998,0.3211656510829925,0.0447611398994922,0.0986446514725685,-0.1516963094472885,-0.0564190857112407,-0.1540917307138443,0.2061967253684997,-0.2108079046010971,-0.1223705559968948,-0.0865742340683937,-0.1334210634231567,0.2071534842252731,-0.0836417526006698,-0.0306197144091129,-0.1516566723585128,-0.4566896557807922,0.1422792077064514,0.0231274962425231,-0.1472481787204742,-0.1427999138832092,-0.1898933351039886,-0.0994143187999725,-0.1466170102357864,0.2864593267440796,0.0746036544442176,0.0344743989408016,-0.0089685721322894,0.1542353630065918,0.1315207034349441,0.3639296889305115,0.3953902125358581,0.3019689619541168,0.2348277419805526,1
s_000490,노년기가 되고 나니 노동력을 상실했어. 슬프다. [SEP] 노동력을 상실해서 슬프셨군요. [SEP] 이제는 무슨 일을 하기에는 너무 힘에 겨워. 자녀 얼굴을 보기에도 부끄럽다. [SEP] 부끄러움에서 벗어나기 위해 도움되는 일이 있을까요? [SEP] 간단한 부업 같은 거라도 찾아봐야겠어. [SEP] 좋은 기회가 왔으면 좋겠어요.,E25,Pro_10876,Pro_10876_00010,Pro_10876,-0.0667103454470634,-0.2024962306022644,-0.2698256373405456,-0.22072534263134,0.1085519045591354,0.0900303721427917,-0.1661091148853302,-0.0671792924404144,0.0348878055810928,0.2495414018630981,0.0058118640445172,-0.1994457989931106,-0.1188593953847885,-0.044590339064598,-0.0666556879878044,0.0579916909337043,-0.0739416182041168,-0.281154066324234,-0.228123664855957,0.0479892306029796,-0.0767049938440322,0.0288760587573051,-0.0859599262475967,-0.1733021289110183,-0.109868548810482,-0.0893260091543197,-0.3638723492622375,0.1885159611701965,-0.2483151257038116,0.2605848014354706,-0.2522920072078705,-0.0727923065423965,-0.2361611127853393,-0.1227592602372169,0.0879067704081535,0.3628832697868347,0.0728654786944389,0.080392025411129,-0.1646588444709777,-0.0067761954851448,-0.2172603160142898,0.2511980235576629,-0.1490265876054763,-0.0782086327672004,-0.1010956913232803,-0.0600782595574855,0.1250306665897369,-0.0995018631219863,0.0260824039578437,-0.1186208724975586,-0.5252878069877625,0.1394243985414505,0.1730898320674896,-0.3160891830921173,-0.1534156203269958,-0.1002207547426223,0.0644055977463722,-0.168872982263565,0.281896024942398,0.0373002849519252,-0.0006264261319302,0.1474726349115371,0.1530058681964874,0.1341970413923263,0.2441593408584594,0.2947941422462463,0.4421895742416382,0.3281944394111633,1
s_000491,지금 내가 맡은 업무를 잘하고 있는 것인지 모르겠어. 보람도 없고 힘도 나지 않아. [SEP] 맡은 업무가 적성에 맞지 않는 것 같아 혼란스러우시군요. 속내를 털어놓을 만한 주변 사람이 있을까요? [SEP] 아무래도 직장 상사와 이야기해보고 내 고민을 해결해봐야겠어. 업무에 대해서도 나에 대해서도 어느 정도 잘 알고 있으니까. [SEP] 직장 상사와의 대화를 통해 고민을 해결하시려는군요.,E34,Pro_03805,Pro_03805_00021,Pro_03805,-0.089083731174469,-0.2168437093496322,-0.2685440182685852,-0.2060953974723816,0.0931593105196952,0.1137063801288604,-0.1634862422943115,-0.0801068842411041,0.036666139960289,0.250524491071701,0.0089641418308019,-0.2125581949949264,-0.1139765903353691,-0.0359283126890659,-0.0497100390493869,0.0892146378755569,-0.0720153823494911,-0.2988559305667877,-0.2274842709302902,0.0164329670369625,-0.0937421023845672,0.0377974435687065,-0.0738551318645477,-0.1886237859725952,-0.1010010167956352,-0.0938348546624183,-0.3806182742118835,0.1934869438409805,-0.252964973449707,0.270511120557785,-0.2601276338100433,-0.09173184633255,-0.2544460892677307,-0.1562679260969162,0.0925551503896713,0.3631690442562103,0.0671297833323478,0.092030182480812,-0.1642818450927734,-0.0218547321856021,-0.2167354971170425,0.246027186512947,-0.1677678376436233,-0.0936837494373321,-0.0932495966553688,-0.075375847518444,0.1438167840242386,-0.1017130985856056,0.0254958011209964,-0.1302412301301956,-0.5267564058303833,0.1348412334918975,0.1491864323616027,-0.2968726754188537,-0.1529902666807174,-0.1111436486244201,0.0327381715178489,-0.1711879223585128,0.2952875792980194,0.0485248491168022,2.5082379579544067e-05,0.1303790062665939,0.1625358909368515,0.1360534429550171,0.2708227634429931,0.3292764723300934,0.4384450018405914,0.3090830147266388,1
s_000492,자식 둘이서 서로 우리를 모시지 않겠다고 싸워 속상해. [SEP] 자식이 둘이나 있는데 둘 다 모시기 싫다고 해서 속상하셨겠어요. [SEP] 그동안 키운 게 누군데 이제 와서 그런 소릴 듣다니 너무 화가 났어. [SEP] 지금 이 기분에서 벗어나기 위해 할 수 있는 일에 어떤 것이 있을까요? [SEP] 혼자 산에 가서 명상하다 와야겠어. [SEP] 산에 가서 명상하며 마음을 다스리려 하시는군요.,E12,Pro_09783,Pro_09783_00032,Pro_09783,-0.0089896880090236,-0.2720295786857605,-0.2888532876968384,-0.3227715194225311,0.1845254898071289,0.0882889106869697,-0.1988072991371154,-0.0407349206507205,0.0554918050765991,0.2885643243789673,0.0379030108451843,-0.18697389960289,-0.1252689957618713,-0.1030661687254905,-0.1526299715042114,0.0243913307785987,-0.134324237704277,-0.2880772650241852,-0.2228124290704727,0.1349244117736816,0.0090579930692911,0.0059603080153465,-0.087511345744133,-0.1753808706998825,-0.1858886629343032,-0.1277139037847519,-0.3495629429817199,0.1838964372873306,-0.299144446849823,0.2587148547172546,-0.3305786848068237,-0.0585487894713878,-0.2283989638090133,0.0003726798749994,0.0734452158212661,0.3876984417438507,0.0911467522382736,0.0937954038381576,-0.1629160940647125,0.0124672641977667,-0.2615008950233459,0.2753877639770508,-0.1147606447339057,-0.0568090975284576,-0.0911261066794395,-0.0116421617567539,0.0675865411758422,-0.1175901964306831,0.091344729065895,-0.1030365005135536,-0.5720754265785217,0.1125826239585876,0.263442724943161,-0.4304796457290649,-0.1551025658845901,-0.0117782382294535,0.1570508033037185,-0.188680350780487,0.2982969880104065,0.0269274618476629,-0.0398168824613094,0.26992067694664,0.1695636659860611,0.1303314268589019,0.1642113029956817,0.2478368580341339,0.570456326007843,0.3576064109802246,1
s_000493,내가 융통성이 없어서 상사의 말을 잘 넘어가질 못해 힘들어. [SEP] 상사의 말을 쉽게 넘기지 못해 힘드셨군요. [SEP] 응. 융통성 있게 넘기기가 쉽지 않아. [SEP] 그러셨군요. 문제 해결을 위해 어떻게 하실 생각이신가요? [SEP] 조금 더 마음을 열고 유연하도록 노력해야겠어. [SEP] 좀 더 마음을 열고 유연하도록 노력하시려는군요.,E33,Pro_03804,Pro_03804_00013,Pro_03804,-0.0531245954334735,-0.1780547648668289,-0.2879392504692077,-0.2829600870609283,0.1392631381750106,0.0644193291664123,-0.1588613986968994,-0.0382088758051395,0.0311088934540748,0.2754246890544891,0.0353985875844955,-0.1715052127838134,-0.134518951177597,-0.0434886738657951,-0.0771780014038086,0.0086504304781556,-0.0678043141961097,-0.2728707194328308,-0.2381392121315002,0.0941292494535446,-0.0578902289271354,0.0342718996107578,-0.1068379059433937,-0.1241985559463501,-0.0869214609265327,-0.0539734289050102,-0.3732618391513824,0.2253891974687576,-0.2331853806972503,0.2425717264413833,-0.2531494796276092,-0.0762606263160705,-0.2257725745439529,-0.0838400423526763,0.0943056866526603,0.3959646821022033,0.0462164469063282,0.0668424442410469,-0.1860453188419342,0.0136472713202238,-0.2596404254436493,0.2612662017345428,-0.1480316370725631,-0.1033147796988487,-0.1200192272663116,-0.055018950253725,0.1185496672987937,-0.0930830165743827,0.0213631447404623,-0.1170573905110359,-0.561070442199707,0.1725165396928787,0.2331538647413253,-0.3500783145427704,-0.128801628947258,-0.0968517512083053,0.1144321337342262,-0.195399522781372,0.2742800712585449,0.0105769615620374,0.0104824816808104,0.1832636445760727,0.1568340361118316,0.1607682853937149,0.1971299648284912,0.3121950924396515,0.4607546627521515,0.3954669237136841,1
s_000494,아내가 이번에 나 몰래 적금을 깨서 주식을 했는데 돈을 다 잃었다네. 이게 말이 되나? [SEP] 부인께서 상의 없이 적금을 깨서 주식을 하셨군요. [SEP] 심지어 그 돈은 우리 노후 자금으로 준비한 돈인데 이제 곧 나도 일 그만두면 어쩌려고 일을 저지른 건지. [SEP] 노후 자금으로 준비하신 돈이 없어져 상심이 크시겠어요.,E18,Pro_10869,Pro_10869_00004,Pro_10869,-0.0613053999841213,-0.2077183574438095,-0.2739839255809784,-0.2671879231929779,0.1269922256469726,0.0879667699337005,-0.1442597955465316,-0.0457594841718673,0.0376216545701026,0.256337821483612,0.0353815034031868,-0.1749217063188552,-0.10662192851305,-0.0623371861875057,-0.0829966962337493,0.0419423393905162,-0.0718790143728256,-0.2668733298778534,-0.2084013521671295,0.0756916478276252,-0.0461931824684143,0.0393162705004215,-0.0817758738994598,-0.1315884441137313,-0.0988146439194679,-0.0799112915992736,-0.3504777550697326,0.2031040340662002,-0.2391308099031448,0.2327127158641815,-0.271813303232193,-0.0850751027464866,-0.2219728082418441,-0.0767371356487274,0.0809549540281295,0.3609726428985595,0.0443016067147254,0.0952035337686538,-0.1548723131418228,0.0022461935877799,-0.2247154414653778,0.2354088276624679,-0.1412779539823532,-0.0985251888632774,-0.0943023413419723,-0.0543591529130935,0.1056449264287948,-0.0899211466312408,0.0448745265603065,-0.113095536828041,-0.5202333331108093,0.136364459991455,0.2024639844894409,-0.3322094082832336,-0.1082315444946289,-0.0598114840686321,0.0777889713644981,-0.1833317726850509,0.2716124951839447,0.0284744389355182,-0.0015662709483876,0.1864310353994369,0.1622474044561386,0.140192300081253,0.1833593696355819,0.3050186038017273,0.4509686529636383,0.3249777257442474,1
s_000495,아내 몰래 집 담보 대출을 받아서 사업을 벌였다가 망해서 다 잃어버렸더니 아내와 이혼을 하게 됐어. [SEP] 돈도 잃고 아내도 잃어서 슬프시겠어요. [SEP] 아내에게 너무 미안하고 내가 너무 한심해. [SEP] 마음이 괴로우시겠어요. 이 상황을 개선할 방법이 있을까요? [SEP] 아내에게 사과하고 싶고 다시 제대로 공부해서 돈을 벌고 싶어. [SEP] 아내와 잘 풀리고 일도 잘 풀리길 바랄게요.,E23,Pro_10874,Pro_10874_00009,Pro_10874,-0.0530502684414386,-0.1993612200021743,-0.2760007977485657,-0.2819418609142303,0.1357204318046569,0.0771329998970031,-0.1397341936826706,-0.0358845330774784,0.036523338407278,0.2579890191555023,0.0407708063721656,-0.1639970541000366,-0.1072527915239334,-0.0666328147053718,-0.0900333747267723,0.0250530783087015,-0.0698218271136283,-0.2570152580738067,-0.2061076462268829,0.0926815569400787,-0.0358750782907009,0.0390979312360286,-0.0869686901569366,-0.1146432980895042,-0.0958346053957939,-0.0726477727293968,-0.3431742787361145,0.2069331258535385,-0.2330128699541092,0.2227586358785629,-0.2700300812721252,-0.0811664313077926,-0.2122414708137512,-0.0571800731122493,0.0790181756019592,0.362386018037796,0.038654588162899,0.0921633094549179,-0.1550285965204239,0.010239902883768,-0.2281657755374908,0.2345142960548401,-0.1341458559036255,-0.0991974920034408,-0.0977213308215141,-0.0489767007529735,0.0967223346233367,-0.0863648578524589,0.0459724627435207,-0.1083090677857399,-0.5201885104179382,0.1409180164337158,0.2178553491830825,-0.3407256007194519,-0.0983742624521255,-0.0512327216565609,0.0924472063779831,-0.18650583922863,0.2638107240200043,0.0211191792041063,0.0001350902020931,0.1981570273637771,0.1602425426244735,0.1427936106920242,0.16191266477108,0.2972987294197082,0.4512974321842193,0.3356222212314605,1
s_000496,자식만 바라보고 살았는데 자식도 날 떠나고 남은 사람이 하나도 없네. [SEP] 곁에 남은 사람들이 줄어들어 허탈함을 느끼시는군요. 많이 공허하셨겠어요. [SEP] 이제 내 곁에 있을 사람이나 있을까? 자식들도 날 싫어하고 친구도 없어. [SEP] 이런 상황을 벗어나기 위해선 어떤 일을 하면 좋을까요? [SEP] 자식들과 그래도 대화를 좀 더 해보고 안 나간 지 좀 된 모임에도 나가야겠지. [SEP] 가족 그리고 주변인들과 대화를 많이 나눠서 공허한 마음이 채워졌으면 좋겠어요.,E43,Pro_11374,Pro_11374_00060,Pro_11374,-0.08603236079216,-0.2086483687162399,-0.2678176164627075,-0.2182416170835495,0.0970117300748825,0.1066743806004524,-0.1510472744703292,-0.0703032463788986,0.0354309640824794,0.2476909458637237,0.0166958998888731,-0.1997582763433456,-0.1082001700997352,-0.0410489961504936,-0.0532567091286182,0.0778961554169654,-0.0656689703464508,-0.2861613929271698,-0.2183813601732254,0.027914585545659,-0.0839088186621666,0.0418514907360076,-0.0744441077113151,-0.1668169945478439,-0.092011921107769,-0.0860029682517051,-0.3698237836360931,0.1969698667526245,-0.2426110506057739,0.2555081248283386,-0.2583215236663818,-0.0925559625029563,-0.2432526499032974,-0.1388789415359497,0.0888850688934326,0.3575065732002258,0.0552594661712646,0.0945781916379928,-0.1586881130933761,-0.0158956479281187,-0.2131419330835342,0.2371145784854889,-0.1616058498620987,-0.0988713502883911,-0.0925355479121208,-0.0730256661772728,0.1349288672208786,-0.0949616357684135,0.0279533006250858,-0.1255482584238052,-0.5165385007858276,0.1357116103172302,0.1576498001813888,-0.2961208522319793,-0.1332354247570037,-0.0980276986956596,0.0366221293807029,-0.1735521107912063,0.2848148047924042,0.0433766841888427,0.0028141401708126,0.1391449719667434,0.1617785692214965,0.1370625048875808,0.2446500957012176,0.3266155421733856,0.4292261302471161,0.3067156076431274,1
s_000497,사귀는 사람이 나에게는 말도 없이 혼자 여행을 떠나서 당황스러워. [SEP] 남자친구가 말없이 떠나서 당황스럽겠어요. [SEP] 어디 간다고 미리 얘기한 것도 없고 누구랑 간 건지도 알 수가 없어. [SEP] 자세한 사정을 알 수가 없어 답답하고 당혹스러우시겠군요. 지금 무엇을 하면 사용자님에게 위안이 될까요? [SEP] 지금 기분 같아서는 만나기도 싫고 정이 떨어지는 것 같아. 연락을 않고 있어 볼 거야. [SEP] 연락하지 않아 보려고 하시는군요.,E53,Pro_05144,Pro_05144_00020,Pro_05144,-0.0825615301728248,-0.2559620440006256,-0.2702388763427734,-0.2385781556367874,0.1107216030359268,0.131041869521141,-0.1622046381235122,-0.0748360008001327,0.0467656627297401,0.2584450542926788,0.0277823451906442,-0.2095845192670822,-0.101281352341175,-0.0611717700958251,-0.0752620100975036,0.0998445972800254,-0.090920552611351,-0.3033257722854614,-0.2105356007814407,0.0303792059421539,-0.063172347843647,0.0389599129557609,-0.0593797899782657,-0.1882021874189376,-0.1222187355160713,-0.1141682863235473,-0.3727762997150421,0.1903347969055175,-0.2706831395626068,0.2641701996326446,-0.2992492616176605,-0.10177743434906,-0.2553972005844116,-0.1195869371294975,0.0838794782757759,0.3586543202400207,0.062481839209795,0.114605575799942,-0.1505433022975921,-0.0241698957979679,-0.2203768342733383,0.2386221587657928,-0.1613382846117019,-0.097402773797512,-0.0762013867497444,-0.0654989033937454,0.1252782493829727,-0.1048809215426445,0.0582561865448951,-0.1278689503669738,-0.5271552205085754,0.1113327294588089,0.1642135977745056,-0.3237486481666565,-0.135143831372261,-0.0659845098853111,0.0387134552001953,-0.1779325008392334,0.30287566781044,0.0541190356016159,-0.0162080600857734,0.1727224886417389,0.1760464310646057,0.1302007287740707,0.2379065901041031,0.3301618695259094,0.4756521582603454,0.2851237654685974,1
s_000498,우리 남편에겐 정말 고마워. 애 낳고 나서 남편이 애를 너무 열심히 돌봐주고 있거든. [SEP] 남편분이 육아를 열심히 해 주어 고마우시군요. [SEP] 내가 힘들지 않게 해 주고 싶다고 하더라고. [SEP] ○○님이 힘들지 않길 바라서 남편분이 열심히 육아를 하셨군요. [SEP] 오늘은 남편에게 고맙다고 말해야겠어. [SEP] 남편분에게 고마움을 전하려 하시는군요.,E64,Pro_05275,Pro_05275_00033,Pro_05275,-0.1418627053499221,-0.0998439118266105,-0.2610637843608856,-0.1369822025299072,0.0292984992265701,0.0855670198798179,-0.1133173927664756,-0.0816264227032661,0.0068686008453369,0.2235255688428878,-0.0035521907266229,-0.1969613283872604,-0.1197850033640861,0.0348484069108963,0.0441221445798873,0.0766512900590896,0.0104346582666039,-0.2754376530647278,-0.2409515678882599,-0.0408209674060344,-0.1756401360034942,0.0698171108961105,-0.0937055200338363,-0.1333255469799041,0.0160681866109371,-0.0110525945201516,-0.399462342262268,0.2315524071455001,-0.1702733635902404,0.2507677972316742,-0.1566260606050491,-0.1079537868499755,-0.2476293891668319,-0.2578408122062683,0.1141319200396537,0.3603979349136352,0.0190394017845392,0.0609801486134529,-0.1842460334300995,-0.0224346760660409,-0.1983846575021743,0.2236506789922714,-0.202730044722557,-0.1397507339715957,-0.1242582574486732,-0.1263219565153122,0.2014306485652923,-0.0711833238601684,-0.0594488345086574,-0.1441222727298736,-0.4956946969032287,0.1985391229391098,0.095815010368824,-0.17750084400177,-0.1242606341838836,-0.2099757492542266,-0.0303493868559598,-0.1701833605766296,0.2620525658130646,0.0336203053593635,0.0591786652803421,0.0107668880373239,0.1427261978387832,0.1642734110355377,0.3155108690261841,0.3940341472625732,0.2940009832382202,0.3365578949451446,1
s_000499,나의 사업이 잘되지 않는다는 이유로 아내에게 화풀이했어. 아내가 슬퍼했어. [SEP] 아내에게 화풀이해서 마음이 편치 않으시겠어요. [SEP] 나의 사업이 잘되고 있었더라면 아내와 자식들도 모두 행복했겠지. [SEP] 가족의 행복을 위해 할 수 있는 일은 무엇이 있을까요? [SEP] 새로운 마음으로 다시 시작해야겠어. 그리고 아내와 자식들에게 더 다정한 아빠가 돼야겠어. [SEP] 지금의 결심으로 모든 일이 다 잘 되길 바라요!,E22,Pro_07033,Pro_07033_00005,Pro_07033,-0.1029501184821128,-0.2383085936307907,-0.2732101678848266,-0.2099368125200271,0.091026023030281,0.1350264400243759,-0.1694977730512619,-0.0889904424548149,0.0406996272504329,0.2621642649173736,0.0173937045037746,-0.2248674482107162,-0.1156768053770065,-0.0317265056073665,-0.0436678417026996,0.1118963211774826,-0.0792028084397316,-0.3211347758769989,-0.2324853092432022,-0.0009550970862619,-0.1015806272625923,0.0427501536905765,-0.0658687874674797,-0.2052780538797378,-0.1015935391187667,-0.1000554338097572,-0.4017414450645447,0.2027952075004577,-0.2656825184822082,0.2838056981563568,-0.2779330611228943,-0.1085357218980789,-0.2745563983917236,-0.1757359653711319,0.0983028262853622,0.3751716911792755,0.0646350011229515,0.1011091917753219,-0.1703377217054367,-0.0333341732621192,-0.2309553474187851,0.2500385642051697,-0.1846107840538025,-0.1081512346863746,-0.0883115977048873,-0.0847162082791328,0.1583848595619201,-0.1080657169222831,0.0305139794945716,-0.1416108012199401,-0.5451824069023132,0.1329371333122253,0.1439029276371002,-0.2990917861461639,-0.1578689813613891,-0.1171915307641029,0.0203573293983936,-0.1794348657131195,0.3136546313762665,0.0557818114757537,-0.0032507774885743,0.130875751376152,0.1746930629014969,0.1417609006166458,0.2913775146007538,0.361555814743042,0.4576601386070251,0.3074781894683838,1
