{
  "text": "왜 이렇게 일이 많지 너무 지친다",
  "score": 0.37216508388519287,
  "appraisal": {
    "pleasantness": 0.2046907961368561,
    "goal_gain": 0.1674742877483368,
    "goal_loss": 0.34530920386314395,
    "novelty": 0.19999999999999998,
    "threat": 0.12085822135210038,
    "social_safety": 0.2969042522788048,
    "agency": 0.2523134229183197,
    "fatigue_pressure": 0.20249999999999999
  },
  "u": [
    0.2046907961368561,
    0.1674742877483368,
    0.34530920386314395,
    0.19999999999999998,
    0.12085822135210038,
    0.2969042522788048,
    0.2523134229183197,
    0.20249999999999999
  ],
  "h": [
    0.20193077511787416,
    0.4403579682892561,
    0.2576898534137011,
    0.4300991561889648
  ],
  "H_shape": [
    6,
    16
  ],
  "H": [
    [
      0.17697319388389587,
      0.4000166952610016,
      0.14032864570617676,
      0.2826814651489258,
      0.0,
      0.7377268671989441,
      0.0,
      0.0,
      0.0,
      0.0,
      0.10116053372621536,
      0.0,
      0.0,
      0.0,
      1.0,
      1.6653345369377348e-16
    ],
    [
      0.17697319388389587,
      0.4000166952610016,
      0.14032864570617676,
      0.2826814651489258,
      0.0,
      0.7207104563713074,
      0.0,
      0.0,
      0.0,
      0.0,
      0.10116053372621536,
      0.0,
      0.0,
      0.0,
      1.0,
      8.326672684688674e-17
    ],
    [
      0.17697319388389587,
      0.4000166952610016,
      0.14032864570617676,
      0.2826814651489258,
      0.0,
      0.7036940455436707,
      0.0,
      0.0,
      0.0,
      0.0,
      0.10116053372621536,
      0.0,
      0.0,
      0.0,
      1.0,
      0.0
    ],
    [
      0.17697319388389587,
      0.4000166952610016,
      0.14032864570617676,
      0.2826814651489258,
      0.0,
      0.6866775751113892,
      0.0,
      0.0,
      0.0,
      0.0,
      0.10116053372621536,
      0.0,
      0.0,
      0.0,
      1.0,
      0.0
    ],
    [
      0.17697319388389587,
      0.4000166952610016,
      0.14032864570617676,
      0.2826814651489258,
      0.0,
      0.6696611642837524,
      0.0,
      0.0,
      0.0,
      0.0,
      0.10116053372621536,
      0.0,
      0.0,
      0.0,
      1.0,
      0.0
    ],
    [
      0.17697319388389587,
      0.4000166952610016,
      0.14032864570617676,
      0.2826814651489258,
      0.0,
      0.6526447534561157,
      0.0,
      0.0,
      0.0,
      0.0,
      0.10116053372621536,
      0.0,
      0.0,
      0.0,
      1.0,
      0.0
    ]
  ],
  "z": [
    -0.5623729825019836,
    -0.38505345582962036,
    -0.01758568175137043,
    -0.9577479958534241,
    0.46827808022499084,
    -0.6692605018615723,
    -0.6799825429916382,
    -1.0994858741760254,
    -0.045164644718170166,
    0.034780412912368774,
    -0.49421873688697815,
    -0.9220614433288574,
    -0.27030447125434875,
    1.0125412940979004,
    -0.7867094278335571,
    -0.30158692598342896
  ],
  "final_emo": [
    0.17697318645276258,
    0.40001670276111073,
    0.1403286428985125,
    0.2826814678876143
  ],
  "logs": [
    {
      "timestep": 0.0,
      "firing_rate": 0.0,
      "avg_threshold": 0.7377268962018247,
      "avg_memory_size": 0.0,
      "rewires_add_ratio": 0.0,
      "rewires_remove_ratio": 0.0,
      "suppressed_ratio": 0.0,
      "conflict": 0.1011605302427157,
      "step_energy": 1.6653345369377348e-16
    },
    {
      "timestep": 1.0,
      "firing_rate": 0.0,
      "avg_threshold": 0.7207104640568993,
      "avg_memory_size": 0.0,
      "rewires_add_ratio": 0.0,
      "rewires_remove_ratio": 0.0,
      "suppressed_ratio": 0.0,
      "conflict": 0.1011605302427157,
      "step_energy": 8.326672684688674e-17
    },
    {
      "timestep": 2.0,
      "firing_rate": 0.0,
      "avg_threshold": 0.7036940319119737,
      "avg_memory_size": 0.0,
      "rewires_add_ratio": 0.0,
      "rewires_remove_ratio": 0.0,
      "suppressed_ratio": 0.0,
      "conflict": 0.1011605302427157,
      "step_energy": 0.0
    },
    {
      "timestep": 3.0,
      "firing_rate": 0.0,
      "avg_threshold": 0.686677599767048,
      "avg_memory_size": 0.0,
      "rewires_add_ratio": 0.0,
      "rewires_remove_ratio": 0.0,
      "suppressed_ratio": 0.0,
      "conflict": 0.1011605302427157,
      "step_energy": 0.0
    },
    {
      "timestep": 4.0,
      "firing_rate": 0.0,
      "avg_threshold": 0.6696611676221227,
      "avg_memory_size": 0.0,
      "rewires_add_ratio": 0.0,
      "rewires_remove_ratio": 0.0,
      "suppressed_ratio": 0.0,
      "conflict": 0.1011605302427157,
      "step_energy": 0.0
    },
    {
      "timestep": 5.0,
      "firing_rate": 0.0,
      "avg_threshold": 0.6526447354771967,
      "avg_memory_size": 0.0,
      "rewires_add_ratio": 0.0,
      "rewires_remove_ratio": 0.0,
      "suppressed_ratio": 0.0,
      "conflict": 0.1011605302427157,
      "step_energy": 0.0
    }
  ]
}