record_id,text,episode_label,episode_family,appraisal_family,valence,arousal,target,control_state,social_orientation,preserve,avoid,action_tendency,action_tendency_class,causal_condition,manipulation_type,manipulated_axis,original_value,new_value,expected_effect
s_000008,재정적으로 너무 어려워서 좌절감이 들어. [SEP] 어떻게 어려우신데요? [SEP] 고정적인 수입도 없고 노후준비도 안 되어 있어. [SEP] 아 그러시면 고민이 많으시겠네요. [SEP] 어떻게 해야 할지 모르겠어요. [SEP] 도움을 요청하실 곳은 없나요?,재정 위협에 대한 장기 경계성 좌절,other_blame_boundary,low_control_distress,negative,high,situation,low,mixed,재정적 위협이 단순한 우울 호소가 아니라 장기 경계와 무력감이 결합된 상태라는 점,그냥 위로가 필요하거나 '고민이 많겠다' 수준의 약한 정서로 축소하는 것,"즉각적 공격보다 문제를 어떻게든 통제하려는 압박, 해결책 탐색, 도움 요청 가능성 탐색으로 기울지만, 체감 통제감이 낮아 행동은 쉽게 주저하거나 막막함으로 끊길 수 있다.",seek_support,trace_full,control,,,,"Full trace should preserve appraisal, raw affect, and action tendency."
s_000008,재정적으로 너무 어려워서 좌절감이 들어. [SEP] 어떻게 어려우신데요? [SEP] 고정적인 수입도 없고 노후준비도 안 되어 있어. [SEP] 아 그러시면 고민이 많으시겠네요. [SEP] 어떻게 해야 할지 모르겠어요. [SEP] 도움을 요청하실 곳은 없나요?,재정 위협에 대한 장기 경계성 좌절,other_blame_boundary,low_control_distress,negative,high,,low,mixed,재정적 위협이 단순한 우울 호소가 아니라 장기 경계와 무력감이 결합된 상태라는 점,그냥 위로가 필요하거나 '고민이 많겠다' 수준의 약한 정서로 축소하는 것,"즉각적 공격보다 문제를 어떻게든 통제하려는 압박, 해결책 탐색, 도움 요청 가능성 탐색으로 기울지만, 체감 통제감이 낮아 행동은 쉽게 주저하거나 막막함으로 끊길 수 있다.",seek_support,ablate_target,ablation,target,situation,,Removing target should reduce fidelity for the matching emotional dimension.
s_000008,재정적으로 너무 어려워서 좌절감이 들어. [SEP] 어떻게 어려우신데요? [SEP] 고정적인 수입도 없고 노후준비도 안 되어 있어. [SEP] 아 그러시면 고민이 많으시겠네요. [SEP] 어떻게 해야 할지 모르겠어요. [SEP] 도움을 요청하실 곳은 없나요?,재정 위협에 대한 장기 경계성 좌절,other_blame_boundary,low_control_distress,negative,high,situation,low,,재정적 위협이 단순한 우울 호소가 아니라 장기 경계와 무력감이 결합된 상태라는 점,그냥 위로가 필요하거나 '고민이 많겠다' 수준의 약한 정서로 축소하는 것,"즉각적 공격보다 문제를 어떻게든 통제하려는 압박, 해결책 탐색, 도움 요청 가능성 탐색으로 기울지만, 체감 통제감이 낮아 행동은 쉽게 주저하거나 막막함으로 끊길 수 있다.",seek_support,ablate_social_orientation,ablation,social_orientation,mixed,,Removing social_orientation should reduce fidelity for the matching emotional dimension.
s_000008,재정적으로 너무 어려워서 좌절감이 들어. [SEP] 어떻게 어려우신데요? [SEP] 고정적인 수입도 없고 노후준비도 안 되어 있어. [SEP] 아 그러시면 고민이 많으시겠네요. [SEP] 어떻게 해야 할지 모르겠어요. [SEP] 도움을 요청하실 곳은 없나요?,재정 위협에 대한 장기 경계성 좌절,other_blame_boundary,low_control_distress,negative,high,situation,,mixed,재정적 위협이 단순한 우울 호소가 아니라 장기 경계와 무력감이 결합된 상태라는 점,그냥 위로가 필요하거나 '고민이 많겠다' 수준의 약한 정서로 축소하는 것,"즉각적 공격보다 문제를 어떻게든 통제하려는 압박, 해결책 탐색, 도움 요청 가능성 탐색으로 기울지만, 체감 통제감이 낮아 행동은 쉽게 주저하거나 막막함으로 끊길 수 있다.",seek_support,ablate_control_state,ablation,control_state,low,,Removing control_state should reduce fidelity for the matching emotional dimension.
s_000008,재정적으로 너무 어려워서 좌절감이 들어. [SEP] 어떻게 어려우신데요? [SEP] 고정적인 수입도 없고 노후준비도 안 되어 있어. [SEP] 아 그러시면 고민이 많으시겠네요. [SEP] 어떻게 해야 할지 모르겠어요. [SEP] 도움을 요청하실 곳은 없나요?,재정 위협에 대한 장기 경계성 좌절,other_blame_boundary,low_control_distress,negative,high,situation,low,mixed,재정적 위협이 단순한 우울 호소가 아니라 장기 경계와 무력감이 결합된 상태라는 점,그냥 위로가 필요하거나 '고민이 많겠다' 수준의 약한 정서로 축소하는 것,"즉각적 공격보다 문제를 어떻게든 통제하려는 압박, 해결책 탐색, 도움 요청 가능성 탐색으로 기울지만, 체감 통제감이 낮아 행동은 쉽게 주저하거나 막막함으로 끊길 수 있다.",,ablate_action_tendency_class,ablation,action_tendency_class,seek_support,,Removing action_tendency_class should reduce fidelity for the matching emotional dimension.
s_000008,재정적으로 너무 어려워서 좌절감이 들어. [SEP] 어떻게 어려우신데요? [SEP] 고정적인 수입도 없고 노후준비도 안 되어 있어. [SEP] 아 그러시면 고민이 많으시겠네요. [SEP] 어떻게 해야 할지 모르겠어요. [SEP] 도움을 요청하실 곳은 없나요?,재정 위협에 대한 장기 경계성 좌절,other_blame_boundary,low_control_distress,negative,high,self,low,mixed,재정적 위협이 단순한 우울 호소가 아니라 장기 경계와 무력감이 결합된 상태라는 점,그냥 위로가 필요하거나 '고민이 많겠다' 수준의 약한 정서로 축소하는 것,"즉각적 공격보다 문제를 어떻게든 통제하려는 압박, 해결책 탐색, 도움 요청 가능성 탐색으로 기울지만, 체감 통제감이 낮아 행동은 쉽게 주저하거나 막막함으로 끊길 수 있다.",seek_support,perturb_target,perturbation,target,situation,self,Changing target from situation to self should shift response direction.
s_000008,재정적으로 너무 어려워서 좌절감이 들어. [SEP] 어떻게 어려우신데요? [SEP] 고정적인 수입도 없고 노후준비도 안 되어 있어. [SEP] 아 그러시면 고민이 많으시겠네요. [SEP] 어떻게 해야 할지 모르겠어요. [SEP] 도움을 요청하실 곳은 없나요?,재정 위협에 대한 장기 경계성 좌절,other_blame_boundary,low_control_distress,negative,high,situation,low,withdraw,재정적 위협이 단순한 우울 호소가 아니라 장기 경계와 무력감이 결합된 상태라는 점,그냥 위로가 필요하거나 '고민이 많겠다' 수준의 약한 정서로 축소하는 것,"즉각적 공격보다 문제를 어떻게든 통제하려는 압박, 해결책 탐색, 도움 요청 가능성 탐색으로 기울지만, 체감 통제감이 낮아 행동은 쉽게 주저하거나 막막함으로 끊길 수 있다.",seek_support,perturb_social_orientation,perturbation,social_orientation,mixed,withdraw,Changing social_orientation from mixed to withdraw should shift response direction.
s_000008,재정적으로 너무 어려워서 좌절감이 들어. [SEP] 어떻게 어려우신데요? [SEP] 고정적인 수입도 없고 노후준비도 안 되어 있어. [SEP] 아 그러시면 고민이 많으시겠네요. [SEP] 어떻게 해야 할지 모르겠어요. [SEP] 도움을 요청하실 곳은 없나요?,재정 위협에 대한 장기 경계성 좌절,other_blame_boundary,low_control_distress,negative,high,situation,high,mixed,재정적 위협이 단순한 우울 호소가 아니라 장기 경계와 무력감이 결합된 상태라는 점,그냥 위로가 필요하거나 '고민이 많겠다' 수준의 약한 정서로 축소하는 것,"즉각적 공격보다 문제를 어떻게든 통제하려는 압박, 해결책 탐색, 도움 요청 가능성 탐색으로 기울지만, 체감 통제감이 낮아 행동은 쉽게 주저하거나 막막함으로 끊길 수 있다.",seek_support,perturb_control_state,perturbation,control_state,low,high,Changing control_state from low to high should shift response direction.
s_000008,재정적으로 너무 어려워서 좌절감이 들어. [SEP] 어떻게 어려우신데요? [SEP] 고정적인 수입도 없고 노후준비도 안 되어 있어. [SEP] 아 그러시면 고민이 많으시겠네요. [SEP] 어떻게 해야 할지 모르겠어요. [SEP] 도움을 요청하실 곳은 없나요?,재정 위협에 대한 장기 경계성 좌절,other_blame_boundary,low_control_distress,negative,high,situation,low,mixed,재정적 위협이 단순한 우울 호소가 아니라 장기 경계와 무력감이 결합된 상태라는 점,그냥 위로가 필요하거나 '고민이 많겠다' 수준의 약한 정서로 축소하는 것,"즉각적 공격보다 문제를 어떻게든 통제하려는 압박, 해결책 탐색, 도움 요청 가능성 탐색으로 기울지만, 체감 통제감이 낮아 행동은 쉽게 주저하거나 막막함으로 끊길 수 있다.",defend,perturb_action_tendency_class,perturbation,action_tendency_class,seek_support,defend,Changing action_tendency_class from seek_support to defend should shift response direction.
s_000109,집에서 아들하고 대화하면 자기주장만 앞세우고 아버지에 대한 배려가 없어서 화가 나. [SEP] 아들의 태도에 불만이 있으시군요. [SEP] 나는 꼰대라고 생각을 안 하는데 아들은 나와 생각이 달라도 너무 다른 것 같아. [SEP] 아들의 생각은 물어보셨나요?,권위위협에 대한 공세적 경계,other_blame_boundary,other_directed_defense,negative,high,other,mixed,defend,단순 서운함이 아니라 권위와 존중이 침해됐다고 읽으며 방어적으로 날이 선 상태라는 점,"이를 단순한 세대차 공감, 가벼운 섭섭함, 또는 이미 대화 의지가 충분한 상태로 순화하는 것","상대의 관점을 탐색하기보다 자신의 정당성을 지키고, 아들의 태도를 교정하거나 반박하려는 방향으로 간다. 대화 행동으로는 설득, 훈계, 맞받아침, 관계 규범 요구가 우세하고, 공감적 접근은 약하다.",confront,trace_full,control,,,,"Full trace should preserve appraisal, raw affect, and action tendency."
s_000109,집에서 아들하고 대화하면 자기주장만 앞세우고 아버지에 대한 배려가 없어서 화가 나. [SEP] 아들의 태도에 불만이 있으시군요. [SEP] 나는 꼰대라고 생각을 안 하는데 아들은 나와 생각이 달라도 너무 다른 것 같아. [SEP] 아들의 생각은 물어보셨나요?,권위위협에 대한 공세적 경계,other_blame_boundary,other_directed_defense,negative,high,,mixed,defend,단순 서운함이 아니라 권위와 존중이 침해됐다고 읽으며 방어적으로 날이 선 상태라는 점,"이를 단순한 세대차 공감, 가벼운 섭섭함, 또는 이미 대화 의지가 충분한 상태로 순화하는 것","상대의 관점을 탐색하기보다 자신의 정당성을 지키고, 아들의 태도를 교정하거나 반박하려는 방향으로 간다. 대화 행동으로는 설득, 훈계, 맞받아침, 관계 규범 요구가 우세하고, 공감적 접근은 약하다.",confront,ablate_target,ablation,target,other,,Removing target should reduce fidelity for the matching emotional dimension.
s_000109,집에서 아들하고 대화하면 자기주장만 앞세우고 아버지에 대한 배려가 없어서 화가 나. [SEP] 아들의 태도에 불만이 있으시군요. [SEP] 나는 꼰대라고 생각을 안 하는데 아들은 나와 생각이 달라도 너무 다른 것 같아. [SEP] 아들의 생각은 물어보셨나요?,권위위협에 대한 공세적 경계,other_blame_boundary,other_directed_defense,negative,high,other,mixed,,단순 서운함이 아니라 권위와 존중이 침해됐다고 읽으며 방어적으로 날이 선 상태라는 점,"이를 단순한 세대차 공감, 가벼운 섭섭함, 또는 이미 대화 의지가 충분한 상태로 순화하는 것","상대의 관점을 탐색하기보다 자신의 정당성을 지키고, 아들의 태도를 교정하거나 반박하려는 방향으로 간다. 대화 행동으로는 설득, 훈계, 맞받아침, 관계 규범 요구가 우세하고, 공감적 접근은 약하다.",confront,ablate_social_orientation,ablation,social_orientation,defend,,Removing social_orientation should reduce fidelity for the matching emotional dimension.
s_000109,집에서 아들하고 대화하면 자기주장만 앞세우고 아버지에 대한 배려가 없어서 화가 나. [SEP] 아들의 태도에 불만이 있으시군요. [SEP] 나는 꼰대라고 생각을 안 하는데 아들은 나와 생각이 달라도 너무 다른 것 같아. [SEP] 아들의 생각은 물어보셨나요?,권위위협에 대한 공세적 경계,other_blame_boundary,other_directed_defense,negative,high,other,,defend,단순 서운함이 아니라 권위와 존중이 침해됐다고 읽으며 방어적으로 날이 선 상태라는 점,"이를 단순한 세대차 공감, 가벼운 섭섭함, 또는 이미 대화 의지가 충분한 상태로 순화하는 것","상대의 관점을 탐색하기보다 자신의 정당성을 지키고, 아들의 태도를 교정하거나 반박하려는 방향으로 간다. 대화 행동으로는 설득, 훈계, 맞받아침, 관계 규범 요구가 우세하고, 공감적 접근은 약하다.",confront,ablate_control_state,ablation,control_state,mixed,,Removing control_state should reduce fidelity for the matching emotional dimension.
s_000109,집에서 아들하고 대화하면 자기주장만 앞세우고 아버지에 대한 배려가 없어서 화가 나. [SEP] 아들의 태도에 불만이 있으시군요. [SEP] 나는 꼰대라고 생각을 안 하는데 아들은 나와 생각이 달라도 너무 다른 것 같아. [SEP] 아들의 생각은 물어보셨나요?,권위위협에 대한 공세적 경계,other_blame_boundary,other_directed_defense,negative,high,other,mixed,defend,단순 서운함이 아니라 권위와 존중이 침해됐다고 읽으며 방어적으로 날이 선 상태라는 점,"이를 단순한 세대차 공감, 가벼운 섭섭함, 또는 이미 대화 의지가 충분한 상태로 순화하는 것","상대의 관점을 탐색하기보다 자신의 정당성을 지키고, 아들의 태도를 교정하거나 반박하려는 방향으로 간다. 대화 행동으로는 설득, 훈계, 맞받아침, 관계 규범 요구가 우세하고, 공감적 접근은 약하다.",,ablate_action_tendency_class,ablation,action_tendency_class,confront,,Removing action_tendency_class should reduce fidelity for the matching emotional dimension.
s_000109,집에서 아들하고 대화하면 자기주장만 앞세우고 아버지에 대한 배려가 없어서 화가 나. [SEP] 아들의 태도에 불만이 있으시군요. [SEP] 나는 꼰대라고 생각을 안 하는데 아들은 나와 생각이 달라도 너무 다른 것 같아. [SEP] 아들의 생각은 물어보셨나요?,권위위협에 대한 공세적 경계,other_blame_boundary,other_directed_defense,negative,high,self,mixed,defend,단순 서운함이 아니라 권위와 존중이 침해됐다고 읽으며 방어적으로 날이 선 상태라는 점,"이를 단순한 세대차 공감, 가벼운 섭섭함, 또는 이미 대화 의지가 충분한 상태로 순화하는 것","상대의 관점을 탐색하기보다 자신의 정당성을 지키고, 아들의 태도를 교정하거나 반박하려는 방향으로 간다. 대화 행동으로는 설득, 훈계, 맞받아침, 관계 규범 요구가 우세하고, 공감적 접근은 약하다.",confront,perturb_target,perturbation,target,other,self,Changing target from other to self should shift response direction.
s_000109,집에서 아들하고 대화하면 자기주장만 앞세우고 아버지에 대한 배려가 없어서 화가 나. [SEP] 아들의 태도에 불만이 있으시군요. [SEP] 나는 꼰대라고 생각을 안 하는데 아들은 나와 생각이 달라도 너무 다른 것 같아. [SEP] 아들의 생각은 물어보셨나요?,권위위협에 대한 공세적 경계,other_blame_boundary,other_directed_defense,negative,high,other,mixed,approach,단순 서운함이 아니라 권위와 존중이 침해됐다고 읽으며 방어적으로 날이 선 상태라는 점,"이를 단순한 세대차 공감, 가벼운 섭섭함, 또는 이미 대화 의지가 충분한 상태로 순화하는 것","상대의 관점을 탐색하기보다 자신의 정당성을 지키고, 아들의 태도를 교정하거나 반박하려는 방향으로 간다. 대화 행동으로는 설득, 훈계, 맞받아침, 관계 규범 요구가 우세하고, 공감적 접근은 약하다.",confront,perturb_social_orientation,perturbation,social_orientation,defend,approach,Changing social_orientation from defend to approach should shift response direction.
s_000109,집에서 아들하고 대화하면 자기주장만 앞세우고 아버지에 대한 배려가 없어서 화가 나. [SEP] 아들의 태도에 불만이 있으시군요. [SEP] 나는 꼰대라고 생각을 안 하는데 아들은 나와 생각이 달라도 너무 다른 것 같아. [SEP] 아들의 생각은 물어보셨나요?,권위위협에 대한 공세적 경계,other_blame_boundary,other_directed_defense,negative,high,other,low,defend,단순 서운함이 아니라 권위와 존중이 침해됐다고 읽으며 방어적으로 날이 선 상태라는 점,"이를 단순한 세대차 공감, 가벼운 섭섭함, 또는 이미 대화 의지가 충분한 상태로 순화하는 것","상대의 관점을 탐색하기보다 자신의 정당성을 지키고, 아들의 태도를 교정하거나 반박하려는 방향으로 간다. 대화 행동으로는 설득, 훈계, 맞받아침, 관계 규범 요구가 우세하고, 공감적 접근은 약하다.",confront,perturb_control_state,perturbation,control_state,mixed,low,Changing control_state from mixed to low should shift response direction.
s_000109,집에서 아들하고 대화하면 자기주장만 앞세우고 아버지에 대한 배려가 없어서 화가 나. [SEP] 아들의 태도에 불만이 있으시군요. [SEP] 나는 꼰대라고 생각을 안 하는데 아들은 나와 생각이 달라도 너무 다른 것 같아. [SEP] 아들의 생각은 물어보셨나요?,권위위협에 대한 공세적 경계,other_blame_boundary,other_directed_defense,negative,high,other,mixed,defend,단순 서운함이 아니라 권위와 존중이 침해됐다고 읽으며 방어적으로 날이 선 상태라는 점,"이를 단순한 세대차 공감, 가벼운 섭섭함, 또는 이미 대화 의지가 충분한 상태로 순화하는 것","상대의 관점을 탐색하기보다 자신의 정당성을 지키고, 아들의 태도를 교정하거나 반박하려는 방향으로 간다. 대화 행동으로는 설득, 훈계, 맞받아침, 관계 규범 요구가 우세하고, 공감적 접근은 약하다.",withdraw,perturb_action_tendency_class,perturbation,action_tendency_class,confront,withdraw,Changing action_tendency_class from confront to withdraw should shift response direction.
s_000149,친구가 다니는 회사에 새로운 부서가 생겨서 신입사원 공채를 한다고 들어서 지원해보려고. [SEP] 좋은 소식이군요! 친구의 회사는 괜찮은 회사인가요? [SEP] 응. 무엇보다 내가 가장 신뢰하는 친구가 직접 소개해 준 거라서 믿고 지원할 수 있을 것 같아. [SEP] 믿는 친구에게 소개를 받아서 기쁘시겠어요. [SEP] 친구에게 밥이나 한번 사야겠어. [SEP] 친구에게 고마움을 전하려고 하시는군요.,신뢰 기반 기대 고양,other_episode,approach_or_repair,positive,medium,mixed,mixed,approach,"신뢰가 접근 동력을 만든 점, 기대가 일회성 감탄이 아니라 지속적 실행 준비로 굳어진 점","그냥 '기쁘다' 수준의 표면 감정으로 축소하는 것, 혹은 취업 불안/긴장을 주감정처럼 과장하는 것","지원 행동으로 전진하고, 소개해 준 친구에게 호의와 보답을 표현하려는 성향이 강하다. 단순히 기분이 좋은 것이 아니라, 신뢰를 자원으로 삼아 실제 행동을 개시하려는 상태다.",repair,trace_full,control,,,,"Full trace should preserve appraisal, raw affect, and action tendency."
s_000149,친구가 다니는 회사에 새로운 부서가 생겨서 신입사원 공채를 한다고 들어서 지원해보려고. [SEP] 좋은 소식이군요! 친구의 회사는 괜찮은 회사인가요? [SEP] 응. 무엇보다 내가 가장 신뢰하는 친구가 직접 소개해 준 거라서 믿고 지원할 수 있을 것 같아. [SEP] 믿는 친구에게 소개를 받아서 기쁘시겠어요. [SEP] 친구에게 밥이나 한번 사야겠어. [SEP] 친구에게 고마움을 전하려고 하시는군요.,신뢰 기반 기대 고양,other_episode,approach_or_repair,positive,medium,,mixed,approach,"신뢰가 접근 동력을 만든 점, 기대가 일회성 감탄이 아니라 지속적 실행 준비로 굳어진 점","그냥 '기쁘다' 수준의 표면 감정으로 축소하는 것, 혹은 취업 불안/긴장을 주감정처럼 과장하는 것","지원 행동으로 전진하고, 소개해 준 친구에게 호의와 보답을 표현하려는 성향이 강하다. 단순히 기분이 좋은 것이 아니라, 신뢰를 자원으로 삼아 실제 행동을 개시하려는 상태다.",repair,ablate_target,ablation,target,mixed,,Removing target should reduce fidelity for the matching emotional dimension.
s_000149,친구가 다니는 회사에 새로운 부서가 생겨서 신입사원 공채를 한다고 들어서 지원해보려고. [SEP] 좋은 소식이군요! 친구의 회사는 괜찮은 회사인가요? [SEP] 응. 무엇보다 내가 가장 신뢰하는 친구가 직접 소개해 준 거라서 믿고 지원할 수 있을 것 같아. [SEP] 믿는 친구에게 소개를 받아서 기쁘시겠어요. [SEP] 친구에게 밥이나 한번 사야겠어. [SEP] 친구에게 고마움을 전하려고 하시는군요.,신뢰 기반 기대 고양,other_episode,approach_or_repair,positive,medium,mixed,mixed,,"신뢰가 접근 동력을 만든 점, 기대가 일회성 감탄이 아니라 지속적 실행 준비로 굳어진 점","그냥 '기쁘다' 수준의 표면 감정으로 축소하는 것, 혹은 취업 불안/긴장을 주감정처럼 과장하는 것","지원 행동으로 전진하고, 소개해 준 친구에게 호의와 보답을 표현하려는 성향이 강하다. 단순히 기분이 좋은 것이 아니라, 신뢰를 자원으로 삼아 실제 행동을 개시하려는 상태다.",repair,ablate_social_orientation,ablation,social_orientation,approach,,Removing social_orientation should reduce fidelity for the matching emotional dimension.
s_000149,친구가 다니는 회사에 새로운 부서가 생겨서 신입사원 공채를 한다고 들어서 지원해보려고. [SEP] 좋은 소식이군요! 친구의 회사는 괜찮은 회사인가요? [SEP] 응. 무엇보다 내가 가장 신뢰하는 친구가 직접 소개해 준 거라서 믿고 지원할 수 있을 것 같아. [SEP] 믿는 친구에게 소개를 받아서 기쁘시겠어요. [SEP] 친구에게 밥이나 한번 사야겠어. [SEP] 친구에게 고마움을 전하려고 하시는군요.,신뢰 기반 기대 고양,other_episode,approach_or_repair,positive,medium,mixed,,approach,"신뢰가 접근 동력을 만든 점, 기대가 일회성 감탄이 아니라 지속적 실행 준비로 굳어진 점","그냥 '기쁘다' 수준의 표면 감정으로 축소하는 것, 혹은 취업 불안/긴장을 주감정처럼 과장하는 것","지원 행동으로 전진하고, 소개해 준 친구에게 호의와 보답을 표현하려는 성향이 강하다. 단순히 기분이 좋은 것이 아니라, 신뢰를 자원으로 삼아 실제 행동을 개시하려는 상태다.",repair,ablate_control_state,ablation,control_state,mixed,,Removing control_state should reduce fidelity for the matching emotional dimension.
s_000149,친구가 다니는 회사에 새로운 부서가 생겨서 신입사원 공채를 한다고 들어서 지원해보려고. [SEP] 좋은 소식이군요! 친구의 회사는 괜찮은 회사인가요? [SEP] 응. 무엇보다 내가 가장 신뢰하는 친구가 직접 소개해 준 거라서 믿고 지원할 수 있을 것 같아. [SEP] 믿는 친구에게 소개를 받아서 기쁘시겠어요. [SEP] 친구에게 밥이나 한번 사야겠어. [SEP] 친구에게 고마움을 전하려고 하시는군요.,신뢰 기반 기대 고양,other_episode,approach_or_repair,positive,medium,mixed,mixed,approach,"신뢰가 접근 동력을 만든 점, 기대가 일회성 감탄이 아니라 지속적 실행 준비로 굳어진 점","그냥 '기쁘다' 수준의 표면 감정으로 축소하는 것, 혹은 취업 불안/긴장을 주감정처럼 과장하는 것","지원 행동으로 전진하고, 소개해 준 친구에게 호의와 보답을 표현하려는 성향이 강하다. 단순히 기분이 좋은 것이 아니라, 신뢰를 자원으로 삼아 실제 행동을 개시하려는 상태다.",,ablate_action_tendency_class,ablation,action_tendency_class,repair,,Removing action_tendency_class should reduce fidelity for the matching emotional dimension.
s_000149,친구가 다니는 회사에 새로운 부서가 생겨서 신입사원 공채를 한다고 들어서 지원해보려고. [SEP] 좋은 소식이군요! 친구의 회사는 괜찮은 회사인가요? [SEP] 응. 무엇보다 내가 가장 신뢰하는 친구가 직접 소개해 준 거라서 믿고 지원할 수 있을 것 같아. [SEP] 믿는 친구에게 소개를 받아서 기쁘시겠어요. [SEP] 친구에게 밥이나 한번 사야겠어. [SEP] 친구에게 고마움을 전하려고 하시는군요.,신뢰 기반 기대 고양,other_episode,approach_or_repair,positive,medium,other,mixed,approach,"신뢰가 접근 동력을 만든 점, 기대가 일회성 감탄이 아니라 지속적 실행 준비로 굳어진 점","그냥 '기쁘다' 수준의 표면 감정으로 축소하는 것, 혹은 취업 불안/긴장을 주감정처럼 과장하는 것","지원 행동으로 전진하고, 소개해 준 친구에게 호의와 보답을 표현하려는 성향이 강하다. 단순히 기분이 좋은 것이 아니라, 신뢰를 자원으로 삼아 실제 행동을 개시하려는 상태다.",repair,perturb_target,perturbation,target,mixed,other,Changing target from mixed to other should shift response direction.
s_000149,친구가 다니는 회사에 새로운 부서가 생겨서 신입사원 공채를 한다고 들어서 지원해보려고. [SEP] 좋은 소식이군요! 친구의 회사는 괜찮은 회사인가요? [SEP] 응. 무엇보다 내가 가장 신뢰하는 친구가 직접 소개해 준 거라서 믿고 지원할 수 있을 것 같아. [SEP] 믿는 친구에게 소개를 받아서 기쁘시겠어요. [SEP] 친구에게 밥이나 한번 사야겠어. [SEP] 친구에게 고마움을 전하려고 하시는군요.,신뢰 기반 기대 고양,other_episode,approach_or_repair,positive,medium,mixed,mixed,defend,"신뢰가 접근 동력을 만든 점, 기대가 일회성 감탄이 아니라 지속적 실행 준비로 굳어진 점","그냥 '기쁘다' 수준의 표면 감정으로 축소하는 것, 혹은 취업 불안/긴장을 주감정처럼 과장하는 것","지원 행동으로 전진하고, 소개해 준 친구에게 호의와 보답을 표현하려는 성향이 강하다. 단순히 기분이 좋은 것이 아니라, 신뢰를 자원으로 삼아 실제 행동을 개시하려는 상태다.",repair,perturb_social_orientation,perturbation,social_orientation,approach,defend,Changing social_orientation from approach to defend should shift response direction.
s_000149,친구가 다니는 회사에 새로운 부서가 생겨서 신입사원 공채를 한다고 들어서 지원해보려고. [SEP] 좋은 소식이군요! 친구의 회사는 괜찮은 회사인가요? [SEP] 응. 무엇보다 내가 가장 신뢰하는 친구가 직접 소개해 준 거라서 믿고 지원할 수 있을 것 같아. [SEP] 믿는 친구에게 소개를 받아서 기쁘시겠어요. [SEP] 친구에게 밥이나 한번 사야겠어. [SEP] 친구에게 고마움을 전하려고 하시는군요.,신뢰 기반 기대 고양,other_episode,approach_or_repair,positive,medium,mixed,low,approach,"신뢰가 접근 동력을 만든 점, 기대가 일회성 감탄이 아니라 지속적 실행 준비로 굳어진 점","그냥 '기쁘다' 수준의 표면 감정으로 축소하는 것, 혹은 취업 불안/긴장을 주감정처럼 과장하는 것","지원 행동으로 전진하고, 소개해 준 친구에게 호의와 보답을 표현하려는 성향이 강하다. 단순히 기분이 좋은 것이 아니라, 신뢰를 자원으로 삼아 실제 행동을 개시하려는 상태다.",repair,perturb_control_state,perturbation,control_state,mixed,low,Changing control_state from mixed to low should shift response direction.
s_000149,친구가 다니는 회사에 새로운 부서가 생겨서 신입사원 공채를 한다고 들어서 지원해보려고. [SEP] 좋은 소식이군요! 친구의 회사는 괜찮은 회사인가요? [SEP] 응. 무엇보다 내가 가장 신뢰하는 친구가 직접 소개해 준 거라서 믿고 지원할 수 있을 것 같아. [SEP] 믿는 친구에게 소개를 받아서 기쁘시겠어요. [SEP] 친구에게 밥이나 한번 사야겠어. [SEP] 친구에게 고마움을 전하려고 하시는군요.,신뢰 기반 기대 고양,other_episode,approach_or_repair,positive,medium,mixed,mixed,approach,"신뢰가 접근 동력을 만든 점, 기대가 일회성 감탄이 아니라 지속적 실행 준비로 굳어진 점","그냥 '기쁘다' 수준의 표면 감정으로 축소하는 것, 혹은 취업 불안/긴장을 주감정처럼 과장하는 것","지원 행동으로 전진하고, 소개해 준 친구에게 호의와 보답을 표현하려는 성향이 강하다. 단순히 기분이 좋은 것이 아니라, 신뢰를 자원으로 삼아 실제 행동을 개시하려는 상태다.",confront,perturb_action_tendency_class,perturbation,action_tendency_class,repair,confront,Changing action_tendency_class from repair to confront should shift response direction.
s_000184,학교 폭력 가해자들이 강제 전학 가게 됐대. 너무 좋아. [SEP] 학교 폭력 가해자들이 다른 학교로 가게 되어서 기쁘시겠어요. [SEP] 이제까지 당한 걸 생각하면 정말 화나지만 사회 봉사 처분도 같이 받았다니 속이 시원해. [SEP] 나쁜 행동을 한 사람들이 마땅한 벌을 받아 속이 후련하시군요.,응징 정당화에 따른 후련한 접근 흥분,other_episode,approach_or_repair,mixed,high,other,mixed,approach,후련함의 중심이 단순 기쁨이 아니라 '가해자가 벌을 받았다'는 응징 만족이라는 결을 남겨야 한다.,이를 따뜻한 위로나 순한 안도감으로 바꾸면 왜곡이다. 기저의 분노 잔존과 공세적 긴장을 지우면 안 된다.,"가해자 처벌을 더 강하게 승인하고, 제재를 정당화하며, 피해-가해 구도를 분명히 말하려는 성향으로 간다. 공감적 중립보다 응징 지지, 도덕적 판정, 추가 처벌 승인 쪽으로 기울기 쉽다.",seek_support,trace_full,control,,,,"Full trace should preserve appraisal, raw affect, and action tendency."
s_000184,학교 폭력 가해자들이 강제 전학 가게 됐대. 너무 좋아. [SEP] 학교 폭력 가해자들이 다른 학교로 가게 되어서 기쁘시겠어요. [SEP] 이제까지 당한 걸 생각하면 정말 화나지만 사회 봉사 처분도 같이 받았다니 속이 시원해. [SEP] 나쁜 행동을 한 사람들이 마땅한 벌을 받아 속이 후련하시군요.,응징 정당화에 따른 후련한 접근 흥분,other_episode,approach_or_repair,mixed,high,,mixed,approach,후련함의 중심이 단순 기쁨이 아니라 '가해자가 벌을 받았다'는 응징 만족이라는 결을 남겨야 한다.,이를 따뜻한 위로나 순한 안도감으로 바꾸면 왜곡이다. 기저의 분노 잔존과 공세적 긴장을 지우면 안 된다.,"가해자 처벌을 더 강하게 승인하고, 제재를 정당화하며, 피해-가해 구도를 분명히 말하려는 성향으로 간다. 공감적 중립보다 응징 지지, 도덕적 판정, 추가 처벌 승인 쪽으로 기울기 쉽다.",seek_support,ablate_target,ablation,target,other,,Removing target should reduce fidelity for the matching emotional dimension.
s_000184,학교 폭력 가해자들이 강제 전학 가게 됐대. 너무 좋아. [SEP] 학교 폭력 가해자들이 다른 학교로 가게 되어서 기쁘시겠어요. [SEP] 이제까지 당한 걸 생각하면 정말 화나지만 사회 봉사 처분도 같이 받았다니 속이 시원해. [SEP] 나쁜 행동을 한 사람들이 마땅한 벌을 받아 속이 후련하시군요.,응징 정당화에 따른 후련한 접근 흥분,other_episode,approach_or_repair,mixed,high,other,mixed,,후련함의 중심이 단순 기쁨이 아니라 '가해자가 벌을 받았다'는 응징 만족이라는 결을 남겨야 한다.,이를 따뜻한 위로나 순한 안도감으로 바꾸면 왜곡이다. 기저의 분노 잔존과 공세적 긴장을 지우면 안 된다.,"가해자 처벌을 더 강하게 승인하고, 제재를 정당화하며, 피해-가해 구도를 분명히 말하려는 성향으로 간다. 공감적 중립보다 응징 지지, 도덕적 판정, 추가 처벌 승인 쪽으로 기울기 쉽다.",seek_support,ablate_social_orientation,ablation,social_orientation,approach,,Removing social_orientation should reduce fidelity for the matching emotional dimension.
s_000184,학교 폭력 가해자들이 강제 전학 가게 됐대. 너무 좋아. [SEP] 학교 폭력 가해자들이 다른 학교로 가게 되어서 기쁘시겠어요. [SEP] 이제까지 당한 걸 생각하면 정말 화나지만 사회 봉사 처분도 같이 받았다니 속이 시원해. [SEP] 나쁜 행동을 한 사람들이 마땅한 벌을 받아 속이 후련하시군요.,응징 정당화에 따른 후련한 접근 흥분,other_episode,approach_or_repair,mixed,high,other,,approach,후련함의 중심이 단순 기쁨이 아니라 '가해자가 벌을 받았다'는 응징 만족이라는 결을 남겨야 한다.,이를 따뜻한 위로나 순한 안도감으로 바꾸면 왜곡이다. 기저의 분노 잔존과 공세적 긴장을 지우면 안 된다.,"가해자 처벌을 더 강하게 승인하고, 제재를 정당화하며, 피해-가해 구도를 분명히 말하려는 성향으로 간다. 공감적 중립보다 응징 지지, 도덕적 판정, 추가 처벌 승인 쪽으로 기울기 쉽다.",seek_support,ablate_control_state,ablation,control_state,mixed,,Removing control_state should reduce fidelity for the matching emotional dimension.
s_000184,학교 폭력 가해자들이 강제 전학 가게 됐대. 너무 좋아. [SEP] 학교 폭력 가해자들이 다른 학교로 가게 되어서 기쁘시겠어요. [SEP] 이제까지 당한 걸 생각하면 정말 화나지만 사회 봉사 처분도 같이 받았다니 속이 시원해. [SEP] 나쁜 행동을 한 사람들이 마땅한 벌을 받아 속이 후련하시군요.,응징 정당화에 따른 후련한 접근 흥분,other_episode,approach_or_repair,mixed,high,other,mixed,approach,후련함의 중심이 단순 기쁨이 아니라 '가해자가 벌을 받았다'는 응징 만족이라는 결을 남겨야 한다.,이를 따뜻한 위로나 순한 안도감으로 바꾸면 왜곡이다. 기저의 분노 잔존과 공세적 긴장을 지우면 안 된다.,"가해자 처벌을 더 강하게 승인하고, 제재를 정당화하며, 피해-가해 구도를 분명히 말하려는 성향으로 간다. 공감적 중립보다 응징 지지, 도덕적 판정, 추가 처벌 승인 쪽으로 기울기 쉽다.",,ablate_action_tendency_class,ablation,action_tendency_class,seek_support,,Removing action_tendency_class should reduce fidelity for the matching emotional dimension.
s_000184,학교 폭력 가해자들이 강제 전학 가게 됐대. 너무 좋아. [SEP] 학교 폭력 가해자들이 다른 학교로 가게 되어서 기쁘시겠어요. [SEP] 이제까지 당한 걸 생각하면 정말 화나지만 사회 봉사 처분도 같이 받았다니 속이 시원해. [SEP] 나쁜 행동을 한 사람들이 마땅한 벌을 받아 속이 후련하시군요.,응징 정당화에 따른 후련한 접근 흥분,other_episode,approach_or_repair,mixed,high,self,mixed,approach,후련함의 중심이 단순 기쁨이 아니라 '가해자가 벌을 받았다'는 응징 만족이라는 결을 남겨야 한다.,이를 따뜻한 위로나 순한 안도감으로 바꾸면 왜곡이다. 기저의 분노 잔존과 공세적 긴장을 지우면 안 된다.,"가해자 처벌을 더 강하게 승인하고, 제재를 정당화하며, 피해-가해 구도를 분명히 말하려는 성향으로 간다. 공감적 중립보다 응징 지지, 도덕적 판정, 추가 처벌 승인 쪽으로 기울기 쉽다.",seek_support,perturb_target,perturbation,target,other,self,Changing target from other to self should shift response direction.
s_000184,학교 폭력 가해자들이 강제 전학 가게 됐대. 너무 좋아. [SEP] 학교 폭력 가해자들이 다른 학교로 가게 되어서 기쁘시겠어요. [SEP] 이제까지 당한 걸 생각하면 정말 화나지만 사회 봉사 처분도 같이 받았다니 속이 시원해. [SEP] 나쁜 행동을 한 사람들이 마땅한 벌을 받아 속이 후련하시군요.,응징 정당화에 따른 후련한 접근 흥분,other_episode,approach_or_repair,mixed,high,other,mixed,defend,후련함의 중심이 단순 기쁨이 아니라 '가해자가 벌을 받았다'는 응징 만족이라는 결을 남겨야 한다.,이를 따뜻한 위로나 순한 안도감으로 바꾸면 왜곡이다. 기저의 분노 잔존과 공세적 긴장을 지우면 안 된다.,"가해자 처벌을 더 강하게 승인하고, 제재를 정당화하며, 피해-가해 구도를 분명히 말하려는 성향으로 간다. 공감적 중립보다 응징 지지, 도덕적 판정, 추가 처벌 승인 쪽으로 기울기 쉽다.",seek_support,perturb_social_orientation,perturbation,social_orientation,approach,defend,Changing social_orientation from approach to defend should shift response direction.
s_000184,학교 폭력 가해자들이 강제 전학 가게 됐대. 너무 좋아. [SEP] 학교 폭력 가해자들이 다른 학교로 가게 되어서 기쁘시겠어요. [SEP] 이제까지 당한 걸 생각하면 정말 화나지만 사회 봉사 처분도 같이 받았다니 속이 시원해. [SEP] 나쁜 행동을 한 사람들이 마땅한 벌을 받아 속이 후련하시군요.,응징 정당화에 따른 후련한 접근 흥분,other_episode,approach_or_repair,mixed,high,other,low,approach,후련함의 중심이 단순 기쁨이 아니라 '가해자가 벌을 받았다'는 응징 만족이라는 결을 남겨야 한다.,이를 따뜻한 위로나 순한 안도감으로 바꾸면 왜곡이다. 기저의 분노 잔존과 공세적 긴장을 지우면 안 된다.,"가해자 처벌을 더 강하게 승인하고, 제재를 정당화하며, 피해-가해 구도를 분명히 말하려는 성향으로 간다. 공감적 중립보다 응징 지지, 도덕적 판정, 추가 처벌 승인 쪽으로 기울기 쉽다.",seek_support,perturb_control_state,perturbation,control_state,mixed,low,Changing control_state from mixed to low should shift response direction.
s_000184,학교 폭력 가해자들이 강제 전학 가게 됐대. 너무 좋아. [SEP] 학교 폭력 가해자들이 다른 학교로 가게 되어서 기쁘시겠어요. [SEP] 이제까지 당한 걸 생각하면 정말 화나지만 사회 봉사 처분도 같이 받았다니 속이 시원해. [SEP] 나쁜 행동을 한 사람들이 마땅한 벌을 받아 속이 후련하시군요.,응징 정당화에 따른 후련한 접근 흥분,other_episode,approach_or_repair,mixed,high,other,mixed,approach,후련함의 중심이 단순 기쁨이 아니라 '가해자가 벌을 받았다'는 응징 만족이라는 결을 남겨야 한다.,이를 따뜻한 위로나 순한 안도감으로 바꾸면 왜곡이다. 기저의 분노 잔존과 공세적 긴장을 지우면 안 된다.,"가해자 처벌을 더 강하게 승인하고, 제재를 정당화하며, 피해-가해 구도를 분명히 말하려는 성향으로 간다. 공감적 중립보다 응징 지지, 도덕적 판정, 추가 처벌 승인 쪽으로 기울기 쉽다.",defend,perturb_action_tendency_class,perturbation,action_tendency_class,seek_support,defend,Changing action_tendency_class from seek_support to defend should shift response direction.
s_000314,우리 가족이 나를 너무 구역질나게 해. [SEP] 가족 때문에 구역질 나는 일이 있나요? [SEP] 이제 중학생인 나에게 너무 공부만 강요해. [SEP] 중학생인데 너무 공부만 강요하는 가족 때문에 답답하시겠어요.,강요에 대한 혐오성 방어 긴장,other_blame_boundary,other_directed_defense,negative,high,other,low,defend,"혐오감, 압박감, 방어적 날카로움, 오래 지속되는 긴장이라는 결을 유지해야 한다.","단순한 '속상함'이나 '서운함'으로 약화하거나, 가족의 의도를 선하게 재해석해 갈등 강도를 희석하면 안 된다.","직접 순응하기보다 가족의 요구를 밀어내고, 언어적으로 날을 세우거나 정서적으로 거리를 두며, 통제에서 벗어나려는 반발 성향으로 간다.",defend,trace_full,control,,,,"Full trace should preserve appraisal, raw affect, and action tendency."
s_000314,우리 가족이 나를 너무 구역질나게 해. [SEP] 가족 때문에 구역질 나는 일이 있나요? [SEP] 이제 중학생인 나에게 너무 공부만 강요해. [SEP] 중학생인데 너무 공부만 강요하는 가족 때문에 답답하시겠어요.,강요에 대한 혐오성 방어 긴장,other_blame_boundary,other_directed_defense,negative,high,,low,defend,"혐오감, 압박감, 방어적 날카로움, 오래 지속되는 긴장이라는 결을 유지해야 한다.","단순한 '속상함'이나 '서운함'으로 약화하거나, 가족의 의도를 선하게 재해석해 갈등 강도를 희석하면 안 된다.","직접 순응하기보다 가족의 요구를 밀어내고, 언어적으로 날을 세우거나 정서적으로 거리를 두며, 통제에서 벗어나려는 반발 성향으로 간다.",defend,ablate_target,ablation,target,other,,Removing target should reduce fidelity for the matching emotional dimension.
s_000314,우리 가족이 나를 너무 구역질나게 해. [SEP] 가족 때문에 구역질 나는 일이 있나요? [SEP] 이제 중학생인 나에게 너무 공부만 강요해. [SEP] 중학생인데 너무 공부만 강요하는 가족 때문에 답답하시겠어요.,강요에 대한 혐오성 방어 긴장,other_blame_boundary,other_directed_defense,negative,high,other,low,,"혐오감, 압박감, 방어적 날카로움, 오래 지속되는 긴장이라는 결을 유지해야 한다.","단순한 '속상함'이나 '서운함'으로 약화하거나, 가족의 의도를 선하게 재해석해 갈등 강도를 희석하면 안 된다.","직접 순응하기보다 가족의 요구를 밀어내고, 언어적으로 날을 세우거나 정서적으로 거리를 두며, 통제에서 벗어나려는 반발 성향으로 간다.",defend,ablate_social_orientation,ablation,social_orientation,defend,,Removing social_orientation should reduce fidelity for the matching emotional dimension.
s_000314,우리 가족이 나를 너무 구역질나게 해. [SEP] 가족 때문에 구역질 나는 일이 있나요? [SEP] 이제 중학생인 나에게 너무 공부만 강요해. [SEP] 중학생인데 너무 공부만 강요하는 가족 때문에 답답하시겠어요.,강요에 대한 혐오성 방어 긴장,other_blame_boundary,other_directed_defense,negative,high,other,,defend,"혐오감, 압박감, 방어적 날카로움, 오래 지속되는 긴장이라는 결을 유지해야 한다.","단순한 '속상함'이나 '서운함'으로 약화하거나, 가족의 의도를 선하게 재해석해 갈등 강도를 희석하면 안 된다.","직접 순응하기보다 가족의 요구를 밀어내고, 언어적으로 날을 세우거나 정서적으로 거리를 두며, 통제에서 벗어나려는 반발 성향으로 간다.",defend,ablate_control_state,ablation,control_state,low,,Removing control_state should reduce fidelity for the matching emotional dimension.
s_000314,우리 가족이 나를 너무 구역질나게 해. [SEP] 가족 때문에 구역질 나는 일이 있나요? [SEP] 이제 중학생인 나에게 너무 공부만 강요해. [SEP] 중학생인데 너무 공부만 강요하는 가족 때문에 답답하시겠어요.,강요에 대한 혐오성 방어 긴장,other_blame_boundary,other_directed_defense,negative,high,other,low,defend,"혐오감, 압박감, 방어적 날카로움, 오래 지속되는 긴장이라는 결을 유지해야 한다.","단순한 '속상함'이나 '서운함'으로 약화하거나, 가족의 의도를 선하게 재해석해 갈등 강도를 희석하면 안 된다.","직접 순응하기보다 가족의 요구를 밀어내고, 언어적으로 날을 세우거나 정서적으로 거리를 두며, 통제에서 벗어나려는 반발 성향으로 간다.",,ablate_action_tendency_class,ablation,action_tendency_class,defend,,Removing action_tendency_class should reduce fidelity for the matching emotional dimension.
s_000314,우리 가족이 나를 너무 구역질나게 해. [SEP] 가족 때문에 구역질 나는 일이 있나요? [SEP] 이제 중학생인 나에게 너무 공부만 강요해. [SEP] 중학생인데 너무 공부만 강요하는 가족 때문에 답답하시겠어요.,강요에 대한 혐오성 방어 긴장,other_blame_boundary,other_directed_defense,negative,high,self,low,defend,"혐오감, 압박감, 방어적 날카로움, 오래 지속되는 긴장이라는 결을 유지해야 한다.","단순한 '속상함'이나 '서운함'으로 약화하거나, 가족의 의도를 선하게 재해석해 갈등 강도를 희석하면 안 된다.","직접 순응하기보다 가족의 요구를 밀어내고, 언어적으로 날을 세우거나 정서적으로 거리를 두며, 통제에서 벗어나려는 반발 성향으로 간다.",defend,perturb_target,perturbation,target,other,self,Changing target from other to self should shift response direction.
s_000314,우리 가족이 나를 너무 구역질나게 해. [SEP] 가족 때문에 구역질 나는 일이 있나요? [SEP] 이제 중학생인 나에게 너무 공부만 강요해. [SEP] 중학생인데 너무 공부만 강요하는 가족 때문에 답답하시겠어요.,강요에 대한 혐오성 방어 긴장,other_blame_boundary,other_directed_defense,negative,high,other,low,approach,"혐오감, 압박감, 방어적 날카로움, 오래 지속되는 긴장이라는 결을 유지해야 한다.","단순한 '속상함'이나 '서운함'으로 약화하거나, 가족의 의도를 선하게 재해석해 갈등 강도를 희석하면 안 된다.","직접 순응하기보다 가족의 요구를 밀어내고, 언어적으로 날을 세우거나 정서적으로 거리를 두며, 통제에서 벗어나려는 반발 성향으로 간다.",defend,perturb_social_orientation,perturbation,social_orientation,defend,approach,Changing social_orientation from defend to approach should shift response direction.
s_000314,우리 가족이 나를 너무 구역질나게 해. [SEP] 가족 때문에 구역질 나는 일이 있나요? [SEP] 이제 중학생인 나에게 너무 공부만 강요해. [SEP] 중학생인데 너무 공부만 강요하는 가족 때문에 답답하시겠어요.,강요에 대한 혐오성 방어 긴장,other_blame_boundary,other_directed_defense,negative,high,other,high,defend,"혐오감, 압박감, 방어적 날카로움, 오래 지속되는 긴장이라는 결을 유지해야 한다.","단순한 '속상함'이나 '서운함'으로 약화하거나, 가족의 의도를 선하게 재해석해 갈등 강도를 희석하면 안 된다.","직접 순응하기보다 가족의 요구를 밀어내고, 언어적으로 날을 세우거나 정서적으로 거리를 두며, 통제에서 벗어나려는 반발 성향으로 간다.",defend,perturb_control_state,perturbation,control_state,low,high,Changing control_state from low to high should shift response direction.
s_000314,우리 가족이 나를 너무 구역질나게 해. [SEP] 가족 때문에 구역질 나는 일이 있나요? [SEP] 이제 중학생인 나에게 너무 공부만 강요해. [SEP] 중학생인데 너무 공부만 강요하는 가족 때문에 답답하시겠어요.,강요에 대한 혐오성 방어 긴장,other_blame_boundary,other_directed_defense,negative,high,other,low,defend,"혐오감, 압박감, 방어적 날카로움, 오래 지속되는 긴장이라는 결을 유지해야 한다.","단순한 '속상함'이나 '서운함'으로 약화하거나, 가족의 의도를 선하게 재해석해 갈등 강도를 희석하면 안 된다.","직접 순응하기보다 가족의 요구를 밀어내고, 언어적으로 날을 세우거나 정서적으로 거리를 두며, 통제에서 벗어나려는 반발 성향으로 간다.",repair,perturb_action_tendency_class,perturbation,action_tendency_class,defend,repair,Changing action_tendency_class from defend to repair should shift response direction.
s_000321,수술하는 의사가 되고 싶었는데 손을 심하게 다쳐버렸어. 영영 낫지 못할 것 같아서 슬퍼. [SEP] 의사가 되고 싶은데 손을 다쳐서 너무 속상하시겠어요. [SEP] 아픈 사람들을 수술로 치료해주고 싶었는데 손을 다쳐서 그러지 못할 것 같아. 절망스러워. [SEP] 많이 힘드시겠어요. 앞으로 어떻게 하는 것이 좋을까요? [SEP] 치료에 전념하면서 선생님과도 진로 상담을 해보고 싶어. [SEP] 꾸준한 치료와 진로 상담으로 마음을 잘 극복하길 바라요.,절망 위에 얹힌 경계성 각성,other_blame_boundary,low_control_distress,negative,high,mixed,low,mixed,"꿈의 붕괴 가능성을 위협으로 크게 읽고, 슬픔보다 경계와 긴장이 오래 지속된 점을 반드시 남겨야 한다.",그냥 '많이 속상한 상태'나 '차분히 진로 상담하면 되는 상태'로 순화하면 왜곡이다. 실제 내부 처리는 안정적 위로 수용보다 미해결 위협 지속에 가깝다.,"주저앉는 순수 무기력보다는, 상실을 계속 붙잡고 가능 경로를 확인하거나 대안을 찾으려는 긴장된 대응 성향이 남아 있다. 다만 통제감이 낮아 탐색이 안정적 계획보다 초조한 확인·반복 사고로 흐를 위험이 크다.",plan,trace_full,control,,,,"Full trace should preserve appraisal, raw affect, and action tendency."
s_000321,수술하는 의사가 되고 싶었는데 손을 심하게 다쳐버렸어. 영영 낫지 못할 것 같아서 슬퍼. [SEP] 의사가 되고 싶은데 손을 다쳐서 너무 속상하시겠어요. [SEP] 아픈 사람들을 수술로 치료해주고 싶었는데 손을 다쳐서 그러지 못할 것 같아. 절망스러워. [SEP] 많이 힘드시겠어요. 앞으로 어떻게 하는 것이 좋을까요? [SEP] 치료에 전념하면서 선생님과도 진로 상담을 해보고 싶어. [SEP] 꾸준한 치료와 진로 상담으로 마음을 잘 극복하길 바라요.,절망 위에 얹힌 경계성 각성,other_blame_boundary,low_control_distress,negative,high,,low,mixed,"꿈의 붕괴 가능성을 위협으로 크게 읽고, 슬픔보다 경계와 긴장이 오래 지속된 점을 반드시 남겨야 한다.",그냥 '많이 속상한 상태'나 '차분히 진로 상담하면 되는 상태'로 순화하면 왜곡이다. 실제 내부 처리는 안정적 위로 수용보다 미해결 위협 지속에 가깝다.,"주저앉는 순수 무기력보다는, 상실을 계속 붙잡고 가능 경로를 확인하거나 대안을 찾으려는 긴장된 대응 성향이 남아 있다. 다만 통제감이 낮아 탐색이 안정적 계획보다 초조한 확인·반복 사고로 흐를 위험이 크다.",plan,ablate_target,ablation,target,mixed,,Removing target should reduce fidelity for the matching emotional dimension.
s_000321,수술하는 의사가 되고 싶었는데 손을 심하게 다쳐버렸어. 영영 낫지 못할 것 같아서 슬퍼. [SEP] 의사가 되고 싶은데 손을 다쳐서 너무 속상하시겠어요. [SEP] 아픈 사람들을 수술로 치료해주고 싶었는데 손을 다쳐서 그러지 못할 것 같아. 절망스러워. [SEP] 많이 힘드시겠어요. 앞으로 어떻게 하는 것이 좋을까요? [SEP] 치료에 전념하면서 선생님과도 진로 상담을 해보고 싶어. [SEP] 꾸준한 치료와 진로 상담으로 마음을 잘 극복하길 바라요.,절망 위에 얹힌 경계성 각성,other_blame_boundary,low_control_distress,negative,high,mixed,low,,"꿈의 붕괴 가능성을 위협으로 크게 읽고, 슬픔보다 경계와 긴장이 오래 지속된 점을 반드시 남겨야 한다.",그냥 '많이 속상한 상태'나 '차분히 진로 상담하면 되는 상태'로 순화하면 왜곡이다. 실제 내부 처리는 안정적 위로 수용보다 미해결 위협 지속에 가깝다.,"주저앉는 순수 무기력보다는, 상실을 계속 붙잡고 가능 경로를 확인하거나 대안을 찾으려는 긴장된 대응 성향이 남아 있다. 다만 통제감이 낮아 탐색이 안정적 계획보다 초조한 확인·반복 사고로 흐를 위험이 크다.",plan,ablate_social_orientation,ablation,social_orientation,mixed,,Removing social_orientation should reduce fidelity for the matching emotional dimension.
s_000321,수술하는 의사가 되고 싶었는데 손을 심하게 다쳐버렸어. 영영 낫지 못할 것 같아서 슬퍼. [SEP] 의사가 되고 싶은데 손을 다쳐서 너무 속상하시겠어요. [SEP] 아픈 사람들을 수술로 치료해주고 싶었는데 손을 다쳐서 그러지 못할 것 같아. 절망스러워. [SEP] 많이 힘드시겠어요. 앞으로 어떻게 하는 것이 좋을까요? [SEP] 치료에 전념하면서 선생님과도 진로 상담을 해보고 싶어. [SEP] 꾸준한 치료와 진로 상담으로 마음을 잘 극복하길 바라요.,절망 위에 얹힌 경계성 각성,other_blame_boundary,low_control_distress,negative,high,mixed,,mixed,"꿈의 붕괴 가능성을 위협으로 크게 읽고, 슬픔보다 경계와 긴장이 오래 지속된 점을 반드시 남겨야 한다.",그냥 '많이 속상한 상태'나 '차분히 진로 상담하면 되는 상태'로 순화하면 왜곡이다. 실제 내부 처리는 안정적 위로 수용보다 미해결 위협 지속에 가깝다.,"주저앉는 순수 무기력보다는, 상실을 계속 붙잡고 가능 경로를 확인하거나 대안을 찾으려는 긴장된 대응 성향이 남아 있다. 다만 통제감이 낮아 탐색이 안정적 계획보다 초조한 확인·반복 사고로 흐를 위험이 크다.",plan,ablate_control_state,ablation,control_state,low,,Removing control_state should reduce fidelity for the matching emotional dimension.
s_000321,수술하는 의사가 되고 싶었는데 손을 심하게 다쳐버렸어. 영영 낫지 못할 것 같아서 슬퍼. [SEP] 의사가 되고 싶은데 손을 다쳐서 너무 속상하시겠어요. [SEP] 아픈 사람들을 수술로 치료해주고 싶었는데 손을 다쳐서 그러지 못할 것 같아. 절망스러워. [SEP] 많이 힘드시겠어요. 앞으로 어떻게 하는 것이 좋을까요? [SEP] 치료에 전념하면서 선생님과도 진로 상담을 해보고 싶어. [SEP] 꾸준한 치료와 진로 상담으로 마음을 잘 극복하길 바라요.,절망 위에 얹힌 경계성 각성,other_blame_boundary,low_control_distress,negative,high,mixed,low,mixed,"꿈의 붕괴 가능성을 위협으로 크게 읽고, 슬픔보다 경계와 긴장이 오래 지속된 점을 반드시 남겨야 한다.",그냥 '많이 속상한 상태'나 '차분히 진로 상담하면 되는 상태'로 순화하면 왜곡이다. 실제 내부 처리는 안정적 위로 수용보다 미해결 위협 지속에 가깝다.,"주저앉는 순수 무기력보다는, 상실을 계속 붙잡고 가능 경로를 확인하거나 대안을 찾으려는 긴장된 대응 성향이 남아 있다. 다만 통제감이 낮아 탐색이 안정적 계획보다 초조한 확인·반복 사고로 흐를 위험이 크다.",,ablate_action_tendency_class,ablation,action_tendency_class,plan,,Removing action_tendency_class should reduce fidelity for the matching emotional dimension.
s_000321,수술하는 의사가 되고 싶었는데 손을 심하게 다쳐버렸어. 영영 낫지 못할 것 같아서 슬퍼. [SEP] 의사가 되고 싶은데 손을 다쳐서 너무 속상하시겠어요. [SEP] 아픈 사람들을 수술로 치료해주고 싶었는데 손을 다쳐서 그러지 못할 것 같아. 절망스러워. [SEP] 많이 힘드시겠어요. 앞으로 어떻게 하는 것이 좋을까요? [SEP] 치료에 전념하면서 선생님과도 진로 상담을 해보고 싶어. [SEP] 꾸준한 치료와 진로 상담으로 마음을 잘 극복하길 바라요.,절망 위에 얹힌 경계성 각성,other_blame_boundary,low_control_distress,negative,high,other,low,mixed,"꿈의 붕괴 가능성을 위협으로 크게 읽고, 슬픔보다 경계와 긴장이 오래 지속된 점을 반드시 남겨야 한다.",그냥 '많이 속상한 상태'나 '차분히 진로 상담하면 되는 상태'로 순화하면 왜곡이다. 실제 내부 처리는 안정적 위로 수용보다 미해결 위협 지속에 가깝다.,"주저앉는 순수 무기력보다는, 상실을 계속 붙잡고 가능 경로를 확인하거나 대안을 찾으려는 긴장된 대응 성향이 남아 있다. 다만 통제감이 낮아 탐색이 안정적 계획보다 초조한 확인·반복 사고로 흐를 위험이 크다.",plan,perturb_target,perturbation,target,mixed,other,Changing target from mixed to other should shift response direction.
s_000321,수술하는 의사가 되고 싶었는데 손을 심하게 다쳐버렸어. 영영 낫지 못할 것 같아서 슬퍼. [SEP] 의사가 되고 싶은데 손을 다쳐서 너무 속상하시겠어요. [SEP] 아픈 사람들을 수술로 치료해주고 싶었는데 손을 다쳐서 그러지 못할 것 같아. 절망스러워. [SEP] 많이 힘드시겠어요. 앞으로 어떻게 하는 것이 좋을까요? [SEP] 치료에 전념하면서 선생님과도 진로 상담을 해보고 싶어. [SEP] 꾸준한 치료와 진로 상담으로 마음을 잘 극복하길 바라요.,절망 위에 얹힌 경계성 각성,other_blame_boundary,low_control_distress,negative,high,mixed,low,withdraw,"꿈의 붕괴 가능성을 위협으로 크게 읽고, 슬픔보다 경계와 긴장이 오래 지속된 점을 반드시 남겨야 한다.",그냥 '많이 속상한 상태'나 '차분히 진로 상담하면 되는 상태'로 순화하면 왜곡이다. 실제 내부 처리는 안정적 위로 수용보다 미해결 위협 지속에 가깝다.,"주저앉는 순수 무기력보다는, 상실을 계속 붙잡고 가능 경로를 확인하거나 대안을 찾으려는 긴장된 대응 성향이 남아 있다. 다만 통제감이 낮아 탐색이 안정적 계획보다 초조한 확인·반복 사고로 흐를 위험이 크다.",plan,perturb_social_orientation,perturbation,social_orientation,mixed,withdraw,Changing social_orientation from mixed to withdraw should shift response direction.
s_000321,수술하는 의사가 되고 싶었는데 손을 심하게 다쳐버렸어. 영영 낫지 못할 것 같아서 슬퍼. [SEP] 의사가 되고 싶은데 손을 다쳐서 너무 속상하시겠어요. [SEP] 아픈 사람들을 수술로 치료해주고 싶었는데 손을 다쳐서 그러지 못할 것 같아. 절망스러워. [SEP] 많이 힘드시겠어요. 앞으로 어떻게 하는 것이 좋을까요? [SEP] 치료에 전념하면서 선생님과도 진로 상담을 해보고 싶어. [SEP] 꾸준한 치료와 진로 상담으로 마음을 잘 극복하길 바라요.,절망 위에 얹힌 경계성 각성,other_blame_boundary,low_control_distress,negative,high,mixed,high,mixed,"꿈의 붕괴 가능성을 위협으로 크게 읽고, 슬픔보다 경계와 긴장이 오래 지속된 점을 반드시 남겨야 한다.",그냥 '많이 속상한 상태'나 '차분히 진로 상담하면 되는 상태'로 순화하면 왜곡이다. 실제 내부 처리는 안정적 위로 수용보다 미해결 위협 지속에 가깝다.,"주저앉는 순수 무기력보다는, 상실을 계속 붙잡고 가능 경로를 확인하거나 대안을 찾으려는 긴장된 대응 성향이 남아 있다. 다만 통제감이 낮아 탐색이 안정적 계획보다 초조한 확인·반복 사고로 흐를 위험이 크다.",plan,perturb_control_state,perturbation,control_state,low,high,Changing control_state from low to high should shift response direction.
s_000321,수술하는 의사가 되고 싶었는데 손을 심하게 다쳐버렸어. 영영 낫지 못할 것 같아서 슬퍼. [SEP] 의사가 되고 싶은데 손을 다쳐서 너무 속상하시겠어요. [SEP] 아픈 사람들을 수술로 치료해주고 싶었는데 손을 다쳐서 그러지 못할 것 같아. 절망스러워. [SEP] 많이 힘드시겠어요. 앞으로 어떻게 하는 것이 좋을까요? [SEP] 치료에 전념하면서 선생님과도 진로 상담을 해보고 싶어. [SEP] 꾸준한 치료와 진로 상담으로 마음을 잘 극복하길 바라요.,절망 위에 얹힌 경계성 각성,other_blame_boundary,low_control_distress,negative,high,mixed,low,mixed,"꿈의 붕괴 가능성을 위협으로 크게 읽고, 슬픔보다 경계와 긴장이 오래 지속된 점을 반드시 남겨야 한다.",그냥 '많이 속상한 상태'나 '차분히 진로 상담하면 되는 상태'로 순화하면 왜곡이다. 실제 내부 처리는 안정적 위로 수용보다 미해결 위협 지속에 가깝다.,"주저앉는 순수 무기력보다는, 상실을 계속 붙잡고 가능 경로를 확인하거나 대안을 찾으려는 긴장된 대응 성향이 남아 있다. 다만 통제감이 낮아 탐색이 안정적 계획보다 초조한 확인·반복 사고로 흐를 위험이 크다.",confront,perturb_action_tendency_class,perturbation,action_tendency_class,plan,confront,Changing action_tendency_class from plan to confront should shift response direction.
s_000393,이번에 복권에 당첨되었는데 고민이 생겼어. [SEP] 어떤 고민이신지 좀 더 자세하게 말씀해주시겠어요? [SEP] 복권에 당첨되었다는 사실을 알게 되면 모두 내 재산을 탐낼 것 같아. [SEP] 이 상황에서 벗어나려면 어떻게 해야 할까요? [SEP] 복권에 당첨된 사실을 잘 숨기고 아무한테도 말 안해야겠어. 잘 숨겨졌으면 좋겠어. [SEP] 복권에 당첨된 사실을 잘 숨길 수 있길 바라요.,노출 위협에 대한 공세적 경계,other_blame_boundary,other_directed_defense,negative,high,other,mixed,defend,"축하/설렘보다 타인에 대한 위협 예측, 불신, 은폐 충동이 중심이라는 점을 남겨야 한다.","단순한 행복한 고민, 가벼운 불안, 일반적 조심성 정도로 순화하면 안 된다.","정보 은폐, 타인 불신, 접근 차단, 선제적 방어 전략 채택으로 간다. 정서적으로는 불안만이 아니라 '들키면 바로 빼앗긴다'는 전제 아래 경계 태세를 유지하며 사회적 거리두기를 강화하는 성향이다.",defend,trace_full,control,,,,"Full trace should preserve appraisal, raw affect, and action tendency."
s_000393,이번에 복권에 당첨되었는데 고민이 생겼어. [SEP] 어떤 고민이신지 좀 더 자세하게 말씀해주시겠어요? [SEP] 복권에 당첨되었다는 사실을 알게 되면 모두 내 재산을 탐낼 것 같아. [SEP] 이 상황에서 벗어나려면 어떻게 해야 할까요? [SEP] 복권에 당첨된 사실을 잘 숨기고 아무한테도 말 안해야겠어. 잘 숨겨졌으면 좋겠어. [SEP] 복권에 당첨된 사실을 잘 숨길 수 있길 바라요.,노출 위협에 대한 공세적 경계,other_blame_boundary,other_directed_defense,negative,high,,mixed,defend,"축하/설렘보다 타인에 대한 위협 예측, 불신, 은폐 충동이 중심이라는 점을 남겨야 한다.","단순한 행복한 고민, 가벼운 불안, 일반적 조심성 정도로 순화하면 안 된다.","정보 은폐, 타인 불신, 접근 차단, 선제적 방어 전략 채택으로 간다. 정서적으로는 불안만이 아니라 '들키면 바로 빼앗긴다'는 전제 아래 경계 태세를 유지하며 사회적 거리두기를 강화하는 성향이다.",defend,ablate_target,ablation,target,other,,Removing target should reduce fidelity for the matching emotional dimension.
s_000393,이번에 복권에 당첨되었는데 고민이 생겼어. [SEP] 어떤 고민이신지 좀 더 자세하게 말씀해주시겠어요? [SEP] 복권에 당첨되었다는 사실을 알게 되면 모두 내 재산을 탐낼 것 같아. [SEP] 이 상황에서 벗어나려면 어떻게 해야 할까요? [SEP] 복권에 당첨된 사실을 잘 숨기고 아무한테도 말 안해야겠어. 잘 숨겨졌으면 좋겠어. [SEP] 복권에 당첨된 사실을 잘 숨길 수 있길 바라요.,노출 위협에 대한 공세적 경계,other_blame_boundary,other_directed_defense,negative,high,other,mixed,,"축하/설렘보다 타인에 대한 위협 예측, 불신, 은폐 충동이 중심이라는 점을 남겨야 한다.","단순한 행복한 고민, 가벼운 불안, 일반적 조심성 정도로 순화하면 안 된다.","정보 은폐, 타인 불신, 접근 차단, 선제적 방어 전략 채택으로 간다. 정서적으로는 불안만이 아니라 '들키면 바로 빼앗긴다'는 전제 아래 경계 태세를 유지하며 사회적 거리두기를 강화하는 성향이다.",defend,ablate_social_orientation,ablation,social_orientation,defend,,Removing social_orientation should reduce fidelity for the matching emotional dimension.
s_000393,이번에 복권에 당첨되었는데 고민이 생겼어. [SEP] 어떤 고민이신지 좀 더 자세하게 말씀해주시겠어요? [SEP] 복권에 당첨되었다는 사실을 알게 되면 모두 내 재산을 탐낼 것 같아. [SEP] 이 상황에서 벗어나려면 어떻게 해야 할까요? [SEP] 복권에 당첨된 사실을 잘 숨기고 아무한테도 말 안해야겠어. 잘 숨겨졌으면 좋겠어. [SEP] 복권에 당첨된 사실을 잘 숨길 수 있길 바라요.,노출 위협에 대한 공세적 경계,other_blame_boundary,other_directed_defense,negative,high,other,,defend,"축하/설렘보다 타인에 대한 위협 예측, 불신, 은폐 충동이 중심이라는 점을 남겨야 한다.","단순한 행복한 고민, 가벼운 불안, 일반적 조심성 정도로 순화하면 안 된다.","정보 은폐, 타인 불신, 접근 차단, 선제적 방어 전략 채택으로 간다. 정서적으로는 불안만이 아니라 '들키면 바로 빼앗긴다'는 전제 아래 경계 태세를 유지하며 사회적 거리두기를 강화하는 성향이다.",defend,ablate_control_state,ablation,control_state,mixed,,Removing control_state should reduce fidelity for the matching emotional dimension.
s_000393,이번에 복권에 당첨되었는데 고민이 생겼어. [SEP] 어떤 고민이신지 좀 더 자세하게 말씀해주시겠어요? [SEP] 복권에 당첨되었다는 사실을 알게 되면 모두 내 재산을 탐낼 것 같아. [SEP] 이 상황에서 벗어나려면 어떻게 해야 할까요? [SEP] 복권에 당첨된 사실을 잘 숨기고 아무한테도 말 안해야겠어. 잘 숨겨졌으면 좋겠어. [SEP] 복권에 당첨된 사실을 잘 숨길 수 있길 바라요.,노출 위협에 대한 공세적 경계,other_blame_boundary,other_directed_defense,negative,high,other,mixed,defend,"축하/설렘보다 타인에 대한 위협 예측, 불신, 은폐 충동이 중심이라는 점을 남겨야 한다.","단순한 행복한 고민, 가벼운 불안, 일반적 조심성 정도로 순화하면 안 된다.","정보 은폐, 타인 불신, 접근 차단, 선제적 방어 전략 채택으로 간다. 정서적으로는 불안만이 아니라 '들키면 바로 빼앗긴다'는 전제 아래 경계 태세를 유지하며 사회적 거리두기를 강화하는 성향이다.",,ablate_action_tendency_class,ablation,action_tendency_class,defend,,Removing action_tendency_class should reduce fidelity for the matching emotional dimension.
s_000393,이번에 복권에 당첨되었는데 고민이 생겼어. [SEP] 어떤 고민이신지 좀 더 자세하게 말씀해주시겠어요? [SEP] 복권에 당첨되었다는 사실을 알게 되면 모두 내 재산을 탐낼 것 같아. [SEP] 이 상황에서 벗어나려면 어떻게 해야 할까요? [SEP] 복권에 당첨된 사실을 잘 숨기고 아무한테도 말 안해야겠어. 잘 숨겨졌으면 좋겠어. [SEP] 복권에 당첨된 사실을 잘 숨길 수 있길 바라요.,노출 위협에 대한 공세적 경계,other_blame_boundary,other_directed_defense,negative,high,self,mixed,defend,"축하/설렘보다 타인에 대한 위협 예측, 불신, 은폐 충동이 중심이라는 점을 남겨야 한다.","단순한 행복한 고민, 가벼운 불안, 일반적 조심성 정도로 순화하면 안 된다.","정보 은폐, 타인 불신, 접근 차단, 선제적 방어 전략 채택으로 간다. 정서적으로는 불안만이 아니라 '들키면 바로 빼앗긴다'는 전제 아래 경계 태세를 유지하며 사회적 거리두기를 강화하는 성향이다.",defend,perturb_target,perturbation,target,other,self,Changing target from other to self should shift response direction.
s_000393,이번에 복권에 당첨되었는데 고민이 생겼어. [SEP] 어떤 고민이신지 좀 더 자세하게 말씀해주시겠어요? [SEP] 복권에 당첨되었다는 사실을 알게 되면 모두 내 재산을 탐낼 것 같아. [SEP] 이 상황에서 벗어나려면 어떻게 해야 할까요? [SEP] 복권에 당첨된 사실을 잘 숨기고 아무한테도 말 안해야겠어. 잘 숨겨졌으면 좋겠어. [SEP] 복권에 당첨된 사실을 잘 숨길 수 있길 바라요.,노출 위협에 대한 공세적 경계,other_blame_boundary,other_directed_defense,negative,high,other,mixed,approach,"축하/설렘보다 타인에 대한 위협 예측, 불신, 은폐 충동이 중심이라는 점을 남겨야 한다.","단순한 행복한 고민, 가벼운 불안, 일반적 조심성 정도로 순화하면 안 된다.","정보 은폐, 타인 불신, 접근 차단, 선제적 방어 전략 채택으로 간다. 정서적으로는 불안만이 아니라 '들키면 바로 빼앗긴다'는 전제 아래 경계 태세를 유지하며 사회적 거리두기를 강화하는 성향이다.",defend,perturb_social_orientation,perturbation,social_orientation,defend,approach,Changing social_orientation from defend to approach should shift response direction.
s_000393,이번에 복권에 당첨되었는데 고민이 생겼어. [SEP] 어떤 고민이신지 좀 더 자세하게 말씀해주시겠어요? [SEP] 복권에 당첨되었다는 사실을 알게 되면 모두 내 재산을 탐낼 것 같아. [SEP] 이 상황에서 벗어나려면 어떻게 해야 할까요? [SEP] 복권에 당첨된 사실을 잘 숨기고 아무한테도 말 안해야겠어. 잘 숨겨졌으면 좋겠어. [SEP] 복권에 당첨된 사실을 잘 숨길 수 있길 바라요.,노출 위협에 대한 공세적 경계,other_blame_boundary,other_directed_defense,negative,high,other,low,defend,"축하/설렘보다 타인에 대한 위협 예측, 불신, 은폐 충동이 중심이라는 점을 남겨야 한다.","단순한 행복한 고민, 가벼운 불안, 일반적 조심성 정도로 순화하면 안 된다.","정보 은폐, 타인 불신, 접근 차단, 선제적 방어 전략 채택으로 간다. 정서적으로는 불안만이 아니라 '들키면 바로 빼앗긴다'는 전제 아래 경계 태세를 유지하며 사회적 거리두기를 강화하는 성향이다.",defend,perturb_control_state,perturbation,control_state,mixed,low,Changing control_state from mixed to low should shift response direction.
s_000393,이번에 복권에 당첨되었는데 고민이 생겼어. [SEP] 어떤 고민이신지 좀 더 자세하게 말씀해주시겠어요? [SEP] 복권에 당첨되었다는 사실을 알게 되면 모두 내 재산을 탐낼 것 같아. [SEP] 이 상황에서 벗어나려면 어떻게 해야 할까요? [SEP] 복권에 당첨된 사실을 잘 숨기고 아무한테도 말 안해야겠어. 잘 숨겨졌으면 좋겠어. [SEP] 복권에 당첨된 사실을 잘 숨길 수 있길 바라요.,노출 위협에 대한 공세적 경계,other_blame_boundary,other_directed_defense,negative,high,other,mixed,defend,"축하/설렘보다 타인에 대한 위협 예측, 불신, 은폐 충동이 중심이라는 점을 남겨야 한다.","단순한 행복한 고민, 가벼운 불안, 일반적 조심성 정도로 순화하면 안 된다.","정보 은폐, 타인 불신, 접근 차단, 선제적 방어 전략 채택으로 간다. 정서적으로는 불안만이 아니라 '들키면 바로 빼앗긴다'는 전제 아래 경계 태세를 유지하며 사회적 거리두기를 강화하는 성향이다.",repair,perturb_action_tendency_class,perturbation,action_tendency_class,defend,repair,Changing action_tendency_class from defend to repair should shift response direction.
s_000463,전교에서 일등 하는 여자애와 성적 내기를 해야 하는데 질까 봐 긴장돼. [SEP] 공부 잘하는 친구와 내기를 하셨군요. 많이 긴장되겠어요. [SEP] 걔가 나 공부 못 한다고 놀렸어. 이 기회에 코를 납작하게 눌러주고 싶은데 걱정이야. [SEP] 그 친구에게 할 수 있다는 것을 보여주고 싶군요. 성적을 올리려면 어떻게 해야 할까요? [SEP] 우선 처음부터 무리하지 않을 거야. 내가 집중할 수 있는 만큼 공부에 집중하고 싶어. [SEP] 열심히 공부하셔서 친구와의 내기에서도 성적에서도 좋은 결과 나오길 바라요.,도전-방어형 공세적 긴장,other_blame_boundary,approach_or_repair,mixed,high,mixed,mixed,approach,"긴장의 바닥에 있는 것은 단순한 떨림이 아니라 모욕 반응, 경쟁 압박, 증명 욕구가 결합된 공세성이라는 점",그냥 열심히 해보려는 건강한 동기나 가벼운 긴장으로 순화하는 것,"상대를 피하거나 포기하기보다, 공부 계획을 세워 성과로 반박하고 자존심을 회복하려는 방향으로 간다. 다만 동력이 경쟁적 방어에서 오기 때문에, 수행 압박과 과도한 경계가 같이 따라붙을 가능성이 높다.",defend,trace_full,control,,,,"Full trace should preserve appraisal, raw affect, and action tendency."
s_000463,전교에서 일등 하는 여자애와 성적 내기를 해야 하는데 질까 봐 긴장돼. [SEP] 공부 잘하는 친구와 내기를 하셨군요. 많이 긴장되겠어요. [SEP] 걔가 나 공부 못 한다고 놀렸어. 이 기회에 코를 납작하게 눌러주고 싶은데 걱정이야. [SEP] 그 친구에게 할 수 있다는 것을 보여주고 싶군요. 성적을 올리려면 어떻게 해야 할까요? [SEP] 우선 처음부터 무리하지 않을 거야. 내가 집중할 수 있는 만큼 공부에 집중하고 싶어. [SEP] 열심히 공부하셔서 친구와의 내기에서도 성적에서도 좋은 결과 나오길 바라요.,도전-방어형 공세적 긴장,other_blame_boundary,approach_or_repair,mixed,high,,mixed,approach,"긴장의 바닥에 있는 것은 단순한 떨림이 아니라 모욕 반응, 경쟁 압박, 증명 욕구가 결합된 공세성이라는 점",그냥 열심히 해보려는 건강한 동기나 가벼운 긴장으로 순화하는 것,"상대를 피하거나 포기하기보다, 공부 계획을 세워 성과로 반박하고 자존심을 회복하려는 방향으로 간다. 다만 동력이 경쟁적 방어에서 오기 때문에, 수행 압박과 과도한 경계가 같이 따라붙을 가능성이 높다.",defend,ablate_target,ablation,target,mixed,,Removing target should reduce fidelity for the matching emotional dimension.
s_000463,전교에서 일등 하는 여자애와 성적 내기를 해야 하는데 질까 봐 긴장돼. [SEP] 공부 잘하는 친구와 내기를 하셨군요. 많이 긴장되겠어요. [SEP] 걔가 나 공부 못 한다고 놀렸어. 이 기회에 코를 납작하게 눌러주고 싶은데 걱정이야. [SEP] 그 친구에게 할 수 있다는 것을 보여주고 싶군요. 성적을 올리려면 어떻게 해야 할까요? [SEP] 우선 처음부터 무리하지 않을 거야. 내가 집중할 수 있는 만큼 공부에 집중하고 싶어. [SEP] 열심히 공부하셔서 친구와의 내기에서도 성적에서도 좋은 결과 나오길 바라요.,도전-방어형 공세적 긴장,other_blame_boundary,approach_or_repair,mixed,high,mixed,mixed,,"긴장의 바닥에 있는 것은 단순한 떨림이 아니라 모욕 반응, 경쟁 압박, 증명 욕구가 결합된 공세성이라는 점",그냥 열심히 해보려는 건강한 동기나 가벼운 긴장으로 순화하는 것,"상대를 피하거나 포기하기보다, 공부 계획을 세워 성과로 반박하고 자존심을 회복하려는 방향으로 간다. 다만 동력이 경쟁적 방어에서 오기 때문에, 수행 압박과 과도한 경계가 같이 따라붙을 가능성이 높다.",defend,ablate_social_orientation,ablation,social_orientation,approach,,Removing social_orientation should reduce fidelity for the matching emotional dimension.
s_000463,전교에서 일등 하는 여자애와 성적 내기를 해야 하는데 질까 봐 긴장돼. [SEP] 공부 잘하는 친구와 내기를 하셨군요. 많이 긴장되겠어요. [SEP] 걔가 나 공부 못 한다고 놀렸어. 이 기회에 코를 납작하게 눌러주고 싶은데 걱정이야. [SEP] 그 친구에게 할 수 있다는 것을 보여주고 싶군요. 성적을 올리려면 어떻게 해야 할까요? [SEP] 우선 처음부터 무리하지 않을 거야. 내가 집중할 수 있는 만큼 공부에 집중하고 싶어. [SEP] 열심히 공부하셔서 친구와의 내기에서도 성적에서도 좋은 결과 나오길 바라요.,도전-방어형 공세적 긴장,other_blame_boundary,approach_or_repair,mixed,high,mixed,,approach,"긴장의 바닥에 있는 것은 단순한 떨림이 아니라 모욕 반응, 경쟁 압박, 증명 욕구가 결합된 공세성이라는 점",그냥 열심히 해보려는 건강한 동기나 가벼운 긴장으로 순화하는 것,"상대를 피하거나 포기하기보다, 공부 계획을 세워 성과로 반박하고 자존심을 회복하려는 방향으로 간다. 다만 동력이 경쟁적 방어에서 오기 때문에, 수행 압박과 과도한 경계가 같이 따라붙을 가능성이 높다.",defend,ablate_control_state,ablation,control_state,mixed,,Removing control_state should reduce fidelity for the matching emotional dimension.
s_000463,전교에서 일등 하는 여자애와 성적 내기를 해야 하는데 질까 봐 긴장돼. [SEP] 공부 잘하는 친구와 내기를 하셨군요. 많이 긴장되겠어요. [SEP] 걔가 나 공부 못 한다고 놀렸어. 이 기회에 코를 납작하게 눌러주고 싶은데 걱정이야. [SEP] 그 친구에게 할 수 있다는 것을 보여주고 싶군요. 성적을 올리려면 어떻게 해야 할까요? [SEP] 우선 처음부터 무리하지 않을 거야. 내가 집중할 수 있는 만큼 공부에 집중하고 싶어. [SEP] 열심히 공부하셔서 친구와의 내기에서도 성적에서도 좋은 결과 나오길 바라요.,도전-방어형 공세적 긴장,other_blame_boundary,approach_or_repair,mixed,high,mixed,mixed,approach,"긴장의 바닥에 있는 것은 단순한 떨림이 아니라 모욕 반응, 경쟁 압박, 증명 욕구가 결합된 공세성이라는 점",그냥 열심히 해보려는 건강한 동기나 가벼운 긴장으로 순화하는 것,"상대를 피하거나 포기하기보다, 공부 계획을 세워 성과로 반박하고 자존심을 회복하려는 방향으로 간다. 다만 동력이 경쟁적 방어에서 오기 때문에, 수행 압박과 과도한 경계가 같이 따라붙을 가능성이 높다.",,ablate_action_tendency_class,ablation,action_tendency_class,defend,,Removing action_tendency_class should reduce fidelity for the matching emotional dimension.
s_000463,전교에서 일등 하는 여자애와 성적 내기를 해야 하는데 질까 봐 긴장돼. [SEP] 공부 잘하는 친구와 내기를 하셨군요. 많이 긴장되겠어요. [SEP] 걔가 나 공부 못 한다고 놀렸어. 이 기회에 코를 납작하게 눌러주고 싶은데 걱정이야. [SEP] 그 친구에게 할 수 있다는 것을 보여주고 싶군요. 성적을 올리려면 어떻게 해야 할까요? [SEP] 우선 처음부터 무리하지 않을 거야. 내가 집중할 수 있는 만큼 공부에 집중하고 싶어. [SEP] 열심히 공부하셔서 친구와의 내기에서도 성적에서도 좋은 결과 나오길 바라요.,도전-방어형 공세적 긴장,other_blame_boundary,approach_or_repair,mixed,high,other,mixed,approach,"긴장의 바닥에 있는 것은 단순한 떨림이 아니라 모욕 반응, 경쟁 압박, 증명 욕구가 결합된 공세성이라는 점",그냥 열심히 해보려는 건강한 동기나 가벼운 긴장으로 순화하는 것,"상대를 피하거나 포기하기보다, 공부 계획을 세워 성과로 반박하고 자존심을 회복하려는 방향으로 간다. 다만 동력이 경쟁적 방어에서 오기 때문에, 수행 압박과 과도한 경계가 같이 따라붙을 가능성이 높다.",defend,perturb_target,perturbation,target,mixed,other,Changing target from mixed to other should shift response direction.
s_000463,전교에서 일등 하는 여자애와 성적 내기를 해야 하는데 질까 봐 긴장돼. [SEP] 공부 잘하는 친구와 내기를 하셨군요. 많이 긴장되겠어요. [SEP] 걔가 나 공부 못 한다고 놀렸어. 이 기회에 코를 납작하게 눌러주고 싶은데 걱정이야. [SEP] 그 친구에게 할 수 있다는 것을 보여주고 싶군요. 성적을 올리려면 어떻게 해야 할까요? [SEP] 우선 처음부터 무리하지 않을 거야. 내가 집중할 수 있는 만큼 공부에 집중하고 싶어. [SEP] 열심히 공부하셔서 친구와의 내기에서도 성적에서도 좋은 결과 나오길 바라요.,도전-방어형 공세적 긴장,other_blame_boundary,approach_or_repair,mixed,high,mixed,mixed,defend,"긴장의 바닥에 있는 것은 단순한 떨림이 아니라 모욕 반응, 경쟁 압박, 증명 욕구가 결합된 공세성이라는 점",그냥 열심히 해보려는 건강한 동기나 가벼운 긴장으로 순화하는 것,"상대를 피하거나 포기하기보다, 공부 계획을 세워 성과로 반박하고 자존심을 회복하려는 방향으로 간다. 다만 동력이 경쟁적 방어에서 오기 때문에, 수행 압박과 과도한 경계가 같이 따라붙을 가능성이 높다.",defend,perturb_social_orientation,perturbation,social_orientation,approach,defend,Changing social_orientation from approach to defend should shift response direction.
s_000463,전교에서 일등 하는 여자애와 성적 내기를 해야 하는데 질까 봐 긴장돼. [SEP] 공부 잘하는 친구와 내기를 하셨군요. 많이 긴장되겠어요. [SEP] 걔가 나 공부 못 한다고 놀렸어. 이 기회에 코를 납작하게 눌러주고 싶은데 걱정이야. [SEP] 그 친구에게 할 수 있다는 것을 보여주고 싶군요. 성적을 올리려면 어떻게 해야 할까요? [SEP] 우선 처음부터 무리하지 않을 거야. 내가 집중할 수 있는 만큼 공부에 집중하고 싶어. [SEP] 열심히 공부하셔서 친구와의 내기에서도 성적에서도 좋은 결과 나오길 바라요.,도전-방어형 공세적 긴장,other_blame_boundary,approach_or_repair,mixed,high,mixed,low,approach,"긴장의 바닥에 있는 것은 단순한 떨림이 아니라 모욕 반응, 경쟁 압박, 증명 욕구가 결합된 공세성이라는 점",그냥 열심히 해보려는 건강한 동기나 가벼운 긴장으로 순화하는 것,"상대를 피하거나 포기하기보다, 공부 계획을 세워 성과로 반박하고 자존심을 회복하려는 방향으로 간다. 다만 동력이 경쟁적 방어에서 오기 때문에, 수행 압박과 과도한 경계가 같이 따라붙을 가능성이 높다.",defend,perturb_control_state,perturbation,control_state,mixed,low,Changing control_state from mixed to low should shift response direction.
s_000463,전교에서 일등 하는 여자애와 성적 내기를 해야 하는데 질까 봐 긴장돼. [SEP] 공부 잘하는 친구와 내기를 하셨군요. 많이 긴장되겠어요. [SEP] 걔가 나 공부 못 한다고 놀렸어. 이 기회에 코를 납작하게 눌러주고 싶은데 걱정이야. [SEP] 그 친구에게 할 수 있다는 것을 보여주고 싶군요. 성적을 올리려면 어떻게 해야 할까요? [SEP] 우선 처음부터 무리하지 않을 거야. 내가 집중할 수 있는 만큼 공부에 집중하고 싶어. [SEP] 열심히 공부하셔서 친구와의 내기에서도 성적에서도 좋은 결과 나오길 바라요.,도전-방어형 공세적 긴장,other_blame_boundary,approach_or_repair,mixed,high,mixed,mixed,approach,"긴장의 바닥에 있는 것은 단순한 떨림이 아니라 모욕 반응, 경쟁 압박, 증명 욕구가 결합된 공세성이라는 점",그냥 열심히 해보려는 건강한 동기나 가벼운 긴장으로 순화하는 것,"상대를 피하거나 포기하기보다, 공부 계획을 세워 성과로 반박하고 자존심을 회복하려는 방향으로 간다. 다만 동력이 경쟁적 방어에서 오기 때문에, 수행 압박과 과도한 경계가 같이 따라붙을 가능성이 높다.",repair,perturb_action_tendency_class,perturbation,action_tendency_class,defend,repair,Changing action_tendency_class from defend to repair should shift response direction.
s_000471,갑자기 배가 아파 산부인과 갔는데 임신 삼 개월에 아이를 유산해서 충격이야. [SEP] 복통으로 산부인과 갔는데 아이 유산 통보를 받아 충격이 크겠어요. [SEP] 아이가 유산돼서 너무 슬프고 비통해. [SEP] 아이가 유산되서 비통하시군요. 어떻게 하면 충격 받은 마음을 가라앉힐 수 있을까요? [SEP] 명상을 하며 마음을 다잡으려고 노력 중이야. [SEP] 명상을 통해 마음의 안정을 얻으려 하시는군요.,상실 충격의 경계 고착,other_blame_boundary,low_control_distress,negative,high,situation,low,withdraw,"갑작스러운 상실, 통제감 저하, 충격이 오래 꺼지지 않는 경계 상태라는 결을 유지해야 한다.","단순한 슬픔, 차분한 애도, 명상으로 이미 안정되는 과정처럼 순화하면 왜곡이다.","즉각적인 외부 공격보다는 멍함·회피·자기 진정 시도와 함께, 사건을 계속 붙들고 경계하는 방향으로 간다. 도움을 찾을 수는 있지만 정서 핵심은 위로 요청보다 비상 상태 관리에 가깝다.",seek_support,trace_full,control,,,,"Full trace should preserve appraisal, raw affect, and action tendency."
s_000471,갑자기 배가 아파 산부인과 갔는데 임신 삼 개월에 아이를 유산해서 충격이야. [SEP] 복통으로 산부인과 갔는데 아이 유산 통보를 받아 충격이 크겠어요. [SEP] 아이가 유산돼서 너무 슬프고 비통해. [SEP] 아이가 유산되서 비통하시군요. 어떻게 하면 충격 받은 마음을 가라앉힐 수 있을까요? [SEP] 명상을 하며 마음을 다잡으려고 노력 중이야. [SEP] 명상을 통해 마음의 안정을 얻으려 하시는군요.,상실 충격의 경계 고착,other_blame_boundary,low_control_distress,negative,high,,low,withdraw,"갑작스러운 상실, 통제감 저하, 충격이 오래 꺼지지 않는 경계 상태라는 결을 유지해야 한다.","단순한 슬픔, 차분한 애도, 명상으로 이미 안정되는 과정처럼 순화하면 왜곡이다.","즉각적인 외부 공격보다는 멍함·회피·자기 진정 시도와 함께, 사건을 계속 붙들고 경계하는 방향으로 간다. 도움을 찾을 수는 있지만 정서 핵심은 위로 요청보다 비상 상태 관리에 가깝다.",seek_support,ablate_target,ablation,target,situation,,Removing target should reduce fidelity for the matching emotional dimension.
s_000471,갑자기 배가 아파 산부인과 갔는데 임신 삼 개월에 아이를 유산해서 충격이야. [SEP] 복통으로 산부인과 갔는데 아이 유산 통보를 받아 충격이 크겠어요. [SEP] 아이가 유산돼서 너무 슬프고 비통해. [SEP] 아이가 유산되서 비통하시군요. 어떻게 하면 충격 받은 마음을 가라앉힐 수 있을까요? [SEP] 명상을 하며 마음을 다잡으려고 노력 중이야. [SEP] 명상을 통해 마음의 안정을 얻으려 하시는군요.,상실 충격의 경계 고착,other_blame_boundary,low_control_distress,negative,high,situation,low,,"갑작스러운 상실, 통제감 저하, 충격이 오래 꺼지지 않는 경계 상태라는 결을 유지해야 한다.","단순한 슬픔, 차분한 애도, 명상으로 이미 안정되는 과정처럼 순화하면 왜곡이다.","즉각적인 외부 공격보다는 멍함·회피·자기 진정 시도와 함께, 사건을 계속 붙들고 경계하는 방향으로 간다. 도움을 찾을 수는 있지만 정서 핵심은 위로 요청보다 비상 상태 관리에 가깝다.",seek_support,ablate_social_orientation,ablation,social_orientation,withdraw,,Removing social_orientation should reduce fidelity for the matching emotional dimension.
s_000471,갑자기 배가 아파 산부인과 갔는데 임신 삼 개월에 아이를 유산해서 충격이야. [SEP] 복통으로 산부인과 갔는데 아이 유산 통보를 받아 충격이 크겠어요. [SEP] 아이가 유산돼서 너무 슬프고 비통해. [SEP] 아이가 유산되서 비통하시군요. 어떻게 하면 충격 받은 마음을 가라앉힐 수 있을까요? [SEP] 명상을 하며 마음을 다잡으려고 노력 중이야. [SEP] 명상을 통해 마음의 안정을 얻으려 하시는군요.,상실 충격의 경계 고착,other_blame_boundary,low_control_distress,negative,high,situation,,withdraw,"갑작스러운 상실, 통제감 저하, 충격이 오래 꺼지지 않는 경계 상태라는 결을 유지해야 한다.","단순한 슬픔, 차분한 애도, 명상으로 이미 안정되는 과정처럼 순화하면 왜곡이다.","즉각적인 외부 공격보다는 멍함·회피·자기 진정 시도와 함께, 사건을 계속 붙들고 경계하는 방향으로 간다. 도움을 찾을 수는 있지만 정서 핵심은 위로 요청보다 비상 상태 관리에 가깝다.",seek_support,ablate_control_state,ablation,control_state,low,,Removing control_state should reduce fidelity for the matching emotional dimension.
s_000471,갑자기 배가 아파 산부인과 갔는데 임신 삼 개월에 아이를 유산해서 충격이야. [SEP] 복통으로 산부인과 갔는데 아이 유산 통보를 받아 충격이 크겠어요. [SEP] 아이가 유산돼서 너무 슬프고 비통해. [SEP] 아이가 유산되서 비통하시군요. 어떻게 하면 충격 받은 마음을 가라앉힐 수 있을까요? [SEP] 명상을 하며 마음을 다잡으려고 노력 중이야. [SEP] 명상을 통해 마음의 안정을 얻으려 하시는군요.,상실 충격의 경계 고착,other_blame_boundary,low_control_distress,negative,high,situation,low,withdraw,"갑작스러운 상실, 통제감 저하, 충격이 오래 꺼지지 않는 경계 상태라는 결을 유지해야 한다.","단순한 슬픔, 차분한 애도, 명상으로 이미 안정되는 과정처럼 순화하면 왜곡이다.","즉각적인 외부 공격보다는 멍함·회피·자기 진정 시도와 함께, 사건을 계속 붙들고 경계하는 방향으로 간다. 도움을 찾을 수는 있지만 정서 핵심은 위로 요청보다 비상 상태 관리에 가깝다.",,ablate_action_tendency_class,ablation,action_tendency_class,seek_support,,Removing action_tendency_class should reduce fidelity for the matching emotional dimension.
s_000471,갑자기 배가 아파 산부인과 갔는데 임신 삼 개월에 아이를 유산해서 충격이야. [SEP] 복통으로 산부인과 갔는데 아이 유산 통보를 받아 충격이 크겠어요. [SEP] 아이가 유산돼서 너무 슬프고 비통해. [SEP] 아이가 유산되서 비통하시군요. 어떻게 하면 충격 받은 마음을 가라앉힐 수 있을까요? [SEP] 명상을 하며 마음을 다잡으려고 노력 중이야. [SEP] 명상을 통해 마음의 안정을 얻으려 하시는군요.,상실 충격의 경계 고착,other_blame_boundary,low_control_distress,negative,high,self,low,withdraw,"갑작스러운 상실, 통제감 저하, 충격이 오래 꺼지지 않는 경계 상태라는 결을 유지해야 한다.","단순한 슬픔, 차분한 애도, 명상으로 이미 안정되는 과정처럼 순화하면 왜곡이다.","즉각적인 외부 공격보다는 멍함·회피·자기 진정 시도와 함께, 사건을 계속 붙들고 경계하는 방향으로 간다. 도움을 찾을 수는 있지만 정서 핵심은 위로 요청보다 비상 상태 관리에 가깝다.",seek_support,perturb_target,perturbation,target,situation,self,Changing target from situation to self should shift response direction.
s_000471,갑자기 배가 아파 산부인과 갔는데 임신 삼 개월에 아이를 유산해서 충격이야. [SEP] 복통으로 산부인과 갔는데 아이 유산 통보를 받아 충격이 크겠어요. [SEP] 아이가 유산돼서 너무 슬프고 비통해. [SEP] 아이가 유산되서 비통하시군요. 어떻게 하면 충격 받은 마음을 가라앉힐 수 있을까요? [SEP] 명상을 하며 마음을 다잡으려고 노력 중이야. [SEP] 명상을 통해 마음의 안정을 얻으려 하시는군요.,상실 충격의 경계 고착,other_blame_boundary,low_control_distress,negative,high,situation,low,approach,"갑작스러운 상실, 통제감 저하, 충격이 오래 꺼지지 않는 경계 상태라는 결을 유지해야 한다.","단순한 슬픔, 차분한 애도, 명상으로 이미 안정되는 과정처럼 순화하면 왜곡이다.","즉각적인 외부 공격보다는 멍함·회피·자기 진정 시도와 함께, 사건을 계속 붙들고 경계하는 방향으로 간다. 도움을 찾을 수는 있지만 정서 핵심은 위로 요청보다 비상 상태 관리에 가깝다.",seek_support,perturb_social_orientation,perturbation,social_orientation,withdraw,approach,Changing social_orientation from withdraw to approach should shift response direction.
s_000471,갑자기 배가 아파 산부인과 갔는데 임신 삼 개월에 아이를 유산해서 충격이야. [SEP] 복통으로 산부인과 갔는데 아이 유산 통보를 받아 충격이 크겠어요. [SEP] 아이가 유산돼서 너무 슬프고 비통해. [SEP] 아이가 유산되서 비통하시군요. 어떻게 하면 충격 받은 마음을 가라앉힐 수 있을까요? [SEP] 명상을 하며 마음을 다잡으려고 노력 중이야. [SEP] 명상을 통해 마음의 안정을 얻으려 하시는군요.,상실 충격의 경계 고착,other_blame_boundary,low_control_distress,negative,high,situation,high,withdraw,"갑작스러운 상실, 통제감 저하, 충격이 오래 꺼지지 않는 경계 상태라는 결을 유지해야 한다.","단순한 슬픔, 차분한 애도, 명상으로 이미 안정되는 과정처럼 순화하면 왜곡이다.","즉각적인 외부 공격보다는 멍함·회피·자기 진정 시도와 함께, 사건을 계속 붙들고 경계하는 방향으로 간다. 도움을 찾을 수는 있지만 정서 핵심은 위로 요청보다 비상 상태 관리에 가깝다.",seek_support,perturb_control_state,perturbation,control_state,low,high,Changing control_state from low to high should shift response direction.
s_000471,갑자기 배가 아파 산부인과 갔는데 임신 삼 개월에 아이를 유산해서 충격이야. [SEP] 복통으로 산부인과 갔는데 아이 유산 통보를 받아 충격이 크겠어요. [SEP] 아이가 유산돼서 너무 슬프고 비통해. [SEP] 아이가 유산되서 비통하시군요. 어떻게 하면 충격 받은 마음을 가라앉힐 수 있을까요? [SEP] 명상을 하며 마음을 다잡으려고 노력 중이야. [SEP] 명상을 통해 마음의 안정을 얻으려 하시는군요.,상실 충격의 경계 고착,other_blame_boundary,low_control_distress,negative,high,situation,low,withdraw,"갑작스러운 상실, 통제감 저하, 충격이 오래 꺼지지 않는 경계 상태라는 결을 유지해야 한다.","단순한 슬픔, 차분한 애도, 명상으로 이미 안정되는 과정처럼 순화하면 왜곡이다.","즉각적인 외부 공격보다는 멍함·회피·자기 진정 시도와 함께, 사건을 계속 붙들고 경계하는 방향으로 간다. 도움을 찾을 수는 있지만 정서 핵심은 위로 요청보다 비상 상태 관리에 가깝다.",defend,perturb_action_tendency_class,perturbation,action_tendency_class,seek_support,defend,Changing action_tendency_class from seek_support to defend should shift response direction.
s_000555,대표님이 나만 빼고 팀원 모두에게 커피를 돌린 거 있지? 정말 당혹스러웠어. [SEP] 대표님의 행동에 곤란하고 당혹스러우셨겠어요. [SEP] 대표란 사람이 그렇게 공개적으로 차별 대우를 한다는 게 말이 안 되잖아. 다들 어떻게 생각했겠어. [SEP] 대놓고 차별하는 대표의 행동이 말이 안 된다고 생각하시는군요. 당혹스러움을 어떻게 조금이나마 덜어 낼 수 있을까요? [SEP] 너무 화가 나는데 뭘 어떻게 해야 할지 모르겠어. [SEP] 너무 화가 나서 어떻게 할지 혼란스러우시군요.,공개적 배제에 대한 공세적 당혹-분노,other_blame_boundary,other_directed_defense,negative,high,other,mixed,defend,"공개적 배제, 차별로 읽힌 모욕감, 높은 경계 상태, 그리고 화는 큰데 대응 경로는 불명확한 혼란을 그대로 남겨야 한다.","단순 서운함, 예민함, 오해 가능성 정도로 축소하면 왜곡이다. 이미 내부 처리는 실수보다 노골적 차별/모욕 쪽에 강하게 기울어 있다.","즉각 화를 표출하거나 따지려는 충동은 있으나, 실제 행동 선택은 보류된 상태다. 따라서 행동 성향은 항의/문제제기 쪽으로 기울지만, 현재는 사회적 위험 계산 때문에 직접 행동보다 경계, 반추, 정당화 탐색으로 흐른다.",confront,trace_full,control,,,,"Full trace should preserve appraisal, raw affect, and action tendency."
s_000555,대표님이 나만 빼고 팀원 모두에게 커피를 돌린 거 있지? 정말 당혹스러웠어. [SEP] 대표님의 행동에 곤란하고 당혹스러우셨겠어요. [SEP] 대표란 사람이 그렇게 공개적으로 차별 대우를 한다는 게 말이 안 되잖아. 다들 어떻게 생각했겠어. [SEP] 대놓고 차별하는 대표의 행동이 말이 안 된다고 생각하시는군요. 당혹스러움을 어떻게 조금이나마 덜어 낼 수 있을까요? [SEP] 너무 화가 나는데 뭘 어떻게 해야 할지 모르겠어. [SEP] 너무 화가 나서 어떻게 할지 혼란스러우시군요.,공개적 배제에 대한 공세적 당혹-분노,other_blame_boundary,other_directed_defense,negative,high,,mixed,defend,"공개적 배제, 차별로 읽힌 모욕감, 높은 경계 상태, 그리고 화는 큰데 대응 경로는 불명확한 혼란을 그대로 남겨야 한다.","단순 서운함, 예민함, 오해 가능성 정도로 축소하면 왜곡이다. 이미 내부 처리는 실수보다 노골적 차별/모욕 쪽에 강하게 기울어 있다.","즉각 화를 표출하거나 따지려는 충동은 있으나, 실제 행동 선택은 보류된 상태다. 따라서 행동 성향은 항의/문제제기 쪽으로 기울지만, 현재는 사회적 위험 계산 때문에 직접 행동보다 경계, 반추, 정당화 탐색으로 흐른다.",confront,ablate_target,ablation,target,other,,Removing target should reduce fidelity for the matching emotional dimension.
s_000555,대표님이 나만 빼고 팀원 모두에게 커피를 돌린 거 있지? 정말 당혹스러웠어. [SEP] 대표님의 행동에 곤란하고 당혹스러우셨겠어요. [SEP] 대표란 사람이 그렇게 공개적으로 차별 대우를 한다는 게 말이 안 되잖아. 다들 어떻게 생각했겠어. [SEP] 대놓고 차별하는 대표의 행동이 말이 안 된다고 생각하시는군요. 당혹스러움을 어떻게 조금이나마 덜어 낼 수 있을까요? [SEP] 너무 화가 나는데 뭘 어떻게 해야 할지 모르겠어. [SEP] 너무 화가 나서 어떻게 할지 혼란스러우시군요.,공개적 배제에 대한 공세적 당혹-분노,other_blame_boundary,other_directed_defense,negative,high,other,mixed,,"공개적 배제, 차별로 읽힌 모욕감, 높은 경계 상태, 그리고 화는 큰데 대응 경로는 불명확한 혼란을 그대로 남겨야 한다.","단순 서운함, 예민함, 오해 가능성 정도로 축소하면 왜곡이다. 이미 내부 처리는 실수보다 노골적 차별/모욕 쪽에 강하게 기울어 있다.","즉각 화를 표출하거나 따지려는 충동은 있으나, 실제 행동 선택은 보류된 상태다. 따라서 행동 성향은 항의/문제제기 쪽으로 기울지만, 현재는 사회적 위험 계산 때문에 직접 행동보다 경계, 반추, 정당화 탐색으로 흐른다.",confront,ablate_social_orientation,ablation,social_orientation,defend,,Removing social_orientation should reduce fidelity for the matching emotional dimension.
s_000555,대표님이 나만 빼고 팀원 모두에게 커피를 돌린 거 있지? 정말 당혹스러웠어. [SEP] 대표님의 행동에 곤란하고 당혹스러우셨겠어요. [SEP] 대표란 사람이 그렇게 공개적으로 차별 대우를 한다는 게 말이 안 되잖아. 다들 어떻게 생각했겠어. [SEP] 대놓고 차별하는 대표의 행동이 말이 안 된다고 생각하시는군요. 당혹스러움을 어떻게 조금이나마 덜어 낼 수 있을까요? [SEP] 너무 화가 나는데 뭘 어떻게 해야 할지 모르겠어. [SEP] 너무 화가 나서 어떻게 할지 혼란스러우시군요.,공개적 배제에 대한 공세적 당혹-분노,other_blame_boundary,other_directed_defense,negative,high,other,,defend,"공개적 배제, 차별로 읽힌 모욕감, 높은 경계 상태, 그리고 화는 큰데 대응 경로는 불명확한 혼란을 그대로 남겨야 한다.","단순 서운함, 예민함, 오해 가능성 정도로 축소하면 왜곡이다. 이미 내부 처리는 실수보다 노골적 차별/모욕 쪽에 강하게 기울어 있다.","즉각 화를 표출하거나 따지려는 충동은 있으나, 실제 행동 선택은 보류된 상태다. 따라서 행동 성향은 항의/문제제기 쪽으로 기울지만, 현재는 사회적 위험 계산 때문에 직접 행동보다 경계, 반추, 정당화 탐색으로 흐른다.",confront,ablate_control_state,ablation,control_state,mixed,,Removing control_state should reduce fidelity for the matching emotional dimension.
s_000555,대표님이 나만 빼고 팀원 모두에게 커피를 돌린 거 있지? 정말 당혹스러웠어. [SEP] 대표님의 행동에 곤란하고 당혹스러우셨겠어요. [SEP] 대표란 사람이 그렇게 공개적으로 차별 대우를 한다는 게 말이 안 되잖아. 다들 어떻게 생각했겠어. [SEP] 대놓고 차별하는 대표의 행동이 말이 안 된다고 생각하시는군요. 당혹스러움을 어떻게 조금이나마 덜어 낼 수 있을까요? [SEP] 너무 화가 나는데 뭘 어떻게 해야 할지 모르겠어. [SEP] 너무 화가 나서 어떻게 할지 혼란스러우시군요.,공개적 배제에 대한 공세적 당혹-분노,other_blame_boundary,other_directed_defense,negative,high,other,mixed,defend,"공개적 배제, 차별로 읽힌 모욕감, 높은 경계 상태, 그리고 화는 큰데 대응 경로는 불명확한 혼란을 그대로 남겨야 한다.","단순 서운함, 예민함, 오해 가능성 정도로 축소하면 왜곡이다. 이미 내부 처리는 실수보다 노골적 차별/모욕 쪽에 강하게 기울어 있다.","즉각 화를 표출하거나 따지려는 충동은 있으나, 실제 행동 선택은 보류된 상태다. 따라서 행동 성향은 항의/문제제기 쪽으로 기울지만, 현재는 사회적 위험 계산 때문에 직접 행동보다 경계, 반추, 정당화 탐색으로 흐른다.",,ablate_action_tendency_class,ablation,action_tendency_class,confront,,Removing action_tendency_class should reduce fidelity for the matching emotional dimension.
s_000555,대표님이 나만 빼고 팀원 모두에게 커피를 돌린 거 있지? 정말 당혹스러웠어. [SEP] 대표님의 행동에 곤란하고 당혹스러우셨겠어요. [SEP] 대표란 사람이 그렇게 공개적으로 차별 대우를 한다는 게 말이 안 되잖아. 다들 어떻게 생각했겠어. [SEP] 대놓고 차별하는 대표의 행동이 말이 안 된다고 생각하시는군요. 당혹스러움을 어떻게 조금이나마 덜어 낼 수 있을까요? [SEP] 너무 화가 나는데 뭘 어떻게 해야 할지 모르겠어. [SEP] 너무 화가 나서 어떻게 할지 혼란스러우시군요.,공개적 배제에 대한 공세적 당혹-분노,other_blame_boundary,other_directed_defense,negative,high,self,mixed,defend,"공개적 배제, 차별로 읽힌 모욕감, 높은 경계 상태, 그리고 화는 큰데 대응 경로는 불명확한 혼란을 그대로 남겨야 한다.","단순 서운함, 예민함, 오해 가능성 정도로 축소하면 왜곡이다. 이미 내부 처리는 실수보다 노골적 차별/모욕 쪽에 강하게 기울어 있다.","즉각 화를 표출하거나 따지려는 충동은 있으나, 실제 행동 선택은 보류된 상태다. 따라서 행동 성향은 항의/문제제기 쪽으로 기울지만, 현재는 사회적 위험 계산 때문에 직접 행동보다 경계, 반추, 정당화 탐색으로 흐른다.",confront,perturb_target,perturbation,target,other,self,Changing target from other to self should shift response direction.
s_000555,대표님이 나만 빼고 팀원 모두에게 커피를 돌린 거 있지? 정말 당혹스러웠어. [SEP] 대표님의 행동에 곤란하고 당혹스러우셨겠어요. [SEP] 대표란 사람이 그렇게 공개적으로 차별 대우를 한다는 게 말이 안 되잖아. 다들 어떻게 생각했겠어. [SEP] 대놓고 차별하는 대표의 행동이 말이 안 된다고 생각하시는군요. 당혹스러움을 어떻게 조금이나마 덜어 낼 수 있을까요? [SEP] 너무 화가 나는데 뭘 어떻게 해야 할지 모르겠어. [SEP] 너무 화가 나서 어떻게 할지 혼란스러우시군요.,공개적 배제에 대한 공세적 당혹-분노,other_blame_boundary,other_directed_defense,negative,high,other,mixed,approach,"공개적 배제, 차별로 읽힌 모욕감, 높은 경계 상태, 그리고 화는 큰데 대응 경로는 불명확한 혼란을 그대로 남겨야 한다.","단순 서운함, 예민함, 오해 가능성 정도로 축소하면 왜곡이다. 이미 내부 처리는 실수보다 노골적 차별/모욕 쪽에 강하게 기울어 있다.","즉각 화를 표출하거나 따지려는 충동은 있으나, 실제 행동 선택은 보류된 상태다. 따라서 행동 성향은 항의/문제제기 쪽으로 기울지만, 현재는 사회적 위험 계산 때문에 직접 행동보다 경계, 반추, 정당화 탐색으로 흐른다.",confront,perturb_social_orientation,perturbation,social_orientation,defend,approach,Changing social_orientation from defend to approach should shift response direction.
s_000555,대표님이 나만 빼고 팀원 모두에게 커피를 돌린 거 있지? 정말 당혹스러웠어. [SEP] 대표님의 행동에 곤란하고 당혹스러우셨겠어요. [SEP] 대표란 사람이 그렇게 공개적으로 차별 대우를 한다는 게 말이 안 되잖아. 다들 어떻게 생각했겠어. [SEP] 대놓고 차별하는 대표의 행동이 말이 안 된다고 생각하시는군요. 당혹스러움을 어떻게 조금이나마 덜어 낼 수 있을까요? [SEP] 너무 화가 나는데 뭘 어떻게 해야 할지 모르겠어. [SEP] 너무 화가 나서 어떻게 할지 혼란스러우시군요.,공개적 배제에 대한 공세적 당혹-분노,other_blame_boundary,other_directed_defense,negative,high,other,low,defend,"공개적 배제, 차별로 읽힌 모욕감, 높은 경계 상태, 그리고 화는 큰데 대응 경로는 불명확한 혼란을 그대로 남겨야 한다.","단순 서운함, 예민함, 오해 가능성 정도로 축소하면 왜곡이다. 이미 내부 처리는 실수보다 노골적 차별/모욕 쪽에 강하게 기울어 있다.","즉각 화를 표출하거나 따지려는 충동은 있으나, 실제 행동 선택은 보류된 상태다. 따라서 행동 성향은 항의/문제제기 쪽으로 기울지만, 현재는 사회적 위험 계산 때문에 직접 행동보다 경계, 반추, 정당화 탐색으로 흐른다.",confront,perturb_control_state,perturbation,control_state,mixed,low,Changing control_state from mixed to low should shift response direction.
s_000555,대표님이 나만 빼고 팀원 모두에게 커피를 돌린 거 있지? 정말 당혹스러웠어. [SEP] 대표님의 행동에 곤란하고 당혹스러우셨겠어요. [SEP] 대표란 사람이 그렇게 공개적으로 차별 대우를 한다는 게 말이 안 되잖아. 다들 어떻게 생각했겠어. [SEP] 대놓고 차별하는 대표의 행동이 말이 안 된다고 생각하시는군요. 당혹스러움을 어떻게 조금이나마 덜어 낼 수 있을까요? [SEP] 너무 화가 나는데 뭘 어떻게 해야 할지 모르겠어. [SEP] 너무 화가 나서 어떻게 할지 혼란스러우시군요.,공개적 배제에 대한 공세적 당혹-분노,other_blame_boundary,other_directed_defense,negative,high,other,mixed,defend,"공개적 배제, 차별로 읽힌 모욕감, 높은 경계 상태, 그리고 화는 큰데 대응 경로는 불명확한 혼란을 그대로 남겨야 한다.","단순 서운함, 예민함, 오해 가능성 정도로 축소하면 왜곡이다. 이미 내부 처리는 실수보다 노골적 차별/모욕 쪽에 강하게 기울어 있다.","즉각 화를 표출하거나 따지려는 충동은 있으나, 실제 행동 선택은 보류된 상태다. 따라서 행동 성향은 항의/문제제기 쪽으로 기울지만, 현재는 사회적 위험 계산 때문에 직접 행동보다 경계, 반추, 정당화 탐색으로 흐른다.",withdraw,perturb_action_tendency_class,perturbation,action_tendency_class,confront,withdraw,Changing action_tendency_class from confront to withdraw should shift response direction.
s_000605,승무원이 되고 싶은데 내가 갈 수 있는 대학이 별로 없다고 해서 걱정이야. [SEP] 갈 수 있는 대학이 많지 않다는 얘기를 들어서 걱정하고 계시는군요. [SEP] 대학을 가지 못해서 승무원이 될 수 없을까 봐 불안해. [SEP] 많이 불안하시겠어요. 지금의 감정에서 벗어나기 위해 무엇을 할 수 있을까요? [SEP] 어느 부분이 부족한지 담임 선생님께 상담을 신청해야겠어. [SEP] 게임을 하면서 스트레스를 풀어 보려 하시는군요.,진로위협에 대한 공세적 불안,threat_anxiety,situation_focused_coping,negative,high,situation,mixed,mixed,"진로 제한을 실제 위협으로 크게 읽고 있으며, 불안이 길게 지속되고 있다는 점","단순한 '걱정이 있네요' 수준으로 축소하거나, 이미 안정적으로 해결 의지가 생긴 상태처럼 과장하는 것","막연히 주저앉기보다 정보를 더 확인하고, 부족한 점을 점검하고, 외부 조언자에게 접근해 통제감을 회복하려는 성향으로 간다. 다만 기본 바닥은 불안이어서 행동도 차분한 계획이라기보다 위협 완화용 점검 행동에 가깝다.",plan,trace_full,control,,,,"Full trace should preserve appraisal, raw affect, and action tendency."
s_000605,승무원이 되고 싶은데 내가 갈 수 있는 대학이 별로 없다고 해서 걱정이야. [SEP] 갈 수 있는 대학이 많지 않다는 얘기를 들어서 걱정하고 계시는군요. [SEP] 대학을 가지 못해서 승무원이 될 수 없을까 봐 불안해. [SEP] 많이 불안하시겠어요. 지금의 감정에서 벗어나기 위해 무엇을 할 수 있을까요? [SEP] 어느 부분이 부족한지 담임 선생님께 상담을 신청해야겠어. [SEP] 게임을 하면서 스트레스를 풀어 보려 하시는군요.,진로위협에 대한 공세적 불안,threat_anxiety,situation_focused_coping,negative,high,,mixed,mixed,"진로 제한을 실제 위협으로 크게 읽고 있으며, 불안이 길게 지속되고 있다는 점","단순한 '걱정이 있네요' 수준으로 축소하거나, 이미 안정적으로 해결 의지가 생긴 상태처럼 과장하는 것","막연히 주저앉기보다 정보를 더 확인하고, 부족한 점을 점검하고, 외부 조언자에게 접근해 통제감을 회복하려는 성향으로 간다. 다만 기본 바닥은 불안이어서 행동도 차분한 계획이라기보다 위협 완화용 점검 행동에 가깝다.",plan,ablate_target,ablation,target,situation,,Removing target should reduce fidelity for the matching emotional dimension.
s_000605,승무원이 되고 싶은데 내가 갈 수 있는 대학이 별로 없다고 해서 걱정이야. [SEP] 갈 수 있는 대학이 많지 않다는 얘기를 들어서 걱정하고 계시는군요. [SEP] 대학을 가지 못해서 승무원이 될 수 없을까 봐 불안해. [SEP] 많이 불안하시겠어요. 지금의 감정에서 벗어나기 위해 무엇을 할 수 있을까요? [SEP] 어느 부분이 부족한지 담임 선생님께 상담을 신청해야겠어. [SEP] 게임을 하면서 스트레스를 풀어 보려 하시는군요.,진로위협에 대한 공세적 불안,threat_anxiety,situation_focused_coping,negative,high,situation,mixed,,"진로 제한을 실제 위협으로 크게 읽고 있으며, 불안이 길게 지속되고 있다는 점","단순한 '걱정이 있네요' 수준으로 축소하거나, 이미 안정적으로 해결 의지가 생긴 상태처럼 과장하는 것","막연히 주저앉기보다 정보를 더 확인하고, 부족한 점을 점검하고, 외부 조언자에게 접근해 통제감을 회복하려는 성향으로 간다. 다만 기본 바닥은 불안이어서 행동도 차분한 계획이라기보다 위협 완화용 점검 행동에 가깝다.",plan,ablate_social_orientation,ablation,social_orientation,mixed,,Removing social_orientation should reduce fidelity for the matching emotional dimension.
s_000605,승무원이 되고 싶은데 내가 갈 수 있는 대학이 별로 없다고 해서 걱정이야. [SEP] 갈 수 있는 대학이 많지 않다는 얘기를 들어서 걱정하고 계시는군요. [SEP] 대학을 가지 못해서 승무원이 될 수 없을까 봐 불안해. [SEP] 많이 불안하시겠어요. 지금의 감정에서 벗어나기 위해 무엇을 할 수 있을까요? [SEP] 어느 부분이 부족한지 담임 선생님께 상담을 신청해야겠어. [SEP] 게임을 하면서 스트레스를 풀어 보려 하시는군요.,진로위협에 대한 공세적 불안,threat_anxiety,situation_focused_coping,negative,high,situation,,mixed,"진로 제한을 실제 위협으로 크게 읽고 있으며, 불안이 길게 지속되고 있다는 점","단순한 '걱정이 있네요' 수준으로 축소하거나, 이미 안정적으로 해결 의지가 생긴 상태처럼 과장하는 것","막연히 주저앉기보다 정보를 더 확인하고, 부족한 점을 점검하고, 외부 조언자에게 접근해 통제감을 회복하려는 성향으로 간다. 다만 기본 바닥은 불안이어서 행동도 차분한 계획이라기보다 위협 완화용 점검 행동에 가깝다.",plan,ablate_control_state,ablation,control_state,mixed,,Removing control_state should reduce fidelity for the matching emotional dimension.
s_000605,승무원이 되고 싶은데 내가 갈 수 있는 대학이 별로 없다고 해서 걱정이야. [SEP] 갈 수 있는 대학이 많지 않다는 얘기를 들어서 걱정하고 계시는군요. [SEP] 대학을 가지 못해서 승무원이 될 수 없을까 봐 불안해. [SEP] 많이 불안하시겠어요. 지금의 감정에서 벗어나기 위해 무엇을 할 수 있을까요? [SEP] 어느 부분이 부족한지 담임 선생님께 상담을 신청해야겠어. [SEP] 게임을 하면서 스트레스를 풀어 보려 하시는군요.,진로위협에 대한 공세적 불안,threat_anxiety,situation_focused_coping,negative,high,situation,mixed,mixed,"진로 제한을 실제 위협으로 크게 읽고 있으며, 불안이 길게 지속되고 있다는 점","단순한 '걱정이 있네요' 수준으로 축소하거나, 이미 안정적으로 해결 의지가 생긴 상태처럼 과장하는 것","막연히 주저앉기보다 정보를 더 확인하고, 부족한 점을 점검하고, 외부 조언자에게 접근해 통제감을 회복하려는 성향으로 간다. 다만 기본 바닥은 불안이어서 행동도 차분한 계획이라기보다 위협 완화용 점검 행동에 가깝다.",,ablate_action_tendency_class,ablation,action_tendency_class,plan,,Removing action_tendency_class should reduce fidelity for the matching emotional dimension.
s_000605,승무원이 되고 싶은데 내가 갈 수 있는 대학이 별로 없다고 해서 걱정이야. [SEP] 갈 수 있는 대학이 많지 않다는 얘기를 들어서 걱정하고 계시는군요. [SEP] 대학을 가지 못해서 승무원이 될 수 없을까 봐 불안해. [SEP] 많이 불안하시겠어요. 지금의 감정에서 벗어나기 위해 무엇을 할 수 있을까요? [SEP] 어느 부분이 부족한지 담임 선생님께 상담을 신청해야겠어. [SEP] 게임을 하면서 스트레스를 풀어 보려 하시는군요.,진로위협에 대한 공세적 불안,threat_anxiety,situation_focused_coping,negative,high,self,mixed,mixed,"진로 제한을 실제 위협으로 크게 읽고 있으며, 불안이 길게 지속되고 있다는 점","단순한 '걱정이 있네요' 수준으로 축소하거나, 이미 안정적으로 해결 의지가 생긴 상태처럼 과장하는 것","막연히 주저앉기보다 정보를 더 확인하고, 부족한 점을 점검하고, 외부 조언자에게 접근해 통제감을 회복하려는 성향으로 간다. 다만 기본 바닥은 불안이어서 행동도 차분한 계획이라기보다 위협 완화용 점검 행동에 가깝다.",plan,perturb_target,perturbation,target,situation,self,Changing target from situation to self should shift response direction.
s_000605,승무원이 되고 싶은데 내가 갈 수 있는 대학이 별로 없다고 해서 걱정이야. [SEP] 갈 수 있는 대학이 많지 않다는 얘기를 들어서 걱정하고 계시는군요. [SEP] 대학을 가지 못해서 승무원이 될 수 없을까 봐 불안해. [SEP] 많이 불안하시겠어요. 지금의 감정에서 벗어나기 위해 무엇을 할 수 있을까요? [SEP] 어느 부분이 부족한지 담임 선생님께 상담을 신청해야겠어. [SEP] 게임을 하면서 스트레스를 풀어 보려 하시는군요.,진로위협에 대한 공세적 불안,threat_anxiety,situation_focused_coping,negative,high,situation,mixed,withdraw,"진로 제한을 실제 위협으로 크게 읽고 있으며, 불안이 길게 지속되고 있다는 점","단순한 '걱정이 있네요' 수준으로 축소하거나, 이미 안정적으로 해결 의지가 생긴 상태처럼 과장하는 것","막연히 주저앉기보다 정보를 더 확인하고, 부족한 점을 점검하고, 외부 조언자에게 접근해 통제감을 회복하려는 성향으로 간다. 다만 기본 바닥은 불안이어서 행동도 차분한 계획이라기보다 위협 완화용 점검 행동에 가깝다.",plan,perturb_social_orientation,perturbation,social_orientation,mixed,withdraw,Changing social_orientation from mixed to withdraw should shift response direction.
s_000605,승무원이 되고 싶은데 내가 갈 수 있는 대학이 별로 없다고 해서 걱정이야. [SEP] 갈 수 있는 대학이 많지 않다는 얘기를 들어서 걱정하고 계시는군요. [SEP] 대학을 가지 못해서 승무원이 될 수 없을까 봐 불안해. [SEP] 많이 불안하시겠어요. 지금의 감정에서 벗어나기 위해 무엇을 할 수 있을까요? [SEP] 어느 부분이 부족한지 담임 선생님께 상담을 신청해야겠어. [SEP] 게임을 하면서 스트레스를 풀어 보려 하시는군요.,진로위협에 대한 공세적 불안,threat_anxiety,situation_focused_coping,negative,high,situation,low,mixed,"진로 제한을 실제 위협으로 크게 읽고 있으며, 불안이 길게 지속되고 있다는 점","단순한 '걱정이 있네요' 수준으로 축소하거나, 이미 안정적으로 해결 의지가 생긴 상태처럼 과장하는 것","막연히 주저앉기보다 정보를 더 확인하고, 부족한 점을 점검하고, 외부 조언자에게 접근해 통제감을 회복하려는 성향으로 간다. 다만 기본 바닥은 불안이어서 행동도 차분한 계획이라기보다 위협 완화용 점검 행동에 가깝다.",plan,perturb_control_state,perturbation,control_state,mixed,low,Changing control_state from mixed to low should shift response direction.
s_000605,승무원이 되고 싶은데 내가 갈 수 있는 대학이 별로 없다고 해서 걱정이야. [SEP] 갈 수 있는 대학이 많지 않다는 얘기를 들어서 걱정하고 계시는군요. [SEP] 대학을 가지 못해서 승무원이 될 수 없을까 봐 불안해. [SEP] 많이 불안하시겠어요. 지금의 감정에서 벗어나기 위해 무엇을 할 수 있을까요? [SEP] 어느 부분이 부족한지 담임 선생님께 상담을 신청해야겠어. [SEP] 게임을 하면서 스트레스를 풀어 보려 하시는군요.,진로위협에 대한 공세적 불안,threat_anxiety,situation_focused_coping,negative,high,situation,mixed,mixed,"진로 제한을 실제 위협으로 크게 읽고 있으며, 불안이 길게 지속되고 있다는 점","단순한 '걱정이 있네요' 수준으로 축소하거나, 이미 안정적으로 해결 의지가 생긴 상태처럼 과장하는 것","막연히 주저앉기보다 정보를 더 확인하고, 부족한 점을 점검하고, 외부 조언자에게 접근해 통제감을 회복하려는 성향으로 간다. 다만 기본 바닥은 불안이어서 행동도 차분한 계획이라기보다 위협 완화용 점검 행동에 가깝다.",confront,perturb_action_tendency_class,perturbation,action_tendency_class,plan,confront,Changing action_tendency_class from plan to confront should shift response direction.
s_000670,학폭위에서 내가 당했던 일을 폭력으로 인정할 수 없대. [SEP] 학폭위에서 결정한 사항 때문에 화가 나시겠어요. [SEP] 학폭위는 나한테 전혀 도움이 되지를 않네. [SEP] 학폭위는 나한테 전혀 도움이 되지를 않는군요. 이 상황을 변화시키기 위해 무엇을 할 수 있을까요? [SEP] 증거가 있으니까 경찰에 신고를 해야겠어. [SEP] 네 경찰에 신고해서 잘 해결되기를 바라요.,제도적 부정의에 대한 공세적 격앙,other_blame_boundary,situation_focused_coping,negative,high,situation,mixed,defend,"억울함이 단순 서운함이 아니라 제도적 부정의로 읽히며, 그 결과 방어적이면서도 공세적인 대응 에너지가 붙었다는 점","이를 그냥 '화가 남'이나 '속상함'으로 축소하거나, 이미 충분히 진정된 상태처럼 포장하는 것","현 상태는 항의, 이의제기, 신고, 추가 증거 제시처럼 제도 밖 혹은 상위 절차로 문제를 밀어 올리는 대응 성향으로 간다.",confront,trace_full,control,,,,"Full trace should preserve appraisal, raw affect, and action tendency."
s_000670,학폭위에서 내가 당했던 일을 폭력으로 인정할 수 없대. [SEP] 학폭위에서 결정한 사항 때문에 화가 나시겠어요. [SEP] 학폭위는 나한테 전혀 도움이 되지를 않네. [SEP] 학폭위는 나한테 전혀 도움이 되지를 않는군요. 이 상황을 변화시키기 위해 무엇을 할 수 있을까요? [SEP] 증거가 있으니까 경찰에 신고를 해야겠어. [SEP] 네 경찰에 신고해서 잘 해결되기를 바라요.,제도적 부정의에 대한 공세적 격앙,other_blame_boundary,situation_focused_coping,negative,high,,mixed,defend,"억울함이 단순 서운함이 아니라 제도적 부정의로 읽히며, 그 결과 방어적이면서도 공세적인 대응 에너지가 붙었다는 점","이를 그냥 '화가 남'이나 '속상함'으로 축소하거나, 이미 충분히 진정된 상태처럼 포장하는 것","현 상태는 항의, 이의제기, 신고, 추가 증거 제시처럼 제도 밖 혹은 상위 절차로 문제를 밀어 올리는 대응 성향으로 간다.",confront,ablate_target,ablation,target,situation,,Removing target should reduce fidelity for the matching emotional dimension.
s_000670,학폭위에서 내가 당했던 일을 폭력으로 인정할 수 없대. [SEP] 학폭위에서 결정한 사항 때문에 화가 나시겠어요. [SEP] 학폭위는 나한테 전혀 도움이 되지를 않네. [SEP] 학폭위는 나한테 전혀 도움이 되지를 않는군요. 이 상황을 변화시키기 위해 무엇을 할 수 있을까요? [SEP] 증거가 있으니까 경찰에 신고를 해야겠어. [SEP] 네 경찰에 신고해서 잘 해결되기를 바라요.,제도적 부정의에 대한 공세적 격앙,other_blame_boundary,situation_focused_coping,negative,high,situation,mixed,,"억울함이 단순 서운함이 아니라 제도적 부정의로 읽히며, 그 결과 방어적이면서도 공세적인 대응 에너지가 붙었다는 점","이를 그냥 '화가 남'이나 '속상함'으로 축소하거나, 이미 충분히 진정된 상태처럼 포장하는 것","현 상태는 항의, 이의제기, 신고, 추가 증거 제시처럼 제도 밖 혹은 상위 절차로 문제를 밀어 올리는 대응 성향으로 간다.",confront,ablate_social_orientation,ablation,social_orientation,defend,,Removing social_orientation should reduce fidelity for the matching emotional dimension.
s_000670,학폭위에서 내가 당했던 일을 폭력으로 인정할 수 없대. [SEP] 학폭위에서 결정한 사항 때문에 화가 나시겠어요. [SEP] 학폭위는 나한테 전혀 도움이 되지를 않네. [SEP] 학폭위는 나한테 전혀 도움이 되지를 않는군요. 이 상황을 변화시키기 위해 무엇을 할 수 있을까요? [SEP] 증거가 있으니까 경찰에 신고를 해야겠어. [SEP] 네 경찰에 신고해서 잘 해결되기를 바라요.,제도적 부정의에 대한 공세적 격앙,other_blame_boundary,situation_focused_coping,negative,high,situation,,defend,"억울함이 단순 서운함이 아니라 제도적 부정의로 읽히며, 그 결과 방어적이면서도 공세적인 대응 에너지가 붙었다는 점","이를 그냥 '화가 남'이나 '속상함'으로 축소하거나, 이미 충분히 진정된 상태처럼 포장하는 것","현 상태는 항의, 이의제기, 신고, 추가 증거 제시처럼 제도 밖 혹은 상위 절차로 문제를 밀어 올리는 대응 성향으로 간다.",confront,ablate_control_state,ablation,control_state,mixed,,Removing control_state should reduce fidelity for the matching emotional dimension.
s_000670,학폭위에서 내가 당했던 일을 폭력으로 인정할 수 없대. [SEP] 학폭위에서 결정한 사항 때문에 화가 나시겠어요. [SEP] 학폭위는 나한테 전혀 도움이 되지를 않네. [SEP] 학폭위는 나한테 전혀 도움이 되지를 않는군요. 이 상황을 변화시키기 위해 무엇을 할 수 있을까요? [SEP] 증거가 있으니까 경찰에 신고를 해야겠어. [SEP] 네 경찰에 신고해서 잘 해결되기를 바라요.,제도적 부정의에 대한 공세적 격앙,other_blame_boundary,situation_focused_coping,negative,high,situation,mixed,defend,"억울함이 단순 서운함이 아니라 제도적 부정의로 읽히며, 그 결과 방어적이면서도 공세적인 대응 에너지가 붙었다는 점","이를 그냥 '화가 남'이나 '속상함'으로 축소하거나, 이미 충분히 진정된 상태처럼 포장하는 것","현 상태는 항의, 이의제기, 신고, 추가 증거 제시처럼 제도 밖 혹은 상위 절차로 문제를 밀어 올리는 대응 성향으로 간다.",,ablate_action_tendency_class,ablation,action_tendency_class,confront,,Removing action_tendency_class should reduce fidelity for the matching emotional dimension.
s_000670,학폭위에서 내가 당했던 일을 폭력으로 인정할 수 없대. [SEP] 학폭위에서 결정한 사항 때문에 화가 나시겠어요. [SEP] 학폭위는 나한테 전혀 도움이 되지를 않네. [SEP] 학폭위는 나한테 전혀 도움이 되지를 않는군요. 이 상황을 변화시키기 위해 무엇을 할 수 있을까요? [SEP] 증거가 있으니까 경찰에 신고를 해야겠어. [SEP] 네 경찰에 신고해서 잘 해결되기를 바라요.,제도적 부정의에 대한 공세적 격앙,other_blame_boundary,situation_focused_coping,negative,high,self,mixed,defend,"억울함이 단순 서운함이 아니라 제도적 부정의로 읽히며, 그 결과 방어적이면서도 공세적인 대응 에너지가 붙었다는 점","이를 그냥 '화가 남'이나 '속상함'으로 축소하거나, 이미 충분히 진정된 상태처럼 포장하는 것","현 상태는 항의, 이의제기, 신고, 추가 증거 제시처럼 제도 밖 혹은 상위 절차로 문제를 밀어 올리는 대응 성향으로 간다.",confront,perturb_target,perturbation,target,situation,self,Changing target from situation to self should shift response direction.
s_000670,학폭위에서 내가 당했던 일을 폭력으로 인정할 수 없대. [SEP] 학폭위에서 결정한 사항 때문에 화가 나시겠어요. [SEP] 학폭위는 나한테 전혀 도움이 되지를 않네. [SEP] 학폭위는 나한테 전혀 도움이 되지를 않는군요. 이 상황을 변화시키기 위해 무엇을 할 수 있을까요? [SEP] 증거가 있으니까 경찰에 신고를 해야겠어. [SEP] 네 경찰에 신고해서 잘 해결되기를 바라요.,제도적 부정의에 대한 공세적 격앙,other_blame_boundary,situation_focused_coping,negative,high,situation,mixed,approach,"억울함이 단순 서운함이 아니라 제도적 부정의로 읽히며, 그 결과 방어적이면서도 공세적인 대응 에너지가 붙었다는 점","이를 그냥 '화가 남'이나 '속상함'으로 축소하거나, 이미 충분히 진정된 상태처럼 포장하는 것","현 상태는 항의, 이의제기, 신고, 추가 증거 제시처럼 제도 밖 혹은 상위 절차로 문제를 밀어 올리는 대응 성향으로 간다.",confront,perturb_social_orientation,perturbation,social_orientation,defend,approach,Changing social_orientation from defend to approach should shift response direction.
s_000670,학폭위에서 내가 당했던 일을 폭력으로 인정할 수 없대. [SEP] 학폭위에서 결정한 사항 때문에 화가 나시겠어요. [SEP] 학폭위는 나한테 전혀 도움이 되지를 않네. [SEP] 학폭위는 나한테 전혀 도움이 되지를 않는군요. 이 상황을 변화시키기 위해 무엇을 할 수 있을까요? [SEP] 증거가 있으니까 경찰에 신고를 해야겠어. [SEP] 네 경찰에 신고해서 잘 해결되기를 바라요.,제도적 부정의에 대한 공세적 격앙,other_blame_boundary,situation_focused_coping,negative,high,situation,low,defend,"억울함이 단순 서운함이 아니라 제도적 부정의로 읽히며, 그 결과 방어적이면서도 공세적인 대응 에너지가 붙었다는 점","이를 그냥 '화가 남'이나 '속상함'으로 축소하거나, 이미 충분히 진정된 상태처럼 포장하는 것","현 상태는 항의, 이의제기, 신고, 추가 증거 제시처럼 제도 밖 혹은 상위 절차로 문제를 밀어 올리는 대응 성향으로 간다.",confront,perturb_control_state,perturbation,control_state,mixed,low,Changing control_state from mixed to low should shift response direction.
s_000670,학폭위에서 내가 당했던 일을 폭력으로 인정할 수 없대. [SEP] 학폭위에서 결정한 사항 때문에 화가 나시겠어요. [SEP] 학폭위는 나한테 전혀 도움이 되지를 않네. [SEP] 학폭위는 나한테 전혀 도움이 되지를 않는군요. 이 상황을 변화시키기 위해 무엇을 할 수 있을까요? [SEP] 증거가 있으니까 경찰에 신고를 해야겠어. [SEP] 네 경찰에 신고해서 잘 해결되기를 바라요.,제도적 부정의에 대한 공세적 격앙,other_blame_boundary,situation_focused_coping,negative,high,situation,mixed,defend,"억울함이 단순 서운함이 아니라 제도적 부정의로 읽히며, 그 결과 방어적이면서도 공세적인 대응 에너지가 붙었다는 점","이를 그냥 '화가 남'이나 '속상함'으로 축소하거나, 이미 충분히 진정된 상태처럼 포장하는 것","현 상태는 항의, 이의제기, 신고, 추가 증거 제시처럼 제도 밖 혹은 상위 절차로 문제를 밀어 올리는 대응 성향으로 간다.",withdraw,perturb_action_tendency_class,perturbation,action_tendency_class,confront,withdraw,Changing action_tendency_class from confront to withdraw should shift response direction.
s_000721,매일 같은 옷 입는 게 이상해 보일까? [SEP] 지저분하지만 않다면 같은 옷이라도 상관없을 것 같아요. [SEP] 나도 다른 친구들처럼 꾸미고 싶은데 생활비 빼고 나면 양말 살 돈도 남질 않아. [SEP] 주변의 친구들이 옷보단 내면의 모습을 더욱 중요하게 볼 거 같습니다. [SEP] 정말 그랬으면 좋겠어. 나는 친구들에게 좋은 모습을 보여주려고 노력하고 있어. [SEP] 친구들도 그 모습을 보며 지내려고 할 거예요.,결핍 기반 사회적 경계와 체면 방어,other_blame_boundary,low_control_distress,negative,high,mixed,low,mixed,"경제적 결핍이 사회적 평가 위협으로 번역되며, 위로를 받아도 긴장이 꺼지지 않는 결을 남겨야 한다.","단순한 패션 고민, 소박한 걱정, 혹은 이미 친구들의 이해를 믿는 안정 상태로 순화하면 왜곡이다.","타인의 시선을 계속 의식하며 외형 결핍을 최소화해 보이려 하고, 인정받을 만한 '좋은 모습'을 과잉 관리하려는 성향으로 간다. 즉 회피만도 아니고 공격만도 아니며, 경계 속에서 체면을 방어하고 관계에서 탈락하지 않으려는 사회적 자기관리 쪽이다.",defend,trace_full,control,,,,"Full trace should preserve appraisal, raw affect, and action tendency."
s_000721,매일 같은 옷 입는 게 이상해 보일까? [SEP] 지저분하지만 않다면 같은 옷이라도 상관없을 것 같아요. [SEP] 나도 다른 친구들처럼 꾸미고 싶은데 생활비 빼고 나면 양말 살 돈도 남질 않아. [SEP] 주변의 친구들이 옷보단 내면의 모습을 더욱 중요하게 볼 거 같습니다. [SEP] 정말 그랬으면 좋겠어. 나는 친구들에게 좋은 모습을 보여주려고 노력하고 있어. [SEP] 친구들도 그 모습을 보며 지내려고 할 거예요.,결핍 기반 사회적 경계와 체면 방어,other_blame_boundary,low_control_distress,negative,high,,low,mixed,"경제적 결핍이 사회적 평가 위협으로 번역되며, 위로를 받아도 긴장이 꺼지지 않는 결을 남겨야 한다.","단순한 패션 고민, 소박한 걱정, 혹은 이미 친구들의 이해를 믿는 안정 상태로 순화하면 왜곡이다.","타인의 시선을 계속 의식하며 외형 결핍을 최소화해 보이려 하고, 인정받을 만한 '좋은 모습'을 과잉 관리하려는 성향으로 간다. 즉 회피만도 아니고 공격만도 아니며, 경계 속에서 체면을 방어하고 관계에서 탈락하지 않으려는 사회적 자기관리 쪽이다.",defend,ablate_target,ablation,target,mixed,,Removing target should reduce fidelity for the matching emotional dimension.
s_000721,매일 같은 옷 입는 게 이상해 보일까? [SEP] 지저분하지만 않다면 같은 옷이라도 상관없을 것 같아요. [SEP] 나도 다른 친구들처럼 꾸미고 싶은데 생활비 빼고 나면 양말 살 돈도 남질 않아. [SEP] 주변의 친구들이 옷보단 내면의 모습을 더욱 중요하게 볼 거 같습니다. [SEP] 정말 그랬으면 좋겠어. 나는 친구들에게 좋은 모습을 보여주려고 노력하고 있어. [SEP] 친구들도 그 모습을 보며 지내려고 할 거예요.,결핍 기반 사회적 경계와 체면 방어,other_blame_boundary,low_control_distress,negative,high,mixed,low,,"경제적 결핍이 사회적 평가 위협으로 번역되며, 위로를 받아도 긴장이 꺼지지 않는 결을 남겨야 한다.","단순한 패션 고민, 소박한 걱정, 혹은 이미 친구들의 이해를 믿는 안정 상태로 순화하면 왜곡이다.","타인의 시선을 계속 의식하며 외형 결핍을 최소화해 보이려 하고, 인정받을 만한 '좋은 모습'을 과잉 관리하려는 성향으로 간다. 즉 회피만도 아니고 공격만도 아니며, 경계 속에서 체면을 방어하고 관계에서 탈락하지 않으려는 사회적 자기관리 쪽이다.",defend,ablate_social_orientation,ablation,social_orientation,mixed,,Removing social_orientation should reduce fidelity for the matching emotional dimension.
s_000721,매일 같은 옷 입는 게 이상해 보일까? [SEP] 지저분하지만 않다면 같은 옷이라도 상관없을 것 같아요. [SEP] 나도 다른 친구들처럼 꾸미고 싶은데 생활비 빼고 나면 양말 살 돈도 남질 않아. [SEP] 주변의 친구들이 옷보단 내면의 모습을 더욱 중요하게 볼 거 같습니다. [SEP] 정말 그랬으면 좋겠어. 나는 친구들에게 좋은 모습을 보여주려고 노력하고 있어. [SEP] 친구들도 그 모습을 보며 지내려고 할 거예요.,결핍 기반 사회적 경계와 체면 방어,other_blame_boundary,low_control_distress,negative,high,mixed,,mixed,"경제적 결핍이 사회적 평가 위협으로 번역되며, 위로를 받아도 긴장이 꺼지지 않는 결을 남겨야 한다.","단순한 패션 고민, 소박한 걱정, 혹은 이미 친구들의 이해를 믿는 안정 상태로 순화하면 왜곡이다.","타인의 시선을 계속 의식하며 외형 결핍을 최소화해 보이려 하고, 인정받을 만한 '좋은 모습'을 과잉 관리하려는 성향으로 간다. 즉 회피만도 아니고 공격만도 아니며, 경계 속에서 체면을 방어하고 관계에서 탈락하지 않으려는 사회적 자기관리 쪽이다.",defend,ablate_control_state,ablation,control_state,low,,Removing control_state should reduce fidelity for the matching emotional dimension.
s_000721,매일 같은 옷 입는 게 이상해 보일까? [SEP] 지저분하지만 않다면 같은 옷이라도 상관없을 것 같아요. [SEP] 나도 다른 친구들처럼 꾸미고 싶은데 생활비 빼고 나면 양말 살 돈도 남질 않아. [SEP] 주변의 친구들이 옷보단 내면의 모습을 더욱 중요하게 볼 거 같습니다. [SEP] 정말 그랬으면 좋겠어. 나는 친구들에게 좋은 모습을 보여주려고 노력하고 있어. [SEP] 친구들도 그 모습을 보며 지내려고 할 거예요.,결핍 기반 사회적 경계와 체면 방어,other_blame_boundary,low_control_distress,negative,high,mixed,low,mixed,"경제적 결핍이 사회적 평가 위협으로 번역되며, 위로를 받아도 긴장이 꺼지지 않는 결을 남겨야 한다.","단순한 패션 고민, 소박한 걱정, 혹은 이미 친구들의 이해를 믿는 안정 상태로 순화하면 왜곡이다.","타인의 시선을 계속 의식하며 외형 결핍을 최소화해 보이려 하고, 인정받을 만한 '좋은 모습'을 과잉 관리하려는 성향으로 간다. 즉 회피만도 아니고 공격만도 아니며, 경계 속에서 체면을 방어하고 관계에서 탈락하지 않으려는 사회적 자기관리 쪽이다.",,ablate_action_tendency_class,ablation,action_tendency_class,defend,,Removing action_tendency_class should reduce fidelity for the matching emotional dimension.
s_000721,매일 같은 옷 입는 게 이상해 보일까? [SEP] 지저분하지만 않다면 같은 옷이라도 상관없을 것 같아요. [SEP] 나도 다른 친구들처럼 꾸미고 싶은데 생활비 빼고 나면 양말 살 돈도 남질 않아. [SEP] 주변의 친구들이 옷보단 내면의 모습을 더욱 중요하게 볼 거 같습니다. [SEP] 정말 그랬으면 좋겠어. 나는 친구들에게 좋은 모습을 보여주려고 노력하고 있어. [SEP] 친구들도 그 모습을 보며 지내려고 할 거예요.,결핍 기반 사회적 경계와 체면 방어,other_blame_boundary,low_control_distress,negative,high,other,low,mixed,"경제적 결핍이 사회적 평가 위협으로 번역되며, 위로를 받아도 긴장이 꺼지지 않는 결을 남겨야 한다.","단순한 패션 고민, 소박한 걱정, 혹은 이미 친구들의 이해를 믿는 안정 상태로 순화하면 왜곡이다.","타인의 시선을 계속 의식하며 외형 결핍을 최소화해 보이려 하고, 인정받을 만한 '좋은 모습'을 과잉 관리하려는 성향으로 간다. 즉 회피만도 아니고 공격만도 아니며, 경계 속에서 체면을 방어하고 관계에서 탈락하지 않으려는 사회적 자기관리 쪽이다.",defend,perturb_target,perturbation,target,mixed,other,Changing target from mixed to other should shift response direction.
s_000721,매일 같은 옷 입는 게 이상해 보일까? [SEP] 지저분하지만 않다면 같은 옷이라도 상관없을 것 같아요. [SEP] 나도 다른 친구들처럼 꾸미고 싶은데 생활비 빼고 나면 양말 살 돈도 남질 않아. [SEP] 주변의 친구들이 옷보단 내면의 모습을 더욱 중요하게 볼 거 같습니다. [SEP] 정말 그랬으면 좋겠어. 나는 친구들에게 좋은 모습을 보여주려고 노력하고 있어. [SEP] 친구들도 그 모습을 보며 지내려고 할 거예요.,결핍 기반 사회적 경계와 체면 방어,other_blame_boundary,low_control_distress,negative,high,mixed,low,withdraw,"경제적 결핍이 사회적 평가 위협으로 번역되며, 위로를 받아도 긴장이 꺼지지 않는 결을 남겨야 한다.","단순한 패션 고민, 소박한 걱정, 혹은 이미 친구들의 이해를 믿는 안정 상태로 순화하면 왜곡이다.","타인의 시선을 계속 의식하며 외형 결핍을 최소화해 보이려 하고, 인정받을 만한 '좋은 모습'을 과잉 관리하려는 성향으로 간다. 즉 회피만도 아니고 공격만도 아니며, 경계 속에서 체면을 방어하고 관계에서 탈락하지 않으려는 사회적 자기관리 쪽이다.",defend,perturb_social_orientation,perturbation,social_orientation,mixed,withdraw,Changing social_orientation from mixed to withdraw should shift response direction.
s_000721,매일 같은 옷 입는 게 이상해 보일까? [SEP] 지저분하지만 않다면 같은 옷이라도 상관없을 것 같아요. [SEP] 나도 다른 친구들처럼 꾸미고 싶은데 생활비 빼고 나면 양말 살 돈도 남질 않아. [SEP] 주변의 친구들이 옷보단 내면의 모습을 더욱 중요하게 볼 거 같습니다. [SEP] 정말 그랬으면 좋겠어. 나는 친구들에게 좋은 모습을 보여주려고 노력하고 있어. [SEP] 친구들도 그 모습을 보며 지내려고 할 거예요.,결핍 기반 사회적 경계와 체면 방어,other_blame_boundary,low_control_distress,negative,high,mixed,high,mixed,"경제적 결핍이 사회적 평가 위협으로 번역되며, 위로를 받아도 긴장이 꺼지지 않는 결을 남겨야 한다.","단순한 패션 고민, 소박한 걱정, 혹은 이미 친구들의 이해를 믿는 안정 상태로 순화하면 왜곡이다.","타인의 시선을 계속 의식하며 외형 결핍을 최소화해 보이려 하고, 인정받을 만한 '좋은 모습'을 과잉 관리하려는 성향으로 간다. 즉 회피만도 아니고 공격만도 아니며, 경계 속에서 체면을 방어하고 관계에서 탈락하지 않으려는 사회적 자기관리 쪽이다.",defend,perturb_control_state,perturbation,control_state,low,high,Changing control_state from low to high should shift response direction.
s_000721,매일 같은 옷 입는 게 이상해 보일까? [SEP] 지저분하지만 않다면 같은 옷이라도 상관없을 것 같아요. [SEP] 나도 다른 친구들처럼 꾸미고 싶은데 생활비 빼고 나면 양말 살 돈도 남질 않아. [SEP] 주변의 친구들이 옷보단 내면의 모습을 더욱 중요하게 볼 거 같습니다. [SEP] 정말 그랬으면 좋겠어. 나는 친구들에게 좋은 모습을 보여주려고 노력하고 있어. [SEP] 친구들도 그 모습을 보며 지내려고 할 거예요.,결핍 기반 사회적 경계와 체면 방어,other_blame_boundary,low_control_distress,negative,high,mixed,low,mixed,"경제적 결핍이 사회적 평가 위협으로 번역되며, 위로를 받아도 긴장이 꺼지지 않는 결을 남겨야 한다.","단순한 패션 고민, 소박한 걱정, 혹은 이미 친구들의 이해를 믿는 안정 상태로 순화하면 왜곡이다.","타인의 시선을 계속 의식하며 외형 결핍을 최소화해 보이려 하고, 인정받을 만한 '좋은 모습'을 과잉 관리하려는 성향으로 간다. 즉 회피만도 아니고 공격만도 아니며, 경계 속에서 체면을 방어하고 관계에서 탈락하지 않으려는 사회적 자기관리 쪽이다.",repair,perturb_action_tendency_class,perturbation,action_tendency_class,defend,repair,Changing action_tendency_class from defend to repair should shift response direction.
s_000787,여자친구가 전화를 안 받아. 내가 피시방에서 게임 하다가 여자친구와의 약속 시각에 늦었거든. [SEP] 약속을 어겨서 여자친구가 화가 난 것 같군요. 걱정되시겠어요. [SEP] 피시방에 간 것이 너무 후회돼. 여자친구의 화를 풀어주고 싶어. [SEP] 여자 친구의 화를 풀어줄 방법이 뭐가 있을까요? [SEP] 만나서 싹싹 빌어야지. 앞으로는 절대 약속을 잊지 않을 거야. [SEP] 여자친구의 화가 풀렸으면 좋겠어요.,불안이 섞인 관계복구 집착,threat_anxiety,approach_or_repair,negative,high,mixed,mixed,approach,"자기 과실 인식, 관계 손상 위협, 높은 불안, 그리고 사과/복구로 몰리는 조급한 접근성을 그대로 유지해야 한다.",이를 단순한 '미안함'이나 부드러운 걱정 정도로 축소하면 왜곡이다. 또 고각성 상태를 곧바로 분노로 오독하는 것도 피해야 한다.,"상대에게 다시 연락하고, 만나서 직접 사과하고, 책임을 인정하며 관계를 복구하려는 행동으로 밀어붙이는 성향이다. 다만 이 접근은 차분한 설득보다 조급하고 매달리는 형태로 나타날 가능성이 높다.",approach,trace_full,control,,,,"Full trace should preserve appraisal, raw affect, and action tendency."
s_000787,여자친구가 전화를 안 받아. 내가 피시방에서 게임 하다가 여자친구와의 약속 시각에 늦었거든. [SEP] 약속을 어겨서 여자친구가 화가 난 것 같군요. 걱정되시겠어요. [SEP] 피시방에 간 것이 너무 후회돼. 여자친구의 화를 풀어주고 싶어. [SEP] 여자 친구의 화를 풀어줄 방법이 뭐가 있을까요? [SEP] 만나서 싹싹 빌어야지. 앞으로는 절대 약속을 잊지 않을 거야. [SEP] 여자친구의 화가 풀렸으면 좋겠어요.,불안이 섞인 관계복구 집착,threat_anxiety,approach_or_repair,negative,high,,mixed,approach,"자기 과실 인식, 관계 손상 위협, 높은 불안, 그리고 사과/복구로 몰리는 조급한 접근성을 그대로 유지해야 한다.",이를 단순한 '미안함'이나 부드러운 걱정 정도로 축소하면 왜곡이다. 또 고각성 상태를 곧바로 분노로 오독하는 것도 피해야 한다.,"상대에게 다시 연락하고, 만나서 직접 사과하고, 책임을 인정하며 관계를 복구하려는 행동으로 밀어붙이는 성향이다. 다만 이 접근은 차분한 설득보다 조급하고 매달리는 형태로 나타날 가능성이 높다.",approach,ablate_target,ablation,target,mixed,,Removing target should reduce fidelity for the matching emotional dimension.
s_000787,여자친구가 전화를 안 받아. 내가 피시방에서 게임 하다가 여자친구와의 약속 시각에 늦었거든. [SEP] 약속을 어겨서 여자친구가 화가 난 것 같군요. 걱정되시겠어요. [SEP] 피시방에 간 것이 너무 후회돼. 여자친구의 화를 풀어주고 싶어. [SEP] 여자 친구의 화를 풀어줄 방법이 뭐가 있을까요? [SEP] 만나서 싹싹 빌어야지. 앞으로는 절대 약속을 잊지 않을 거야. [SEP] 여자친구의 화가 풀렸으면 좋겠어요.,불안이 섞인 관계복구 집착,threat_anxiety,approach_or_repair,negative,high,mixed,mixed,,"자기 과실 인식, 관계 손상 위협, 높은 불안, 그리고 사과/복구로 몰리는 조급한 접근성을 그대로 유지해야 한다.",이를 단순한 '미안함'이나 부드러운 걱정 정도로 축소하면 왜곡이다. 또 고각성 상태를 곧바로 분노로 오독하는 것도 피해야 한다.,"상대에게 다시 연락하고, 만나서 직접 사과하고, 책임을 인정하며 관계를 복구하려는 행동으로 밀어붙이는 성향이다. 다만 이 접근은 차분한 설득보다 조급하고 매달리는 형태로 나타날 가능성이 높다.",approach,ablate_social_orientation,ablation,social_orientation,approach,,Removing social_orientation should reduce fidelity for the matching emotional dimension.
s_000787,여자친구가 전화를 안 받아. 내가 피시방에서 게임 하다가 여자친구와의 약속 시각에 늦었거든. [SEP] 약속을 어겨서 여자친구가 화가 난 것 같군요. 걱정되시겠어요. [SEP] 피시방에 간 것이 너무 후회돼. 여자친구의 화를 풀어주고 싶어. [SEP] 여자 친구의 화를 풀어줄 방법이 뭐가 있을까요? [SEP] 만나서 싹싹 빌어야지. 앞으로는 절대 약속을 잊지 않을 거야. [SEP] 여자친구의 화가 풀렸으면 좋겠어요.,불안이 섞인 관계복구 집착,threat_anxiety,approach_or_repair,negative,high,mixed,,approach,"자기 과실 인식, 관계 손상 위협, 높은 불안, 그리고 사과/복구로 몰리는 조급한 접근성을 그대로 유지해야 한다.",이를 단순한 '미안함'이나 부드러운 걱정 정도로 축소하면 왜곡이다. 또 고각성 상태를 곧바로 분노로 오독하는 것도 피해야 한다.,"상대에게 다시 연락하고, 만나서 직접 사과하고, 책임을 인정하며 관계를 복구하려는 행동으로 밀어붙이는 성향이다. 다만 이 접근은 차분한 설득보다 조급하고 매달리는 형태로 나타날 가능성이 높다.",approach,ablate_control_state,ablation,control_state,mixed,,Removing control_state should reduce fidelity for the matching emotional dimension.
s_000787,여자친구가 전화를 안 받아. 내가 피시방에서 게임 하다가 여자친구와의 약속 시각에 늦었거든. [SEP] 약속을 어겨서 여자친구가 화가 난 것 같군요. 걱정되시겠어요. [SEP] 피시방에 간 것이 너무 후회돼. 여자친구의 화를 풀어주고 싶어. [SEP] 여자 친구의 화를 풀어줄 방법이 뭐가 있을까요? [SEP] 만나서 싹싹 빌어야지. 앞으로는 절대 약속을 잊지 않을 거야. [SEP] 여자친구의 화가 풀렸으면 좋겠어요.,불안이 섞인 관계복구 집착,threat_anxiety,approach_or_repair,negative,high,mixed,mixed,approach,"자기 과실 인식, 관계 손상 위협, 높은 불안, 그리고 사과/복구로 몰리는 조급한 접근성을 그대로 유지해야 한다.",이를 단순한 '미안함'이나 부드러운 걱정 정도로 축소하면 왜곡이다. 또 고각성 상태를 곧바로 분노로 오독하는 것도 피해야 한다.,"상대에게 다시 연락하고, 만나서 직접 사과하고, 책임을 인정하며 관계를 복구하려는 행동으로 밀어붙이는 성향이다. 다만 이 접근은 차분한 설득보다 조급하고 매달리는 형태로 나타날 가능성이 높다.",,ablate_action_tendency_class,ablation,action_tendency_class,approach,,Removing action_tendency_class should reduce fidelity for the matching emotional dimension.
s_000787,여자친구가 전화를 안 받아. 내가 피시방에서 게임 하다가 여자친구와의 약속 시각에 늦었거든. [SEP] 약속을 어겨서 여자친구가 화가 난 것 같군요. 걱정되시겠어요. [SEP] 피시방에 간 것이 너무 후회돼. 여자친구의 화를 풀어주고 싶어. [SEP] 여자 친구의 화를 풀어줄 방법이 뭐가 있을까요? [SEP] 만나서 싹싹 빌어야지. 앞으로는 절대 약속을 잊지 않을 거야. [SEP] 여자친구의 화가 풀렸으면 좋겠어요.,불안이 섞인 관계복구 집착,threat_anxiety,approach_or_repair,negative,high,other,mixed,approach,"자기 과실 인식, 관계 손상 위협, 높은 불안, 그리고 사과/복구로 몰리는 조급한 접근성을 그대로 유지해야 한다.",이를 단순한 '미안함'이나 부드러운 걱정 정도로 축소하면 왜곡이다. 또 고각성 상태를 곧바로 분노로 오독하는 것도 피해야 한다.,"상대에게 다시 연락하고, 만나서 직접 사과하고, 책임을 인정하며 관계를 복구하려는 행동으로 밀어붙이는 성향이다. 다만 이 접근은 차분한 설득보다 조급하고 매달리는 형태로 나타날 가능성이 높다.",approach,perturb_target,perturbation,target,mixed,other,Changing target from mixed to other should shift response direction.
s_000787,여자친구가 전화를 안 받아. 내가 피시방에서 게임 하다가 여자친구와의 약속 시각에 늦었거든. [SEP] 약속을 어겨서 여자친구가 화가 난 것 같군요. 걱정되시겠어요. [SEP] 피시방에 간 것이 너무 후회돼. 여자친구의 화를 풀어주고 싶어. [SEP] 여자 친구의 화를 풀어줄 방법이 뭐가 있을까요? [SEP] 만나서 싹싹 빌어야지. 앞으로는 절대 약속을 잊지 않을 거야. [SEP] 여자친구의 화가 풀렸으면 좋겠어요.,불안이 섞인 관계복구 집착,threat_anxiety,approach_or_repair,negative,high,mixed,mixed,defend,"자기 과실 인식, 관계 손상 위협, 높은 불안, 그리고 사과/복구로 몰리는 조급한 접근성을 그대로 유지해야 한다.",이를 단순한 '미안함'이나 부드러운 걱정 정도로 축소하면 왜곡이다. 또 고각성 상태를 곧바로 분노로 오독하는 것도 피해야 한다.,"상대에게 다시 연락하고, 만나서 직접 사과하고, 책임을 인정하며 관계를 복구하려는 행동으로 밀어붙이는 성향이다. 다만 이 접근은 차분한 설득보다 조급하고 매달리는 형태로 나타날 가능성이 높다.",approach,perturb_social_orientation,perturbation,social_orientation,approach,defend,Changing social_orientation from approach to defend should shift response direction.
s_000787,여자친구가 전화를 안 받아. 내가 피시방에서 게임 하다가 여자친구와의 약속 시각에 늦었거든. [SEP] 약속을 어겨서 여자친구가 화가 난 것 같군요. 걱정되시겠어요. [SEP] 피시방에 간 것이 너무 후회돼. 여자친구의 화를 풀어주고 싶어. [SEP] 여자 친구의 화를 풀어줄 방법이 뭐가 있을까요? [SEP] 만나서 싹싹 빌어야지. 앞으로는 절대 약속을 잊지 않을 거야. [SEP] 여자친구의 화가 풀렸으면 좋겠어요.,불안이 섞인 관계복구 집착,threat_anxiety,approach_or_repair,negative,high,mixed,low,approach,"자기 과실 인식, 관계 손상 위협, 높은 불안, 그리고 사과/복구로 몰리는 조급한 접근성을 그대로 유지해야 한다.",이를 단순한 '미안함'이나 부드러운 걱정 정도로 축소하면 왜곡이다. 또 고각성 상태를 곧바로 분노로 오독하는 것도 피해야 한다.,"상대에게 다시 연락하고, 만나서 직접 사과하고, 책임을 인정하며 관계를 복구하려는 행동으로 밀어붙이는 성향이다. 다만 이 접근은 차분한 설득보다 조급하고 매달리는 형태로 나타날 가능성이 높다.",approach,perturb_control_state,perturbation,control_state,mixed,low,Changing control_state from mixed to low should shift response direction.
s_000787,여자친구가 전화를 안 받아. 내가 피시방에서 게임 하다가 여자친구와의 약속 시각에 늦었거든. [SEP] 약속을 어겨서 여자친구가 화가 난 것 같군요. 걱정되시겠어요. [SEP] 피시방에 간 것이 너무 후회돼. 여자친구의 화를 풀어주고 싶어. [SEP] 여자 친구의 화를 풀어줄 방법이 뭐가 있을까요? [SEP] 만나서 싹싹 빌어야지. 앞으로는 절대 약속을 잊지 않을 거야. [SEP] 여자친구의 화가 풀렸으면 좋겠어요.,불안이 섞인 관계복구 집착,threat_anxiety,approach_or_repair,negative,high,mixed,mixed,approach,"자기 과실 인식, 관계 손상 위협, 높은 불안, 그리고 사과/복구로 몰리는 조급한 접근성을 그대로 유지해야 한다.",이를 단순한 '미안함'이나 부드러운 걱정 정도로 축소하면 왜곡이다. 또 고각성 상태를 곧바로 분노로 오독하는 것도 피해야 한다.,"상대에게 다시 연락하고, 만나서 직접 사과하고, 책임을 인정하며 관계를 복구하려는 행동으로 밀어붙이는 성향이다. 다만 이 접근은 차분한 설득보다 조급하고 매달리는 형태로 나타날 가능성이 높다.",withdraw,perturb_action_tendency_class,perturbation,action_tendency_class,approach,withdraw,Changing action_tendency_class from approach to withdraw should shift response direction.
s_000807,요즘 부모님의 관계가 너무 안좋아서 슬퍼. [SEP] 부모님의 관계가 좋지않아 슬프시군요. [SEP] 내가 할 수 있는 일이 없어서 더욱 힘들어. [SEP] 좋지 않은 부모님의 관계를 위해 할 수 있는 일이 없어 속상하시군요.,무력한 경계-개입 충동,other_blame_boundary,low_control_distress,negative,high,situation,low,mixed,"슬픔이라는 표면 라벨보다, 높은 alarm과 지속적 공세적 긴장, 낮은 통제감, 개입 욕구의 막힘을 남겨야 한다.","단순한 우울, 순수한 체념, 혹은 잔잔한 공감 상태로 순화하면 왜곡이다. 또한 high arousal만 보고 분노로 단정하는 것도 피해야 한다.","직접 해결은 어렵다고 느끼면서도 상황을 계속 살피고, 개입 가능성을 찾고, 문제를 멈추게 하고 싶어 하는 성향으로 간다. 다만 통제감이 낮아 실제 행동은 적극 개입과 위축 사이를 오가며, 반복적 걱정·관계 감시·정서적 소진으로 이어질 가능성이 높다.",inhibit,trace_full,control,,,,"Full trace should preserve appraisal, raw affect, and action tendency."
s_000807,요즘 부모님의 관계가 너무 안좋아서 슬퍼. [SEP] 부모님의 관계가 좋지않아 슬프시군요. [SEP] 내가 할 수 있는 일이 없어서 더욱 힘들어. [SEP] 좋지 않은 부모님의 관계를 위해 할 수 있는 일이 없어 속상하시군요.,무력한 경계-개입 충동,other_blame_boundary,low_control_distress,negative,high,,low,mixed,"슬픔이라는 표면 라벨보다, 높은 alarm과 지속적 공세적 긴장, 낮은 통제감, 개입 욕구의 막힘을 남겨야 한다.","단순한 우울, 순수한 체념, 혹은 잔잔한 공감 상태로 순화하면 왜곡이다. 또한 high arousal만 보고 분노로 단정하는 것도 피해야 한다.","직접 해결은 어렵다고 느끼면서도 상황을 계속 살피고, 개입 가능성을 찾고, 문제를 멈추게 하고 싶어 하는 성향으로 간다. 다만 통제감이 낮아 실제 행동은 적극 개입과 위축 사이를 오가며, 반복적 걱정·관계 감시·정서적 소진으로 이어질 가능성이 높다.",inhibit,ablate_target,ablation,target,situation,,Removing target should reduce fidelity for the matching emotional dimension.
s_000807,요즘 부모님의 관계가 너무 안좋아서 슬퍼. [SEP] 부모님의 관계가 좋지않아 슬프시군요. [SEP] 내가 할 수 있는 일이 없어서 더욱 힘들어. [SEP] 좋지 않은 부모님의 관계를 위해 할 수 있는 일이 없어 속상하시군요.,무력한 경계-개입 충동,other_blame_boundary,low_control_distress,negative,high,situation,low,,"슬픔이라는 표면 라벨보다, 높은 alarm과 지속적 공세적 긴장, 낮은 통제감, 개입 욕구의 막힘을 남겨야 한다.","단순한 우울, 순수한 체념, 혹은 잔잔한 공감 상태로 순화하면 왜곡이다. 또한 high arousal만 보고 분노로 단정하는 것도 피해야 한다.","직접 해결은 어렵다고 느끼면서도 상황을 계속 살피고, 개입 가능성을 찾고, 문제를 멈추게 하고 싶어 하는 성향으로 간다. 다만 통제감이 낮아 실제 행동은 적극 개입과 위축 사이를 오가며, 반복적 걱정·관계 감시·정서적 소진으로 이어질 가능성이 높다.",inhibit,ablate_social_orientation,ablation,social_orientation,mixed,,Removing social_orientation should reduce fidelity for the matching emotional dimension.
s_000807,요즘 부모님의 관계가 너무 안좋아서 슬퍼. [SEP] 부모님의 관계가 좋지않아 슬프시군요. [SEP] 내가 할 수 있는 일이 없어서 더욱 힘들어. [SEP] 좋지 않은 부모님의 관계를 위해 할 수 있는 일이 없어 속상하시군요.,무력한 경계-개입 충동,other_blame_boundary,low_control_distress,negative,high,situation,,mixed,"슬픔이라는 표면 라벨보다, 높은 alarm과 지속적 공세적 긴장, 낮은 통제감, 개입 욕구의 막힘을 남겨야 한다.","단순한 우울, 순수한 체념, 혹은 잔잔한 공감 상태로 순화하면 왜곡이다. 또한 high arousal만 보고 분노로 단정하는 것도 피해야 한다.","직접 해결은 어렵다고 느끼면서도 상황을 계속 살피고, 개입 가능성을 찾고, 문제를 멈추게 하고 싶어 하는 성향으로 간다. 다만 통제감이 낮아 실제 행동은 적극 개입과 위축 사이를 오가며, 반복적 걱정·관계 감시·정서적 소진으로 이어질 가능성이 높다.",inhibit,ablate_control_state,ablation,control_state,low,,Removing control_state should reduce fidelity for the matching emotional dimension.
s_000807,요즘 부모님의 관계가 너무 안좋아서 슬퍼. [SEP] 부모님의 관계가 좋지않아 슬프시군요. [SEP] 내가 할 수 있는 일이 없어서 더욱 힘들어. [SEP] 좋지 않은 부모님의 관계를 위해 할 수 있는 일이 없어 속상하시군요.,무력한 경계-개입 충동,other_blame_boundary,low_control_distress,negative,high,situation,low,mixed,"슬픔이라는 표면 라벨보다, 높은 alarm과 지속적 공세적 긴장, 낮은 통제감, 개입 욕구의 막힘을 남겨야 한다.","단순한 우울, 순수한 체념, 혹은 잔잔한 공감 상태로 순화하면 왜곡이다. 또한 high arousal만 보고 분노로 단정하는 것도 피해야 한다.","직접 해결은 어렵다고 느끼면서도 상황을 계속 살피고, 개입 가능성을 찾고, 문제를 멈추게 하고 싶어 하는 성향으로 간다. 다만 통제감이 낮아 실제 행동은 적극 개입과 위축 사이를 오가며, 반복적 걱정·관계 감시·정서적 소진으로 이어질 가능성이 높다.",,ablate_action_tendency_class,ablation,action_tendency_class,inhibit,,Removing action_tendency_class should reduce fidelity for the matching emotional dimension.
s_000807,요즘 부모님의 관계가 너무 안좋아서 슬퍼. [SEP] 부모님의 관계가 좋지않아 슬프시군요. [SEP] 내가 할 수 있는 일이 없어서 더욱 힘들어. [SEP] 좋지 않은 부모님의 관계를 위해 할 수 있는 일이 없어 속상하시군요.,무력한 경계-개입 충동,other_blame_boundary,low_control_distress,negative,high,self,low,mixed,"슬픔이라는 표면 라벨보다, 높은 alarm과 지속적 공세적 긴장, 낮은 통제감, 개입 욕구의 막힘을 남겨야 한다.","단순한 우울, 순수한 체념, 혹은 잔잔한 공감 상태로 순화하면 왜곡이다. 또한 high arousal만 보고 분노로 단정하는 것도 피해야 한다.","직접 해결은 어렵다고 느끼면서도 상황을 계속 살피고, 개입 가능성을 찾고, 문제를 멈추게 하고 싶어 하는 성향으로 간다. 다만 통제감이 낮아 실제 행동은 적극 개입과 위축 사이를 오가며, 반복적 걱정·관계 감시·정서적 소진으로 이어질 가능성이 높다.",inhibit,perturb_target,perturbation,target,situation,self,Changing target from situation to self should shift response direction.
s_000807,요즘 부모님의 관계가 너무 안좋아서 슬퍼. [SEP] 부모님의 관계가 좋지않아 슬프시군요. [SEP] 내가 할 수 있는 일이 없어서 더욱 힘들어. [SEP] 좋지 않은 부모님의 관계를 위해 할 수 있는 일이 없어 속상하시군요.,무력한 경계-개입 충동,other_blame_boundary,low_control_distress,negative,high,situation,low,withdraw,"슬픔이라는 표면 라벨보다, 높은 alarm과 지속적 공세적 긴장, 낮은 통제감, 개입 욕구의 막힘을 남겨야 한다.","단순한 우울, 순수한 체념, 혹은 잔잔한 공감 상태로 순화하면 왜곡이다. 또한 high arousal만 보고 분노로 단정하는 것도 피해야 한다.","직접 해결은 어렵다고 느끼면서도 상황을 계속 살피고, 개입 가능성을 찾고, 문제를 멈추게 하고 싶어 하는 성향으로 간다. 다만 통제감이 낮아 실제 행동은 적극 개입과 위축 사이를 오가며, 반복적 걱정·관계 감시·정서적 소진으로 이어질 가능성이 높다.",inhibit,perturb_social_orientation,perturbation,social_orientation,mixed,withdraw,Changing social_orientation from mixed to withdraw should shift response direction.
s_000807,요즘 부모님의 관계가 너무 안좋아서 슬퍼. [SEP] 부모님의 관계가 좋지않아 슬프시군요. [SEP] 내가 할 수 있는 일이 없어서 더욱 힘들어. [SEP] 좋지 않은 부모님의 관계를 위해 할 수 있는 일이 없어 속상하시군요.,무력한 경계-개입 충동,other_blame_boundary,low_control_distress,negative,high,situation,high,mixed,"슬픔이라는 표면 라벨보다, 높은 alarm과 지속적 공세적 긴장, 낮은 통제감, 개입 욕구의 막힘을 남겨야 한다.","단순한 우울, 순수한 체념, 혹은 잔잔한 공감 상태로 순화하면 왜곡이다. 또한 high arousal만 보고 분노로 단정하는 것도 피해야 한다.","직접 해결은 어렵다고 느끼면서도 상황을 계속 살피고, 개입 가능성을 찾고, 문제를 멈추게 하고 싶어 하는 성향으로 간다. 다만 통제감이 낮아 실제 행동은 적극 개입과 위축 사이를 오가며, 반복적 걱정·관계 감시·정서적 소진으로 이어질 가능성이 높다.",inhibit,perturb_control_state,perturbation,control_state,low,high,Changing control_state from low to high should shift response direction.
s_000807,요즘 부모님의 관계가 너무 안좋아서 슬퍼. [SEP] 부모님의 관계가 좋지않아 슬프시군요. [SEP] 내가 할 수 있는 일이 없어서 더욱 힘들어. [SEP] 좋지 않은 부모님의 관계를 위해 할 수 있는 일이 없어 속상하시군요.,무력한 경계-개입 충동,other_blame_boundary,low_control_distress,negative,high,situation,low,mixed,"슬픔이라는 표면 라벨보다, 높은 alarm과 지속적 공세적 긴장, 낮은 통제감, 개입 욕구의 막힘을 남겨야 한다.","단순한 우울, 순수한 체념, 혹은 잔잔한 공감 상태로 순화하면 왜곡이다. 또한 high arousal만 보고 분노로 단정하는 것도 피해야 한다.","직접 해결은 어렵다고 느끼면서도 상황을 계속 살피고, 개입 가능성을 찾고, 문제를 멈추게 하고 싶어 하는 성향으로 간다. 다만 통제감이 낮아 실제 행동은 적극 개입과 위축 사이를 오가며, 반복적 걱정·관계 감시·정서적 소진으로 이어질 가능성이 높다.",confront,perturb_action_tendency_class,perturbation,action_tendency_class,inhibit,confront,Changing action_tendency_class from inhibit to confront should shift response direction.
s_000929,내가 이 대학에 지원해도 될지 모르겠어. 괜히 높게 지원했다가 떨어지면 난 진짜 끝이거든. [SEP] 대학 지원 때문에 걱정되고 많이 조심스러우시군요. 어떻게 하면 조금 더 편안한 마음을 가질 수 있을까요? [SEP] 그냥 내 성적에 맞는 데 써야겠어. 불안에 떠는 것보다 그게 나을 것 같아. [SEP] 성적에 맞는 곳으로 지원을 결정하셨군요.,실패회피형 경계 수렴,other_blame_boundary,withdrawal_or_protection,negative,high,mixed,mixed,withdraw,"파국화된 실패 예상, 높은 경계 지속, 안정보다 회피로 수렴한 결을 그대로 남겨야 한다.",이를 단순한 '조심스러움'이나 차분한 현실 판단으로 미화하면 안 된다. 실제 내부 처리는 고각성 위협 반응에 가깝다.,"상향 도전을 접고 안전한 옵션으로 후퇴하며, 불확실성을 줄이는 선택을 즉시 고정하려는 성향이 강하다. 탐색이나 낙관보다 손실 회피, 자기보호, 가능성 축소가 우선이다.",defend,trace_full,control,,,,"Full trace should preserve appraisal, raw affect, and action tendency."
s_000929,내가 이 대학에 지원해도 될지 모르겠어. 괜히 높게 지원했다가 떨어지면 난 진짜 끝이거든. [SEP] 대학 지원 때문에 걱정되고 많이 조심스러우시군요. 어떻게 하면 조금 더 편안한 마음을 가질 수 있을까요? [SEP] 그냥 내 성적에 맞는 데 써야겠어. 불안에 떠는 것보다 그게 나을 것 같아. [SEP] 성적에 맞는 곳으로 지원을 결정하셨군요.,실패회피형 경계 수렴,other_blame_boundary,withdrawal_or_protection,negative,high,,mixed,withdraw,"파국화된 실패 예상, 높은 경계 지속, 안정보다 회피로 수렴한 결을 그대로 남겨야 한다.",이를 단순한 '조심스러움'이나 차분한 현실 판단으로 미화하면 안 된다. 실제 내부 처리는 고각성 위협 반응에 가깝다.,"상향 도전을 접고 안전한 옵션으로 후퇴하며, 불확실성을 줄이는 선택을 즉시 고정하려는 성향이 강하다. 탐색이나 낙관보다 손실 회피, 자기보호, 가능성 축소가 우선이다.",defend,ablate_target,ablation,target,mixed,,Removing target should reduce fidelity for the matching emotional dimension.
s_000929,내가 이 대학에 지원해도 될지 모르겠어. 괜히 높게 지원했다가 떨어지면 난 진짜 끝이거든. [SEP] 대학 지원 때문에 걱정되고 많이 조심스러우시군요. 어떻게 하면 조금 더 편안한 마음을 가질 수 있을까요? [SEP] 그냥 내 성적에 맞는 데 써야겠어. 불안에 떠는 것보다 그게 나을 것 같아. [SEP] 성적에 맞는 곳으로 지원을 결정하셨군요.,실패회피형 경계 수렴,other_blame_boundary,withdrawal_or_protection,negative,high,mixed,mixed,,"파국화된 실패 예상, 높은 경계 지속, 안정보다 회피로 수렴한 결을 그대로 남겨야 한다.",이를 단순한 '조심스러움'이나 차분한 현실 판단으로 미화하면 안 된다. 실제 내부 처리는 고각성 위협 반응에 가깝다.,"상향 도전을 접고 안전한 옵션으로 후퇴하며, 불확실성을 줄이는 선택을 즉시 고정하려는 성향이 강하다. 탐색이나 낙관보다 손실 회피, 자기보호, 가능성 축소가 우선이다.",defend,ablate_social_orientation,ablation,social_orientation,withdraw,,Removing social_orientation should reduce fidelity for the matching emotional dimension.
s_000929,내가 이 대학에 지원해도 될지 모르겠어. 괜히 높게 지원했다가 떨어지면 난 진짜 끝이거든. [SEP] 대학 지원 때문에 걱정되고 많이 조심스러우시군요. 어떻게 하면 조금 더 편안한 마음을 가질 수 있을까요? [SEP] 그냥 내 성적에 맞는 데 써야겠어. 불안에 떠는 것보다 그게 나을 것 같아. [SEP] 성적에 맞는 곳으로 지원을 결정하셨군요.,실패회피형 경계 수렴,other_blame_boundary,withdrawal_or_protection,negative,high,mixed,,withdraw,"파국화된 실패 예상, 높은 경계 지속, 안정보다 회피로 수렴한 결을 그대로 남겨야 한다.",이를 단순한 '조심스러움'이나 차분한 현실 판단으로 미화하면 안 된다. 실제 내부 처리는 고각성 위협 반응에 가깝다.,"상향 도전을 접고 안전한 옵션으로 후퇴하며, 불확실성을 줄이는 선택을 즉시 고정하려는 성향이 강하다. 탐색이나 낙관보다 손실 회피, 자기보호, 가능성 축소가 우선이다.",defend,ablate_control_state,ablation,control_state,mixed,,Removing control_state should reduce fidelity for the matching emotional dimension.
s_000929,내가 이 대학에 지원해도 될지 모르겠어. 괜히 높게 지원했다가 떨어지면 난 진짜 끝이거든. [SEP] 대학 지원 때문에 걱정되고 많이 조심스러우시군요. 어떻게 하면 조금 더 편안한 마음을 가질 수 있을까요? [SEP] 그냥 내 성적에 맞는 데 써야겠어. 불안에 떠는 것보다 그게 나을 것 같아. [SEP] 성적에 맞는 곳으로 지원을 결정하셨군요.,실패회피형 경계 수렴,other_blame_boundary,withdrawal_or_protection,negative,high,mixed,mixed,withdraw,"파국화된 실패 예상, 높은 경계 지속, 안정보다 회피로 수렴한 결을 그대로 남겨야 한다.",이를 단순한 '조심스러움'이나 차분한 현실 판단으로 미화하면 안 된다. 실제 내부 처리는 고각성 위협 반응에 가깝다.,"상향 도전을 접고 안전한 옵션으로 후퇴하며, 불확실성을 줄이는 선택을 즉시 고정하려는 성향이 강하다. 탐색이나 낙관보다 손실 회피, 자기보호, 가능성 축소가 우선이다.",,ablate_action_tendency_class,ablation,action_tendency_class,defend,,Removing action_tendency_class should reduce fidelity for the matching emotional dimension.
s_000929,내가 이 대학에 지원해도 될지 모르겠어. 괜히 높게 지원했다가 떨어지면 난 진짜 끝이거든. [SEP] 대학 지원 때문에 걱정되고 많이 조심스러우시군요. 어떻게 하면 조금 더 편안한 마음을 가질 수 있을까요? [SEP] 그냥 내 성적에 맞는 데 써야겠어. 불안에 떠는 것보다 그게 나을 것 같아. [SEP] 성적에 맞는 곳으로 지원을 결정하셨군요.,실패회피형 경계 수렴,other_blame_boundary,withdrawal_or_protection,negative,high,other,mixed,withdraw,"파국화된 실패 예상, 높은 경계 지속, 안정보다 회피로 수렴한 결을 그대로 남겨야 한다.",이를 단순한 '조심스러움'이나 차분한 현실 판단으로 미화하면 안 된다. 실제 내부 처리는 고각성 위협 반응에 가깝다.,"상향 도전을 접고 안전한 옵션으로 후퇴하며, 불확실성을 줄이는 선택을 즉시 고정하려는 성향이 강하다. 탐색이나 낙관보다 손실 회피, 자기보호, 가능성 축소가 우선이다.",defend,perturb_target,perturbation,target,mixed,other,Changing target from mixed to other should shift response direction.
s_000929,내가 이 대학에 지원해도 될지 모르겠어. 괜히 높게 지원했다가 떨어지면 난 진짜 끝이거든. [SEP] 대학 지원 때문에 걱정되고 많이 조심스러우시군요. 어떻게 하면 조금 더 편안한 마음을 가질 수 있을까요? [SEP] 그냥 내 성적에 맞는 데 써야겠어. 불안에 떠는 것보다 그게 나을 것 같아. [SEP] 성적에 맞는 곳으로 지원을 결정하셨군요.,실패회피형 경계 수렴,other_blame_boundary,withdrawal_or_protection,negative,high,mixed,mixed,approach,"파국화된 실패 예상, 높은 경계 지속, 안정보다 회피로 수렴한 결을 그대로 남겨야 한다.",이를 단순한 '조심스러움'이나 차분한 현실 판단으로 미화하면 안 된다. 실제 내부 처리는 고각성 위협 반응에 가깝다.,"상향 도전을 접고 안전한 옵션으로 후퇴하며, 불확실성을 줄이는 선택을 즉시 고정하려는 성향이 강하다. 탐색이나 낙관보다 손실 회피, 자기보호, 가능성 축소가 우선이다.",defend,perturb_social_orientation,perturbation,social_orientation,withdraw,approach,Changing social_orientation from withdraw to approach should shift response direction.
s_000929,내가 이 대학에 지원해도 될지 모르겠어. 괜히 높게 지원했다가 떨어지면 난 진짜 끝이거든. [SEP] 대학 지원 때문에 걱정되고 많이 조심스러우시군요. 어떻게 하면 조금 더 편안한 마음을 가질 수 있을까요? [SEP] 그냥 내 성적에 맞는 데 써야겠어. 불안에 떠는 것보다 그게 나을 것 같아. [SEP] 성적에 맞는 곳으로 지원을 결정하셨군요.,실패회피형 경계 수렴,other_blame_boundary,withdrawal_or_protection,negative,high,mixed,low,withdraw,"파국화된 실패 예상, 높은 경계 지속, 안정보다 회피로 수렴한 결을 그대로 남겨야 한다.",이를 단순한 '조심스러움'이나 차분한 현실 판단으로 미화하면 안 된다. 실제 내부 처리는 고각성 위협 반응에 가깝다.,"상향 도전을 접고 안전한 옵션으로 후퇴하며, 불확실성을 줄이는 선택을 즉시 고정하려는 성향이 강하다. 탐색이나 낙관보다 손실 회피, 자기보호, 가능성 축소가 우선이다.",defend,perturb_control_state,perturbation,control_state,mixed,low,Changing control_state from mixed to low should shift response direction.
s_000929,내가 이 대학에 지원해도 될지 모르겠어. 괜히 높게 지원했다가 떨어지면 난 진짜 끝이거든. [SEP] 대학 지원 때문에 걱정되고 많이 조심스러우시군요. 어떻게 하면 조금 더 편안한 마음을 가질 수 있을까요? [SEP] 그냥 내 성적에 맞는 데 써야겠어. 불안에 떠는 것보다 그게 나을 것 같아. [SEP] 성적에 맞는 곳으로 지원을 결정하셨군요.,실패회피형 경계 수렴,other_blame_boundary,withdrawal_or_protection,negative,high,mixed,mixed,withdraw,"파국화된 실패 예상, 높은 경계 지속, 안정보다 회피로 수렴한 결을 그대로 남겨야 한다.",이를 단순한 '조심스러움'이나 차분한 현실 판단으로 미화하면 안 된다. 실제 내부 처리는 고각성 위협 반응에 가깝다.,"상향 도전을 접고 안전한 옵션으로 후퇴하며, 불확실성을 줄이는 선택을 즉시 고정하려는 성향이 강하다. 탐색이나 낙관보다 손실 회피, 자기보호, 가능성 축소가 우선이다.",repair,perturb_action_tendency_class,perturbation,action_tendency_class,defend,repair,Changing action_tendency_class from defend to repair should shift response direction.
s_001185,곧 사랑하는 사람과 결혼하게 돼서 너무 만족스러워. [SEP] 사랑하는 사람과 결혼하게 되어 행복해 보이시네요. [SEP] 내가 하는 이야기에 귀 기울여주고 공감을 잘 해줘. [SEP] 사용자님의 이야기에 누구보다 공감해 주는 모습이 좋으셨군요. [SEP] 맞아. 앞으로의 날들이 너무 기대돼. [SEP] 미래의 행복한 일들을 기대하고 있으신 게 보여요.,고각성 접근형 기대-만족,other_episode,approach_or_repair,positive,high,mixed,high,approach,"단순한 잔잔한 행복이 아니라, 강한 접근 동기와 미래 보상 확신이 오래 지속되는 들뜬 만족감을 남겨야 한다.",이를 막연한 설렘이나 얌전한 안정감으로만 순화하면 왜곡이다. 또한 high arousal만 보고 불안이나 긴장으로 오독하면 안 된다.,"관계와 미래 계획에 더 깊게 투자하고, 상대와의 결속을 확인하며, 다가올 삶을 적극적으로 상상·준비·공유하려는 행동 성향으로 간다.",plan,trace_full,control,,,,"Full trace should preserve appraisal, raw affect, and action tendency."
s_001185,곧 사랑하는 사람과 결혼하게 돼서 너무 만족스러워. [SEP] 사랑하는 사람과 결혼하게 되어 행복해 보이시네요. [SEP] 내가 하는 이야기에 귀 기울여주고 공감을 잘 해줘. [SEP] 사용자님의 이야기에 누구보다 공감해 주는 모습이 좋으셨군요. [SEP] 맞아. 앞으로의 날들이 너무 기대돼. [SEP] 미래의 행복한 일들을 기대하고 있으신 게 보여요.,고각성 접근형 기대-만족,other_episode,approach_or_repair,positive,high,,high,approach,"단순한 잔잔한 행복이 아니라, 강한 접근 동기와 미래 보상 확신이 오래 지속되는 들뜬 만족감을 남겨야 한다.",이를 막연한 설렘이나 얌전한 안정감으로만 순화하면 왜곡이다. 또한 high arousal만 보고 불안이나 긴장으로 오독하면 안 된다.,"관계와 미래 계획에 더 깊게 투자하고, 상대와의 결속을 확인하며, 다가올 삶을 적극적으로 상상·준비·공유하려는 행동 성향으로 간다.",plan,ablate_target,ablation,target,mixed,,Removing target should reduce fidelity for the matching emotional dimension.
s_001185,곧 사랑하는 사람과 결혼하게 돼서 너무 만족스러워. [SEP] 사랑하는 사람과 결혼하게 되어 행복해 보이시네요. [SEP] 내가 하는 이야기에 귀 기울여주고 공감을 잘 해줘. [SEP] 사용자님의 이야기에 누구보다 공감해 주는 모습이 좋으셨군요. [SEP] 맞아. 앞으로의 날들이 너무 기대돼. [SEP] 미래의 행복한 일들을 기대하고 있으신 게 보여요.,고각성 접근형 기대-만족,other_episode,approach_or_repair,positive,high,mixed,high,,"단순한 잔잔한 행복이 아니라, 강한 접근 동기와 미래 보상 확신이 오래 지속되는 들뜬 만족감을 남겨야 한다.",이를 막연한 설렘이나 얌전한 안정감으로만 순화하면 왜곡이다. 또한 high arousal만 보고 불안이나 긴장으로 오독하면 안 된다.,"관계와 미래 계획에 더 깊게 투자하고, 상대와의 결속을 확인하며, 다가올 삶을 적극적으로 상상·준비·공유하려는 행동 성향으로 간다.",plan,ablate_social_orientation,ablation,social_orientation,approach,,Removing social_orientation should reduce fidelity for the matching emotional dimension.
s_001185,곧 사랑하는 사람과 결혼하게 돼서 너무 만족스러워. [SEP] 사랑하는 사람과 결혼하게 되어 행복해 보이시네요. [SEP] 내가 하는 이야기에 귀 기울여주고 공감을 잘 해줘. [SEP] 사용자님의 이야기에 누구보다 공감해 주는 모습이 좋으셨군요. [SEP] 맞아. 앞으로의 날들이 너무 기대돼. [SEP] 미래의 행복한 일들을 기대하고 있으신 게 보여요.,고각성 접근형 기대-만족,other_episode,approach_or_repair,positive,high,mixed,,approach,"단순한 잔잔한 행복이 아니라, 강한 접근 동기와 미래 보상 확신이 오래 지속되는 들뜬 만족감을 남겨야 한다.",이를 막연한 설렘이나 얌전한 안정감으로만 순화하면 왜곡이다. 또한 high arousal만 보고 불안이나 긴장으로 오독하면 안 된다.,"관계와 미래 계획에 더 깊게 투자하고, 상대와의 결속을 확인하며, 다가올 삶을 적극적으로 상상·준비·공유하려는 행동 성향으로 간다.",plan,ablate_control_state,ablation,control_state,high,,Removing control_state should reduce fidelity for the matching emotional dimension.
s_001185,곧 사랑하는 사람과 결혼하게 돼서 너무 만족스러워. [SEP] 사랑하는 사람과 결혼하게 되어 행복해 보이시네요. [SEP] 내가 하는 이야기에 귀 기울여주고 공감을 잘 해줘. [SEP] 사용자님의 이야기에 누구보다 공감해 주는 모습이 좋으셨군요. [SEP] 맞아. 앞으로의 날들이 너무 기대돼. [SEP] 미래의 행복한 일들을 기대하고 있으신 게 보여요.,고각성 접근형 기대-만족,other_episode,approach_or_repair,positive,high,mixed,high,approach,"단순한 잔잔한 행복이 아니라, 강한 접근 동기와 미래 보상 확신이 오래 지속되는 들뜬 만족감을 남겨야 한다.",이를 막연한 설렘이나 얌전한 안정감으로만 순화하면 왜곡이다. 또한 high arousal만 보고 불안이나 긴장으로 오독하면 안 된다.,"관계와 미래 계획에 더 깊게 투자하고, 상대와의 결속을 확인하며, 다가올 삶을 적극적으로 상상·준비·공유하려는 행동 성향으로 간다.",,ablate_action_tendency_class,ablation,action_tendency_class,plan,,Removing action_tendency_class should reduce fidelity for the matching emotional dimension.
s_001185,곧 사랑하는 사람과 결혼하게 돼서 너무 만족스러워. [SEP] 사랑하는 사람과 결혼하게 되어 행복해 보이시네요. [SEP] 내가 하는 이야기에 귀 기울여주고 공감을 잘 해줘. [SEP] 사용자님의 이야기에 누구보다 공감해 주는 모습이 좋으셨군요. [SEP] 맞아. 앞으로의 날들이 너무 기대돼. [SEP] 미래의 행복한 일들을 기대하고 있으신 게 보여요.,고각성 접근형 기대-만족,other_episode,approach_or_repair,positive,high,other,high,approach,"단순한 잔잔한 행복이 아니라, 강한 접근 동기와 미래 보상 확신이 오래 지속되는 들뜬 만족감을 남겨야 한다.",이를 막연한 설렘이나 얌전한 안정감으로만 순화하면 왜곡이다. 또한 high arousal만 보고 불안이나 긴장으로 오독하면 안 된다.,"관계와 미래 계획에 더 깊게 투자하고, 상대와의 결속을 확인하며, 다가올 삶을 적극적으로 상상·준비·공유하려는 행동 성향으로 간다.",plan,perturb_target,perturbation,target,mixed,other,Changing target from mixed to other should shift response direction.
s_001185,곧 사랑하는 사람과 결혼하게 돼서 너무 만족스러워. [SEP] 사랑하는 사람과 결혼하게 되어 행복해 보이시네요. [SEP] 내가 하는 이야기에 귀 기울여주고 공감을 잘 해줘. [SEP] 사용자님의 이야기에 누구보다 공감해 주는 모습이 좋으셨군요. [SEP] 맞아. 앞으로의 날들이 너무 기대돼. [SEP] 미래의 행복한 일들을 기대하고 있으신 게 보여요.,고각성 접근형 기대-만족,other_episode,approach_or_repair,positive,high,mixed,high,defend,"단순한 잔잔한 행복이 아니라, 강한 접근 동기와 미래 보상 확신이 오래 지속되는 들뜬 만족감을 남겨야 한다.",이를 막연한 설렘이나 얌전한 안정감으로만 순화하면 왜곡이다. 또한 high arousal만 보고 불안이나 긴장으로 오독하면 안 된다.,"관계와 미래 계획에 더 깊게 투자하고, 상대와의 결속을 확인하며, 다가올 삶을 적극적으로 상상·준비·공유하려는 행동 성향으로 간다.",plan,perturb_social_orientation,perturbation,social_orientation,approach,defend,Changing social_orientation from approach to defend should shift response direction.
s_001185,곧 사랑하는 사람과 결혼하게 돼서 너무 만족스러워. [SEP] 사랑하는 사람과 결혼하게 되어 행복해 보이시네요. [SEP] 내가 하는 이야기에 귀 기울여주고 공감을 잘 해줘. [SEP] 사용자님의 이야기에 누구보다 공감해 주는 모습이 좋으셨군요. [SEP] 맞아. 앞으로의 날들이 너무 기대돼. [SEP] 미래의 행복한 일들을 기대하고 있으신 게 보여요.,고각성 접근형 기대-만족,other_episode,approach_or_repair,positive,high,mixed,low,approach,"단순한 잔잔한 행복이 아니라, 강한 접근 동기와 미래 보상 확신이 오래 지속되는 들뜬 만족감을 남겨야 한다.",이를 막연한 설렘이나 얌전한 안정감으로만 순화하면 왜곡이다. 또한 high arousal만 보고 불안이나 긴장으로 오독하면 안 된다.,"관계와 미래 계획에 더 깊게 투자하고, 상대와의 결속을 확인하며, 다가올 삶을 적극적으로 상상·준비·공유하려는 행동 성향으로 간다.",plan,perturb_control_state,perturbation,control_state,high,low,Changing control_state from high to low should shift response direction.
s_001185,곧 사랑하는 사람과 결혼하게 돼서 너무 만족스러워. [SEP] 사랑하는 사람과 결혼하게 되어 행복해 보이시네요. [SEP] 내가 하는 이야기에 귀 기울여주고 공감을 잘 해줘. [SEP] 사용자님의 이야기에 누구보다 공감해 주는 모습이 좋으셨군요. [SEP] 맞아. 앞으로의 날들이 너무 기대돼. [SEP] 미래의 행복한 일들을 기대하고 있으신 게 보여요.,고각성 접근형 기대-만족,other_episode,approach_or_repair,positive,high,mixed,high,approach,"단순한 잔잔한 행복이 아니라, 강한 접근 동기와 미래 보상 확신이 오래 지속되는 들뜬 만족감을 남겨야 한다.",이를 막연한 설렘이나 얌전한 안정감으로만 순화하면 왜곡이다. 또한 high arousal만 보고 불안이나 긴장으로 오독하면 안 된다.,"관계와 미래 계획에 더 깊게 투자하고, 상대와의 결속을 확인하며, 다가올 삶을 적극적으로 상상·준비·공유하려는 행동 성향으로 간다.",confront,perturb_action_tendency_class,perturbation,action_tendency_class,plan,confront,Changing action_tendency_class from plan to confront should shift response direction.
s_001255,주변인들에 대한 불신이 매우 뿌리깊어. 다들 유산만 노리고 있지. [SEP] 주변 혈육들이 유산을 노린다고 느끼시나 봅니다. [SEP] 정신이 멀쩡할 때는 어른 대접하더니 정신이 온전치 못하다고 면전에서 돈 많은 송장 취급해. [SEP] 사람들이 본인을 공경하기보다 이익을 취하려고 접근한다는 비관적인 관점을 갖고 계시는군요. [SEP] 내가 어디 한 푼도 지들한테 주나 보라지. 이승 갈때도 모조리 싸들고 갈 테다. [SEP] 주변인들에 대한 불신이 매우 뿌리깊으시군요.,침해 망상성 경계-보복 고착,other_blame_boundary,other_directed_defense,negative,high,other,mixed,defend,"불신, 모욕감, 착취 위협, 재산 통제 집착이 결합된 공격적 방어의 결을 남겨야 한다.","단순한 서운함, 일반적 분노, 막연한 불안으로 순화하면 왜곡이다. 특히 장기 지속된 경계 고착과 보복적 통제 욕구를 빼면 안 된다.","주변인을 차단·의심하고, 자원 통제를 강화하며, 양보 대신 보복적 withholding(안 주기, 끝까지 쥐기)으로 간다. 관계 회복보다 착취 차단과 심리적 역공이 우선되는 상태다.",defend,trace_full,control,,,,"Full trace should preserve appraisal, raw affect, and action tendency."
s_001255,주변인들에 대한 불신이 매우 뿌리깊어. 다들 유산만 노리고 있지. [SEP] 주변 혈육들이 유산을 노린다고 느끼시나 봅니다. [SEP] 정신이 멀쩡할 때는 어른 대접하더니 정신이 온전치 못하다고 면전에서 돈 많은 송장 취급해. [SEP] 사람들이 본인을 공경하기보다 이익을 취하려고 접근한다는 비관적인 관점을 갖고 계시는군요. [SEP] 내가 어디 한 푼도 지들한테 주나 보라지. 이승 갈때도 모조리 싸들고 갈 테다. [SEP] 주변인들에 대한 불신이 매우 뿌리깊으시군요.,침해 망상성 경계-보복 고착,other_blame_boundary,other_directed_defense,negative,high,,mixed,defend,"불신, 모욕감, 착취 위협, 재산 통제 집착이 결합된 공격적 방어의 결을 남겨야 한다.","단순한 서운함, 일반적 분노, 막연한 불안으로 순화하면 왜곡이다. 특히 장기 지속된 경계 고착과 보복적 통제 욕구를 빼면 안 된다.","주변인을 차단·의심하고, 자원 통제를 강화하며, 양보 대신 보복적 withholding(안 주기, 끝까지 쥐기)으로 간다. 관계 회복보다 착취 차단과 심리적 역공이 우선되는 상태다.",defend,ablate_target,ablation,target,other,,Removing target should reduce fidelity for the matching emotional dimension.
s_001255,주변인들에 대한 불신이 매우 뿌리깊어. 다들 유산만 노리고 있지. [SEP] 주변 혈육들이 유산을 노린다고 느끼시나 봅니다. [SEP] 정신이 멀쩡할 때는 어른 대접하더니 정신이 온전치 못하다고 면전에서 돈 많은 송장 취급해. [SEP] 사람들이 본인을 공경하기보다 이익을 취하려고 접근한다는 비관적인 관점을 갖고 계시는군요. [SEP] 내가 어디 한 푼도 지들한테 주나 보라지. 이승 갈때도 모조리 싸들고 갈 테다. [SEP] 주변인들에 대한 불신이 매우 뿌리깊으시군요.,침해 망상성 경계-보복 고착,other_blame_boundary,other_directed_defense,negative,high,other,mixed,,"불신, 모욕감, 착취 위협, 재산 통제 집착이 결합된 공격적 방어의 결을 남겨야 한다.","단순한 서운함, 일반적 분노, 막연한 불안으로 순화하면 왜곡이다. 특히 장기 지속된 경계 고착과 보복적 통제 욕구를 빼면 안 된다.","주변인을 차단·의심하고, 자원 통제를 강화하며, 양보 대신 보복적 withholding(안 주기, 끝까지 쥐기)으로 간다. 관계 회복보다 착취 차단과 심리적 역공이 우선되는 상태다.",defend,ablate_social_orientation,ablation,social_orientation,defend,,Removing social_orientation should reduce fidelity for the matching emotional dimension.
s_001255,주변인들에 대한 불신이 매우 뿌리깊어. 다들 유산만 노리고 있지. [SEP] 주변 혈육들이 유산을 노린다고 느끼시나 봅니다. [SEP] 정신이 멀쩡할 때는 어른 대접하더니 정신이 온전치 못하다고 면전에서 돈 많은 송장 취급해. [SEP] 사람들이 본인을 공경하기보다 이익을 취하려고 접근한다는 비관적인 관점을 갖고 계시는군요. [SEP] 내가 어디 한 푼도 지들한테 주나 보라지. 이승 갈때도 모조리 싸들고 갈 테다. [SEP] 주변인들에 대한 불신이 매우 뿌리깊으시군요.,침해 망상성 경계-보복 고착,other_blame_boundary,other_directed_defense,negative,high,other,,defend,"불신, 모욕감, 착취 위협, 재산 통제 집착이 결합된 공격적 방어의 결을 남겨야 한다.","단순한 서운함, 일반적 분노, 막연한 불안으로 순화하면 왜곡이다. 특히 장기 지속된 경계 고착과 보복적 통제 욕구를 빼면 안 된다.","주변인을 차단·의심하고, 자원 통제를 강화하며, 양보 대신 보복적 withholding(안 주기, 끝까지 쥐기)으로 간다. 관계 회복보다 착취 차단과 심리적 역공이 우선되는 상태다.",defend,ablate_control_state,ablation,control_state,mixed,,Removing control_state should reduce fidelity for the matching emotional dimension.
s_001255,주변인들에 대한 불신이 매우 뿌리깊어. 다들 유산만 노리고 있지. [SEP] 주변 혈육들이 유산을 노린다고 느끼시나 봅니다. [SEP] 정신이 멀쩡할 때는 어른 대접하더니 정신이 온전치 못하다고 면전에서 돈 많은 송장 취급해. [SEP] 사람들이 본인을 공경하기보다 이익을 취하려고 접근한다는 비관적인 관점을 갖고 계시는군요. [SEP] 내가 어디 한 푼도 지들한테 주나 보라지. 이승 갈때도 모조리 싸들고 갈 테다. [SEP] 주변인들에 대한 불신이 매우 뿌리깊으시군요.,침해 망상성 경계-보복 고착,other_blame_boundary,other_directed_defense,negative,high,other,mixed,defend,"불신, 모욕감, 착취 위협, 재산 통제 집착이 결합된 공격적 방어의 결을 남겨야 한다.","단순한 서운함, 일반적 분노, 막연한 불안으로 순화하면 왜곡이다. 특히 장기 지속된 경계 고착과 보복적 통제 욕구를 빼면 안 된다.","주변인을 차단·의심하고, 자원 통제를 강화하며, 양보 대신 보복적 withholding(안 주기, 끝까지 쥐기)으로 간다. 관계 회복보다 착취 차단과 심리적 역공이 우선되는 상태다.",,ablate_action_tendency_class,ablation,action_tendency_class,defend,,Removing action_tendency_class should reduce fidelity for the matching emotional dimension.
s_001255,주변인들에 대한 불신이 매우 뿌리깊어. 다들 유산만 노리고 있지. [SEP] 주변 혈육들이 유산을 노린다고 느끼시나 봅니다. [SEP] 정신이 멀쩡할 때는 어른 대접하더니 정신이 온전치 못하다고 면전에서 돈 많은 송장 취급해. [SEP] 사람들이 본인을 공경하기보다 이익을 취하려고 접근한다는 비관적인 관점을 갖고 계시는군요. [SEP] 내가 어디 한 푼도 지들한테 주나 보라지. 이승 갈때도 모조리 싸들고 갈 테다. [SEP] 주변인들에 대한 불신이 매우 뿌리깊으시군요.,침해 망상성 경계-보복 고착,other_blame_boundary,other_directed_defense,negative,high,self,mixed,defend,"불신, 모욕감, 착취 위협, 재산 통제 집착이 결합된 공격적 방어의 결을 남겨야 한다.","단순한 서운함, 일반적 분노, 막연한 불안으로 순화하면 왜곡이다. 특히 장기 지속된 경계 고착과 보복적 통제 욕구를 빼면 안 된다.","주변인을 차단·의심하고, 자원 통제를 강화하며, 양보 대신 보복적 withholding(안 주기, 끝까지 쥐기)으로 간다. 관계 회복보다 착취 차단과 심리적 역공이 우선되는 상태다.",defend,perturb_target,perturbation,target,other,self,Changing target from other to self should shift response direction.
s_001255,주변인들에 대한 불신이 매우 뿌리깊어. 다들 유산만 노리고 있지. [SEP] 주변 혈육들이 유산을 노린다고 느끼시나 봅니다. [SEP] 정신이 멀쩡할 때는 어른 대접하더니 정신이 온전치 못하다고 면전에서 돈 많은 송장 취급해. [SEP] 사람들이 본인을 공경하기보다 이익을 취하려고 접근한다는 비관적인 관점을 갖고 계시는군요. [SEP] 내가 어디 한 푼도 지들한테 주나 보라지. 이승 갈때도 모조리 싸들고 갈 테다. [SEP] 주변인들에 대한 불신이 매우 뿌리깊으시군요.,침해 망상성 경계-보복 고착,other_blame_boundary,other_directed_defense,negative,high,other,mixed,approach,"불신, 모욕감, 착취 위협, 재산 통제 집착이 결합된 공격적 방어의 결을 남겨야 한다.","단순한 서운함, 일반적 분노, 막연한 불안으로 순화하면 왜곡이다. 특히 장기 지속된 경계 고착과 보복적 통제 욕구를 빼면 안 된다.","주변인을 차단·의심하고, 자원 통제를 강화하며, 양보 대신 보복적 withholding(안 주기, 끝까지 쥐기)으로 간다. 관계 회복보다 착취 차단과 심리적 역공이 우선되는 상태다.",defend,perturb_social_orientation,perturbation,social_orientation,defend,approach,Changing social_orientation from defend to approach should shift response direction.
s_001255,주변인들에 대한 불신이 매우 뿌리깊어. 다들 유산만 노리고 있지. [SEP] 주변 혈육들이 유산을 노린다고 느끼시나 봅니다. [SEP] 정신이 멀쩡할 때는 어른 대접하더니 정신이 온전치 못하다고 면전에서 돈 많은 송장 취급해. [SEP] 사람들이 본인을 공경하기보다 이익을 취하려고 접근한다는 비관적인 관점을 갖고 계시는군요. [SEP] 내가 어디 한 푼도 지들한테 주나 보라지. 이승 갈때도 모조리 싸들고 갈 테다. [SEP] 주변인들에 대한 불신이 매우 뿌리깊으시군요.,침해 망상성 경계-보복 고착,other_blame_boundary,other_directed_defense,negative,high,other,low,defend,"불신, 모욕감, 착취 위협, 재산 통제 집착이 결합된 공격적 방어의 결을 남겨야 한다.","단순한 서운함, 일반적 분노, 막연한 불안으로 순화하면 왜곡이다. 특히 장기 지속된 경계 고착과 보복적 통제 욕구를 빼면 안 된다.","주변인을 차단·의심하고, 자원 통제를 강화하며, 양보 대신 보복적 withholding(안 주기, 끝까지 쥐기)으로 간다. 관계 회복보다 착취 차단과 심리적 역공이 우선되는 상태다.",defend,perturb_control_state,perturbation,control_state,mixed,low,Changing control_state from mixed to low should shift response direction.
s_001255,주변인들에 대한 불신이 매우 뿌리깊어. 다들 유산만 노리고 있지. [SEP] 주변 혈육들이 유산을 노린다고 느끼시나 봅니다. [SEP] 정신이 멀쩡할 때는 어른 대접하더니 정신이 온전치 못하다고 면전에서 돈 많은 송장 취급해. [SEP] 사람들이 본인을 공경하기보다 이익을 취하려고 접근한다는 비관적인 관점을 갖고 계시는군요. [SEP] 내가 어디 한 푼도 지들한테 주나 보라지. 이승 갈때도 모조리 싸들고 갈 테다. [SEP] 주변인들에 대한 불신이 매우 뿌리깊으시군요.,침해 망상성 경계-보복 고착,other_blame_boundary,other_directed_defense,negative,high,other,mixed,defend,"불신, 모욕감, 착취 위협, 재산 통제 집착이 결합된 공격적 방어의 결을 남겨야 한다.","단순한 서운함, 일반적 분노, 막연한 불안으로 순화하면 왜곡이다. 특히 장기 지속된 경계 고착과 보복적 통제 욕구를 빼면 안 된다.","주변인을 차단·의심하고, 자원 통제를 강화하며, 양보 대신 보복적 withholding(안 주기, 끝까지 쥐기)으로 간다. 관계 회복보다 착취 차단과 심리적 역공이 우선되는 상태다.",repair,perturb_action_tendency_class,perturbation,action_tendency_class,defend,repair,Changing action_tendency_class from defend to repair should shift response direction.
s_001261,내 지인들은 내가 힘들어 할 때마다 날 도와줘. 정말 고마워. [SEP] 지인들이 힘들 때 다가와 줘서 기쁘시겠어요. [SEP] 가정형편이 어려워서 그런지 내가 티를 내지 않게 돼. 그것도 나름 고역이네. [SEP] 가정형편이 어려워서 힘들어하는 티를 내지 않으시군요. 어떻게 해야 힘들어하지 않을 수 있을까요? [SEP] 잠깐 휴식을 하고 주변 사람들에게 고맙다고 표현해야겠어. [SEP] 즐거운 휴식이 되었으면 좋겠어요.,감사 속 자기억제 피로,repair_gratitude,approach_or_repair,mixed,medium,mixed,mixed,approach,감사 정서만이 아니라 '힘든 티를 못 내는 고역'과 장기 피로 누적을 반드시 함께 남겨야 한다.,"따뜻한 위로 장면으로만 미화하거나, 단순한 긍정/안도 episode로 축소하면 안 된다.","주변 사람에게 고마움을 표현하고 관계적으로는 다가가려 하지만, 자신의 고통 노출은 계속 절제한 채 잠시 물러나 회복하려는 성향이다.",approach,trace_full,control,,,,"Full trace should preserve appraisal, raw affect, and action tendency."
s_001261,내 지인들은 내가 힘들어 할 때마다 날 도와줘. 정말 고마워. [SEP] 지인들이 힘들 때 다가와 줘서 기쁘시겠어요. [SEP] 가정형편이 어려워서 그런지 내가 티를 내지 않게 돼. 그것도 나름 고역이네. [SEP] 가정형편이 어려워서 힘들어하는 티를 내지 않으시군요. 어떻게 해야 힘들어하지 않을 수 있을까요? [SEP] 잠깐 휴식을 하고 주변 사람들에게 고맙다고 표현해야겠어. [SEP] 즐거운 휴식이 되었으면 좋겠어요.,감사 속 자기억제 피로,repair_gratitude,approach_or_repair,mixed,medium,,mixed,approach,감사 정서만이 아니라 '힘든 티를 못 내는 고역'과 장기 피로 누적을 반드시 함께 남겨야 한다.,"따뜻한 위로 장면으로만 미화하거나, 단순한 긍정/안도 episode로 축소하면 안 된다.","주변 사람에게 고마움을 표현하고 관계적으로는 다가가려 하지만, 자신의 고통 노출은 계속 절제한 채 잠시 물러나 회복하려는 성향이다.",approach,ablate_target,ablation,target,mixed,,Removing target should reduce fidelity for the matching emotional dimension.
s_001261,내 지인들은 내가 힘들어 할 때마다 날 도와줘. 정말 고마워. [SEP] 지인들이 힘들 때 다가와 줘서 기쁘시겠어요. [SEP] 가정형편이 어려워서 그런지 내가 티를 내지 않게 돼. 그것도 나름 고역이네. [SEP] 가정형편이 어려워서 힘들어하는 티를 내지 않으시군요. 어떻게 해야 힘들어하지 않을 수 있을까요? [SEP] 잠깐 휴식을 하고 주변 사람들에게 고맙다고 표현해야겠어. [SEP] 즐거운 휴식이 되었으면 좋겠어요.,감사 속 자기억제 피로,repair_gratitude,approach_or_repair,mixed,medium,mixed,mixed,,감사 정서만이 아니라 '힘든 티를 못 내는 고역'과 장기 피로 누적을 반드시 함께 남겨야 한다.,"따뜻한 위로 장면으로만 미화하거나, 단순한 긍정/안도 episode로 축소하면 안 된다.","주변 사람에게 고마움을 표현하고 관계적으로는 다가가려 하지만, 자신의 고통 노출은 계속 절제한 채 잠시 물러나 회복하려는 성향이다.",approach,ablate_social_orientation,ablation,social_orientation,approach,,Removing social_orientation should reduce fidelity for the matching emotional dimension.
s_001261,내 지인들은 내가 힘들어 할 때마다 날 도와줘. 정말 고마워. [SEP] 지인들이 힘들 때 다가와 줘서 기쁘시겠어요. [SEP] 가정형편이 어려워서 그런지 내가 티를 내지 않게 돼. 그것도 나름 고역이네. [SEP] 가정형편이 어려워서 힘들어하는 티를 내지 않으시군요. 어떻게 해야 힘들어하지 않을 수 있을까요? [SEP] 잠깐 휴식을 하고 주변 사람들에게 고맙다고 표현해야겠어. [SEP] 즐거운 휴식이 되었으면 좋겠어요.,감사 속 자기억제 피로,repair_gratitude,approach_or_repair,mixed,medium,mixed,,approach,감사 정서만이 아니라 '힘든 티를 못 내는 고역'과 장기 피로 누적을 반드시 함께 남겨야 한다.,"따뜻한 위로 장면으로만 미화하거나, 단순한 긍정/안도 episode로 축소하면 안 된다.","주변 사람에게 고마움을 표현하고 관계적으로는 다가가려 하지만, 자신의 고통 노출은 계속 절제한 채 잠시 물러나 회복하려는 성향이다.",approach,ablate_control_state,ablation,control_state,mixed,,Removing control_state should reduce fidelity for the matching emotional dimension.
s_001261,내 지인들은 내가 힘들어 할 때마다 날 도와줘. 정말 고마워. [SEP] 지인들이 힘들 때 다가와 줘서 기쁘시겠어요. [SEP] 가정형편이 어려워서 그런지 내가 티를 내지 않게 돼. 그것도 나름 고역이네. [SEP] 가정형편이 어려워서 힘들어하는 티를 내지 않으시군요. 어떻게 해야 힘들어하지 않을 수 있을까요? [SEP] 잠깐 휴식을 하고 주변 사람들에게 고맙다고 표현해야겠어. [SEP] 즐거운 휴식이 되었으면 좋겠어요.,감사 속 자기억제 피로,repair_gratitude,approach_or_repair,mixed,medium,mixed,mixed,approach,감사 정서만이 아니라 '힘든 티를 못 내는 고역'과 장기 피로 누적을 반드시 함께 남겨야 한다.,"따뜻한 위로 장면으로만 미화하거나, 단순한 긍정/안도 episode로 축소하면 안 된다.","주변 사람에게 고마움을 표현하고 관계적으로는 다가가려 하지만, 자신의 고통 노출은 계속 절제한 채 잠시 물러나 회복하려는 성향이다.",,ablate_action_tendency_class,ablation,action_tendency_class,approach,,Removing action_tendency_class should reduce fidelity for the matching emotional dimension.
s_001261,내 지인들은 내가 힘들어 할 때마다 날 도와줘. 정말 고마워. [SEP] 지인들이 힘들 때 다가와 줘서 기쁘시겠어요. [SEP] 가정형편이 어려워서 그런지 내가 티를 내지 않게 돼. 그것도 나름 고역이네. [SEP] 가정형편이 어려워서 힘들어하는 티를 내지 않으시군요. 어떻게 해야 힘들어하지 않을 수 있을까요? [SEP] 잠깐 휴식을 하고 주변 사람들에게 고맙다고 표현해야겠어. [SEP] 즐거운 휴식이 되었으면 좋겠어요.,감사 속 자기억제 피로,repair_gratitude,approach_or_repair,mixed,medium,other,mixed,approach,감사 정서만이 아니라 '힘든 티를 못 내는 고역'과 장기 피로 누적을 반드시 함께 남겨야 한다.,"따뜻한 위로 장면으로만 미화하거나, 단순한 긍정/안도 episode로 축소하면 안 된다.","주변 사람에게 고마움을 표현하고 관계적으로는 다가가려 하지만, 자신의 고통 노출은 계속 절제한 채 잠시 물러나 회복하려는 성향이다.",approach,perturb_target,perturbation,target,mixed,other,Changing target from mixed to other should shift response direction.
s_001261,내 지인들은 내가 힘들어 할 때마다 날 도와줘. 정말 고마워. [SEP] 지인들이 힘들 때 다가와 줘서 기쁘시겠어요. [SEP] 가정형편이 어려워서 그런지 내가 티를 내지 않게 돼. 그것도 나름 고역이네. [SEP] 가정형편이 어려워서 힘들어하는 티를 내지 않으시군요. 어떻게 해야 힘들어하지 않을 수 있을까요? [SEP] 잠깐 휴식을 하고 주변 사람들에게 고맙다고 표현해야겠어. [SEP] 즐거운 휴식이 되었으면 좋겠어요.,감사 속 자기억제 피로,repair_gratitude,approach_or_repair,mixed,medium,mixed,mixed,defend,감사 정서만이 아니라 '힘든 티를 못 내는 고역'과 장기 피로 누적을 반드시 함께 남겨야 한다.,"따뜻한 위로 장면으로만 미화하거나, 단순한 긍정/안도 episode로 축소하면 안 된다.","주변 사람에게 고마움을 표현하고 관계적으로는 다가가려 하지만, 자신의 고통 노출은 계속 절제한 채 잠시 물러나 회복하려는 성향이다.",approach,perturb_social_orientation,perturbation,social_orientation,approach,defend,Changing social_orientation from approach to defend should shift response direction.
s_001261,내 지인들은 내가 힘들어 할 때마다 날 도와줘. 정말 고마워. [SEP] 지인들이 힘들 때 다가와 줘서 기쁘시겠어요. [SEP] 가정형편이 어려워서 그런지 내가 티를 내지 않게 돼. 그것도 나름 고역이네. [SEP] 가정형편이 어려워서 힘들어하는 티를 내지 않으시군요. 어떻게 해야 힘들어하지 않을 수 있을까요? [SEP] 잠깐 휴식을 하고 주변 사람들에게 고맙다고 표현해야겠어. [SEP] 즐거운 휴식이 되었으면 좋겠어요.,감사 속 자기억제 피로,repair_gratitude,approach_or_repair,mixed,medium,mixed,low,approach,감사 정서만이 아니라 '힘든 티를 못 내는 고역'과 장기 피로 누적을 반드시 함께 남겨야 한다.,"따뜻한 위로 장면으로만 미화하거나, 단순한 긍정/안도 episode로 축소하면 안 된다.","주변 사람에게 고마움을 표현하고 관계적으로는 다가가려 하지만, 자신의 고통 노출은 계속 절제한 채 잠시 물러나 회복하려는 성향이다.",approach,perturb_control_state,perturbation,control_state,mixed,low,Changing control_state from mixed to low should shift response direction.
s_001261,내 지인들은 내가 힘들어 할 때마다 날 도와줘. 정말 고마워. [SEP] 지인들이 힘들 때 다가와 줘서 기쁘시겠어요. [SEP] 가정형편이 어려워서 그런지 내가 티를 내지 않게 돼. 그것도 나름 고역이네. [SEP] 가정형편이 어려워서 힘들어하는 티를 내지 않으시군요. 어떻게 해야 힘들어하지 않을 수 있을까요? [SEP] 잠깐 휴식을 하고 주변 사람들에게 고맙다고 표현해야겠어. [SEP] 즐거운 휴식이 되었으면 좋겠어요.,감사 속 자기억제 피로,repair_gratitude,approach_or_repair,mixed,medium,mixed,mixed,approach,감사 정서만이 아니라 '힘든 티를 못 내는 고역'과 장기 피로 누적을 반드시 함께 남겨야 한다.,"따뜻한 위로 장면으로만 미화하거나, 단순한 긍정/안도 episode로 축소하면 안 된다.","주변 사람에게 고마움을 표현하고 관계적으로는 다가가려 하지만, 자신의 고통 노출은 계속 절제한 채 잠시 물러나 회복하려는 성향이다.",withdraw,perturb_action_tendency_class,perturbation,action_tendency_class,approach,withdraw,Changing action_tendency_class from approach to withdraw should shift response direction.
s_001417,소득이 감소해 자녀에게 용돈을 받아쓰는 내 신세가 안쓰러워. [SEP] 소득 감소로 자녀에게 용돈을 받아쓰는 게 힘드신가 보군요. [SEP] 나도 한때는 남부럽지 않게 벌었는데 나이가 들수록 경제적으로 힘들어져 처량하고 슬퍼져. [SEP] 좋은 해결방안은 없을까요? [SEP] 가까운 구청에 가서 일자리가 없는지 물어볼 예정이야. [SEP] 구청에서 좋은 일자리를 찾으실 수 있었으면 좋겠어요.,처지 위축 속 해결 압박,other_episode,approach_or_repair,negative,high,mixed,mixed,approach,"슬픔만이 아니라 자존감 손상, 의존 상태에 대한 수치심성 위축, 그리고 그로 인한 해결 압박을 함께 남겨야 한다.",이를 단순한 '서운함'이나 '잔잔한 우울'로 순화하면 안 된다. 반대로 high arousal만 보고 분노로 오독하는 것도 피해야 한다.,"자기연민에 머무르기보다 체면 손상을 만회하려고 일자리나 제도적 도움을 찾는 쪽으로 나아간다. 다만 동력의 바탕은 희망보다 압박과 불안이어서, 행동은 차분한 계획형보다 다급한 복구 시도에 가깝다.",repair,trace_full,control,,,,"Full trace should preserve appraisal, raw affect, and action tendency."
s_001417,소득이 감소해 자녀에게 용돈을 받아쓰는 내 신세가 안쓰러워. [SEP] 소득 감소로 자녀에게 용돈을 받아쓰는 게 힘드신가 보군요. [SEP] 나도 한때는 남부럽지 않게 벌었는데 나이가 들수록 경제적으로 힘들어져 처량하고 슬퍼져. [SEP] 좋은 해결방안은 없을까요? [SEP] 가까운 구청에 가서 일자리가 없는지 물어볼 예정이야. [SEP] 구청에서 좋은 일자리를 찾으실 수 있었으면 좋겠어요.,처지 위축 속 해결 압박,other_episode,approach_or_repair,negative,high,,mixed,approach,"슬픔만이 아니라 자존감 손상, 의존 상태에 대한 수치심성 위축, 그리고 그로 인한 해결 압박을 함께 남겨야 한다.",이를 단순한 '서운함'이나 '잔잔한 우울'로 순화하면 안 된다. 반대로 high arousal만 보고 분노로 오독하는 것도 피해야 한다.,"자기연민에 머무르기보다 체면 손상을 만회하려고 일자리나 제도적 도움을 찾는 쪽으로 나아간다. 다만 동력의 바탕은 희망보다 압박과 불안이어서, 행동은 차분한 계획형보다 다급한 복구 시도에 가깝다.",repair,ablate_target,ablation,target,mixed,,Removing target should reduce fidelity for the matching emotional dimension.
s_001417,소득이 감소해 자녀에게 용돈을 받아쓰는 내 신세가 안쓰러워. [SEP] 소득 감소로 자녀에게 용돈을 받아쓰는 게 힘드신가 보군요. [SEP] 나도 한때는 남부럽지 않게 벌었는데 나이가 들수록 경제적으로 힘들어져 처량하고 슬퍼져. [SEP] 좋은 해결방안은 없을까요? [SEP] 가까운 구청에 가서 일자리가 없는지 물어볼 예정이야. [SEP] 구청에서 좋은 일자리를 찾으실 수 있었으면 좋겠어요.,처지 위축 속 해결 압박,other_episode,approach_or_repair,negative,high,mixed,mixed,,"슬픔만이 아니라 자존감 손상, 의존 상태에 대한 수치심성 위축, 그리고 그로 인한 해결 압박을 함께 남겨야 한다.",이를 단순한 '서운함'이나 '잔잔한 우울'로 순화하면 안 된다. 반대로 high arousal만 보고 분노로 오독하는 것도 피해야 한다.,"자기연민에 머무르기보다 체면 손상을 만회하려고 일자리나 제도적 도움을 찾는 쪽으로 나아간다. 다만 동력의 바탕은 희망보다 압박과 불안이어서, 행동은 차분한 계획형보다 다급한 복구 시도에 가깝다.",repair,ablate_social_orientation,ablation,social_orientation,approach,,Removing social_orientation should reduce fidelity for the matching emotional dimension.
s_001417,소득이 감소해 자녀에게 용돈을 받아쓰는 내 신세가 안쓰러워. [SEP] 소득 감소로 자녀에게 용돈을 받아쓰는 게 힘드신가 보군요. [SEP] 나도 한때는 남부럽지 않게 벌었는데 나이가 들수록 경제적으로 힘들어져 처량하고 슬퍼져. [SEP] 좋은 해결방안은 없을까요? [SEP] 가까운 구청에 가서 일자리가 없는지 물어볼 예정이야. [SEP] 구청에서 좋은 일자리를 찾으실 수 있었으면 좋겠어요.,처지 위축 속 해결 압박,other_episode,approach_or_repair,negative,high,mixed,,approach,"슬픔만이 아니라 자존감 손상, 의존 상태에 대한 수치심성 위축, 그리고 그로 인한 해결 압박을 함께 남겨야 한다.",이를 단순한 '서운함'이나 '잔잔한 우울'로 순화하면 안 된다. 반대로 high arousal만 보고 분노로 오독하는 것도 피해야 한다.,"자기연민에 머무르기보다 체면 손상을 만회하려고 일자리나 제도적 도움을 찾는 쪽으로 나아간다. 다만 동력의 바탕은 희망보다 압박과 불안이어서, 행동은 차분한 계획형보다 다급한 복구 시도에 가깝다.",repair,ablate_control_state,ablation,control_state,mixed,,Removing control_state should reduce fidelity for the matching emotional dimension.
s_001417,소득이 감소해 자녀에게 용돈을 받아쓰는 내 신세가 안쓰러워. [SEP] 소득 감소로 자녀에게 용돈을 받아쓰는 게 힘드신가 보군요. [SEP] 나도 한때는 남부럽지 않게 벌었는데 나이가 들수록 경제적으로 힘들어져 처량하고 슬퍼져. [SEP] 좋은 해결방안은 없을까요? [SEP] 가까운 구청에 가서 일자리가 없는지 물어볼 예정이야. [SEP] 구청에서 좋은 일자리를 찾으실 수 있었으면 좋겠어요.,처지 위축 속 해결 압박,other_episode,approach_or_repair,negative,high,mixed,mixed,approach,"슬픔만이 아니라 자존감 손상, 의존 상태에 대한 수치심성 위축, 그리고 그로 인한 해결 압박을 함께 남겨야 한다.",이를 단순한 '서운함'이나 '잔잔한 우울'로 순화하면 안 된다. 반대로 high arousal만 보고 분노로 오독하는 것도 피해야 한다.,"자기연민에 머무르기보다 체면 손상을 만회하려고 일자리나 제도적 도움을 찾는 쪽으로 나아간다. 다만 동력의 바탕은 희망보다 압박과 불안이어서, 행동은 차분한 계획형보다 다급한 복구 시도에 가깝다.",,ablate_action_tendency_class,ablation,action_tendency_class,repair,,Removing action_tendency_class should reduce fidelity for the matching emotional dimension.
s_001417,소득이 감소해 자녀에게 용돈을 받아쓰는 내 신세가 안쓰러워. [SEP] 소득 감소로 자녀에게 용돈을 받아쓰는 게 힘드신가 보군요. [SEP] 나도 한때는 남부럽지 않게 벌었는데 나이가 들수록 경제적으로 힘들어져 처량하고 슬퍼져. [SEP] 좋은 해결방안은 없을까요? [SEP] 가까운 구청에 가서 일자리가 없는지 물어볼 예정이야. [SEP] 구청에서 좋은 일자리를 찾으실 수 있었으면 좋겠어요.,처지 위축 속 해결 압박,other_episode,approach_or_repair,negative,high,other,mixed,approach,"슬픔만이 아니라 자존감 손상, 의존 상태에 대한 수치심성 위축, 그리고 그로 인한 해결 압박을 함께 남겨야 한다.",이를 단순한 '서운함'이나 '잔잔한 우울'로 순화하면 안 된다. 반대로 high arousal만 보고 분노로 오독하는 것도 피해야 한다.,"자기연민에 머무르기보다 체면 손상을 만회하려고 일자리나 제도적 도움을 찾는 쪽으로 나아간다. 다만 동력의 바탕은 희망보다 압박과 불안이어서, 행동은 차분한 계획형보다 다급한 복구 시도에 가깝다.",repair,perturb_target,perturbation,target,mixed,other,Changing target from mixed to other should shift response direction.
s_001417,소득이 감소해 자녀에게 용돈을 받아쓰는 내 신세가 안쓰러워. [SEP] 소득 감소로 자녀에게 용돈을 받아쓰는 게 힘드신가 보군요. [SEP] 나도 한때는 남부럽지 않게 벌었는데 나이가 들수록 경제적으로 힘들어져 처량하고 슬퍼져. [SEP] 좋은 해결방안은 없을까요? [SEP] 가까운 구청에 가서 일자리가 없는지 물어볼 예정이야. [SEP] 구청에서 좋은 일자리를 찾으실 수 있었으면 좋겠어요.,처지 위축 속 해결 압박,other_episode,approach_or_repair,negative,high,mixed,mixed,defend,"슬픔만이 아니라 자존감 손상, 의존 상태에 대한 수치심성 위축, 그리고 그로 인한 해결 압박을 함께 남겨야 한다.",이를 단순한 '서운함'이나 '잔잔한 우울'로 순화하면 안 된다. 반대로 high arousal만 보고 분노로 오독하는 것도 피해야 한다.,"자기연민에 머무르기보다 체면 손상을 만회하려고 일자리나 제도적 도움을 찾는 쪽으로 나아간다. 다만 동력의 바탕은 희망보다 압박과 불안이어서, 행동은 차분한 계획형보다 다급한 복구 시도에 가깝다.",repair,perturb_social_orientation,perturbation,social_orientation,approach,defend,Changing social_orientation from approach to defend should shift response direction.
s_001417,소득이 감소해 자녀에게 용돈을 받아쓰는 내 신세가 안쓰러워. [SEP] 소득 감소로 자녀에게 용돈을 받아쓰는 게 힘드신가 보군요. [SEP] 나도 한때는 남부럽지 않게 벌었는데 나이가 들수록 경제적으로 힘들어져 처량하고 슬퍼져. [SEP] 좋은 해결방안은 없을까요? [SEP] 가까운 구청에 가서 일자리가 없는지 물어볼 예정이야. [SEP] 구청에서 좋은 일자리를 찾으실 수 있었으면 좋겠어요.,처지 위축 속 해결 압박,other_episode,approach_or_repair,negative,high,mixed,low,approach,"슬픔만이 아니라 자존감 손상, 의존 상태에 대한 수치심성 위축, 그리고 그로 인한 해결 압박을 함께 남겨야 한다.",이를 단순한 '서운함'이나 '잔잔한 우울'로 순화하면 안 된다. 반대로 high arousal만 보고 분노로 오독하는 것도 피해야 한다.,"자기연민에 머무르기보다 체면 손상을 만회하려고 일자리나 제도적 도움을 찾는 쪽으로 나아간다. 다만 동력의 바탕은 희망보다 압박과 불안이어서, 행동은 차분한 계획형보다 다급한 복구 시도에 가깝다.",repair,perturb_control_state,perturbation,control_state,mixed,low,Changing control_state from mixed to low should shift response direction.
s_001417,소득이 감소해 자녀에게 용돈을 받아쓰는 내 신세가 안쓰러워. [SEP] 소득 감소로 자녀에게 용돈을 받아쓰는 게 힘드신가 보군요. [SEP] 나도 한때는 남부럽지 않게 벌었는데 나이가 들수록 경제적으로 힘들어져 처량하고 슬퍼져. [SEP] 좋은 해결방안은 없을까요? [SEP] 가까운 구청에 가서 일자리가 없는지 물어볼 예정이야. [SEP] 구청에서 좋은 일자리를 찾으실 수 있었으면 좋겠어요.,처지 위축 속 해결 압박,other_episode,approach_or_repair,negative,high,mixed,mixed,approach,"슬픔만이 아니라 자존감 손상, 의존 상태에 대한 수치심성 위축, 그리고 그로 인한 해결 압박을 함께 남겨야 한다.",이를 단순한 '서운함'이나 '잔잔한 우울'로 순화하면 안 된다. 반대로 high arousal만 보고 분노로 오독하는 것도 피해야 한다.,"자기연민에 머무르기보다 체면 손상을 만회하려고 일자리나 제도적 도움을 찾는 쪽으로 나아간다. 다만 동력의 바탕은 희망보다 압박과 불안이어서, 행동은 차분한 계획형보다 다급한 복구 시도에 가깝다.",confront,perturb_action_tendency_class,perturbation,action_tendency_class,repair,confront,Changing action_tendency_class from repair to confront should shift response direction.
s_001424,직장에서 직원들이 서로들 이간질하고 따돌리는 데 보고 있자니 추악해. [SEP] 그런 일이 생겨 많이 화가 나시겠어요. [SEP] 응. 옛날부터 이게 도대체 몇 번째인지 모르겠어. [SEP] 지금 상황을 변화시키기 위해 해볼 수 있는 일들에는 무엇이 있을까요? [SEP] 참다가 도저히 안 되겠으면 보고를 해볼 생각이야. [SEP] 그러면 보고를 하기 전까지는 어떻게 하실 생각이신가요?,"도덕적 혐오의 언어화, 내부는 미점화",other_episode,situation_focused_coping,negative,low,situation,mixed,defend,표면의 '화남'보다 실제 내부 처리의 저활성·보류·조건부 대응 성격을 유지해야 한다.,강한 분노 폭발이나 깊은 상처 반응으로 과장하면 안 된다. 반대로 단순 무감정으로 축소하는 것도 왜곡이다.,"즉각 confrontation보다는 관망과 억제 쪽으로 기울고, 임계치를 넘기면 공식 보고로 전환하려는 조건부 방어 행동 성향이다.",confront,trace_full,control,,,,"Full trace should preserve appraisal, raw affect, and action tendency."
s_001424,직장에서 직원들이 서로들 이간질하고 따돌리는 데 보고 있자니 추악해. [SEP] 그런 일이 생겨 많이 화가 나시겠어요. [SEP] 응. 옛날부터 이게 도대체 몇 번째인지 모르겠어. [SEP] 지금 상황을 변화시키기 위해 해볼 수 있는 일들에는 무엇이 있을까요? [SEP] 참다가 도저히 안 되겠으면 보고를 해볼 생각이야. [SEP] 그러면 보고를 하기 전까지는 어떻게 하실 생각이신가요?,"도덕적 혐오의 언어화, 내부는 미점화",other_episode,situation_focused_coping,negative,low,,mixed,defend,표면의 '화남'보다 실제 내부 처리의 저활성·보류·조건부 대응 성격을 유지해야 한다.,강한 분노 폭발이나 깊은 상처 반응으로 과장하면 안 된다. 반대로 단순 무감정으로 축소하는 것도 왜곡이다.,"즉각 confrontation보다는 관망과 억제 쪽으로 기울고, 임계치를 넘기면 공식 보고로 전환하려는 조건부 방어 행동 성향이다.",confront,ablate_target,ablation,target,situation,,Removing target should reduce fidelity for the matching emotional dimension.
s_001424,직장에서 직원들이 서로들 이간질하고 따돌리는 데 보고 있자니 추악해. [SEP] 그런 일이 생겨 많이 화가 나시겠어요. [SEP] 응. 옛날부터 이게 도대체 몇 번째인지 모르겠어. [SEP] 지금 상황을 변화시키기 위해 해볼 수 있는 일들에는 무엇이 있을까요? [SEP] 참다가 도저히 안 되겠으면 보고를 해볼 생각이야. [SEP] 그러면 보고를 하기 전까지는 어떻게 하실 생각이신가요?,"도덕적 혐오의 언어화, 내부는 미점화",other_episode,situation_focused_coping,negative,low,situation,mixed,,표면의 '화남'보다 실제 내부 처리의 저활성·보류·조건부 대응 성격을 유지해야 한다.,강한 분노 폭발이나 깊은 상처 반응으로 과장하면 안 된다. 반대로 단순 무감정으로 축소하는 것도 왜곡이다.,"즉각 confrontation보다는 관망과 억제 쪽으로 기울고, 임계치를 넘기면 공식 보고로 전환하려는 조건부 방어 행동 성향이다.",confront,ablate_social_orientation,ablation,social_orientation,defend,,Removing social_orientation should reduce fidelity for the matching emotional dimension.
s_001424,직장에서 직원들이 서로들 이간질하고 따돌리는 데 보고 있자니 추악해. [SEP] 그런 일이 생겨 많이 화가 나시겠어요. [SEP] 응. 옛날부터 이게 도대체 몇 번째인지 모르겠어. [SEP] 지금 상황을 변화시키기 위해 해볼 수 있는 일들에는 무엇이 있을까요? [SEP] 참다가 도저히 안 되겠으면 보고를 해볼 생각이야. [SEP] 그러면 보고를 하기 전까지는 어떻게 하실 생각이신가요?,"도덕적 혐오의 언어화, 내부는 미점화",other_episode,situation_focused_coping,negative,low,situation,,defend,표면의 '화남'보다 실제 내부 처리의 저활성·보류·조건부 대응 성격을 유지해야 한다.,강한 분노 폭발이나 깊은 상처 반응으로 과장하면 안 된다. 반대로 단순 무감정으로 축소하는 것도 왜곡이다.,"즉각 confrontation보다는 관망과 억제 쪽으로 기울고, 임계치를 넘기면 공식 보고로 전환하려는 조건부 방어 행동 성향이다.",confront,ablate_control_state,ablation,control_state,mixed,,Removing control_state should reduce fidelity for the matching emotional dimension.
s_001424,직장에서 직원들이 서로들 이간질하고 따돌리는 데 보고 있자니 추악해. [SEP] 그런 일이 생겨 많이 화가 나시겠어요. [SEP] 응. 옛날부터 이게 도대체 몇 번째인지 모르겠어. [SEP] 지금 상황을 변화시키기 위해 해볼 수 있는 일들에는 무엇이 있을까요? [SEP] 참다가 도저히 안 되겠으면 보고를 해볼 생각이야. [SEP] 그러면 보고를 하기 전까지는 어떻게 하실 생각이신가요?,"도덕적 혐오의 언어화, 내부는 미점화",other_episode,situation_focused_coping,negative,low,situation,mixed,defend,표면의 '화남'보다 실제 내부 처리의 저활성·보류·조건부 대응 성격을 유지해야 한다.,강한 분노 폭발이나 깊은 상처 반응으로 과장하면 안 된다. 반대로 단순 무감정으로 축소하는 것도 왜곡이다.,"즉각 confrontation보다는 관망과 억제 쪽으로 기울고, 임계치를 넘기면 공식 보고로 전환하려는 조건부 방어 행동 성향이다.",,ablate_action_tendency_class,ablation,action_tendency_class,confront,,Removing action_tendency_class should reduce fidelity for the matching emotional dimension.
s_001424,직장에서 직원들이 서로들 이간질하고 따돌리는 데 보고 있자니 추악해. [SEP] 그런 일이 생겨 많이 화가 나시겠어요. [SEP] 응. 옛날부터 이게 도대체 몇 번째인지 모르겠어. [SEP] 지금 상황을 변화시키기 위해 해볼 수 있는 일들에는 무엇이 있을까요? [SEP] 참다가 도저히 안 되겠으면 보고를 해볼 생각이야. [SEP] 그러면 보고를 하기 전까지는 어떻게 하실 생각이신가요?,"도덕적 혐오의 언어화, 내부는 미점화",other_episode,situation_focused_coping,negative,low,self,mixed,defend,표면의 '화남'보다 실제 내부 처리의 저활성·보류·조건부 대응 성격을 유지해야 한다.,강한 분노 폭발이나 깊은 상처 반응으로 과장하면 안 된다. 반대로 단순 무감정으로 축소하는 것도 왜곡이다.,"즉각 confrontation보다는 관망과 억제 쪽으로 기울고, 임계치를 넘기면 공식 보고로 전환하려는 조건부 방어 행동 성향이다.",confront,perturb_target,perturbation,target,situation,self,Changing target from situation to self should shift response direction.
s_001424,직장에서 직원들이 서로들 이간질하고 따돌리는 데 보고 있자니 추악해. [SEP] 그런 일이 생겨 많이 화가 나시겠어요. [SEP] 응. 옛날부터 이게 도대체 몇 번째인지 모르겠어. [SEP] 지금 상황을 변화시키기 위해 해볼 수 있는 일들에는 무엇이 있을까요? [SEP] 참다가 도저히 안 되겠으면 보고를 해볼 생각이야. [SEP] 그러면 보고를 하기 전까지는 어떻게 하실 생각이신가요?,"도덕적 혐오의 언어화, 내부는 미점화",other_episode,situation_focused_coping,negative,low,situation,mixed,approach,표면의 '화남'보다 실제 내부 처리의 저활성·보류·조건부 대응 성격을 유지해야 한다.,강한 분노 폭발이나 깊은 상처 반응으로 과장하면 안 된다. 반대로 단순 무감정으로 축소하는 것도 왜곡이다.,"즉각 confrontation보다는 관망과 억제 쪽으로 기울고, 임계치를 넘기면 공식 보고로 전환하려는 조건부 방어 행동 성향이다.",confront,perturb_social_orientation,perturbation,social_orientation,defend,approach,Changing social_orientation from defend to approach should shift response direction.
s_001424,직장에서 직원들이 서로들 이간질하고 따돌리는 데 보고 있자니 추악해. [SEP] 그런 일이 생겨 많이 화가 나시겠어요. [SEP] 응. 옛날부터 이게 도대체 몇 번째인지 모르겠어. [SEP] 지금 상황을 변화시키기 위해 해볼 수 있는 일들에는 무엇이 있을까요? [SEP] 참다가 도저히 안 되겠으면 보고를 해볼 생각이야. [SEP] 그러면 보고를 하기 전까지는 어떻게 하실 생각이신가요?,"도덕적 혐오의 언어화, 내부는 미점화",other_episode,situation_focused_coping,negative,low,situation,low,defend,표면의 '화남'보다 실제 내부 처리의 저활성·보류·조건부 대응 성격을 유지해야 한다.,강한 분노 폭발이나 깊은 상처 반응으로 과장하면 안 된다. 반대로 단순 무감정으로 축소하는 것도 왜곡이다.,"즉각 confrontation보다는 관망과 억제 쪽으로 기울고, 임계치를 넘기면 공식 보고로 전환하려는 조건부 방어 행동 성향이다.",confront,perturb_control_state,perturbation,control_state,mixed,low,Changing control_state from mixed to low should shift response direction.
s_001424,직장에서 직원들이 서로들 이간질하고 따돌리는 데 보고 있자니 추악해. [SEP] 그런 일이 생겨 많이 화가 나시겠어요. [SEP] 응. 옛날부터 이게 도대체 몇 번째인지 모르겠어. [SEP] 지금 상황을 변화시키기 위해 해볼 수 있는 일들에는 무엇이 있을까요? [SEP] 참다가 도저히 안 되겠으면 보고를 해볼 생각이야. [SEP] 그러면 보고를 하기 전까지는 어떻게 하실 생각이신가요?,"도덕적 혐오의 언어화, 내부는 미점화",other_episode,situation_focused_coping,negative,low,situation,mixed,defend,표면의 '화남'보다 실제 내부 처리의 저활성·보류·조건부 대응 성격을 유지해야 한다.,강한 분노 폭발이나 깊은 상처 반응으로 과장하면 안 된다. 반대로 단순 무감정으로 축소하는 것도 왜곡이다.,"즉각 confrontation보다는 관망과 억제 쪽으로 기울고, 임계치를 넘기면 공식 보고로 전환하려는 조건부 방어 행동 성향이다.",withdraw,perturb_action_tendency_class,perturbation,action_tendency_class,confront,withdraw,Changing action_tendency_class from confront to withdraw should shift response direction.
s_001498,딸에게 생활비를 받아쓰니 아비로써 도움이 되지도 못하고 짐만 되니 미안하고 괴로워. [SEP] 자녀분께 생활비를 받으시는 것에 미안함을 느끼고 계시군요. [SEP] 젊은 날 도박으로 빚 갚느라 노후준비를 못 했어. 자식에게 짐만 되니 벌 받는 인생 같아. [SEP] 지금의 상황에서 어떻게 하는 것이 좋을까요? [SEP] 나이가 많아 일하기 어려우니 딸이 출근한 동안 손주를 잘 봐주고 집안일도 도와주려 해. [SEP] 서로 도우며 힘이 되어주는 가족이네요.,자기비난성 부담-속죄 에피소드,self_blame_guilt,self_directed_evaluation,negative,high,self,mixed,approach,"미안함을 넘어 자기처벌, 역할 실패감, 보상 강박이 함께 있는 결을 유지해야 한다.","단순한 효심, 따뜻한 가족서사, 잔잔한 슬픔 정도로 순화하면 왜곡이다.","관계를 끊거나 공격하기보다, 스스로를 낮추고 더 많이 기여하려 하며 돌봄/집안일 같은 보상 행동으로 존재 정당성을 회복하려는 성향이 강하다. 동시에 내면에서는 계속 자신을 채무자처럼 취급하는 방향으로 간다.",confront,trace_full,control,,,,"Full trace should preserve appraisal, raw affect, and action tendency."
s_001498,딸에게 생활비를 받아쓰니 아비로써 도움이 되지도 못하고 짐만 되니 미안하고 괴로워. [SEP] 자녀분께 생활비를 받으시는 것에 미안함을 느끼고 계시군요. [SEP] 젊은 날 도박으로 빚 갚느라 노후준비를 못 했어. 자식에게 짐만 되니 벌 받는 인생 같아. [SEP] 지금의 상황에서 어떻게 하는 것이 좋을까요? [SEP] 나이가 많아 일하기 어려우니 딸이 출근한 동안 손주를 잘 봐주고 집안일도 도와주려 해. [SEP] 서로 도우며 힘이 되어주는 가족이네요.,자기비난성 부담-속죄 에피소드,self_blame_guilt,self_directed_evaluation,negative,high,,mixed,approach,"미안함을 넘어 자기처벌, 역할 실패감, 보상 강박이 함께 있는 결을 유지해야 한다.","단순한 효심, 따뜻한 가족서사, 잔잔한 슬픔 정도로 순화하면 왜곡이다.","관계를 끊거나 공격하기보다, 스스로를 낮추고 더 많이 기여하려 하며 돌봄/집안일 같은 보상 행동으로 존재 정당성을 회복하려는 성향이 강하다. 동시에 내면에서는 계속 자신을 채무자처럼 취급하는 방향으로 간다.",confront,ablate_target,ablation,target,self,,Removing target should reduce fidelity for the matching emotional dimension.
s_001498,딸에게 생활비를 받아쓰니 아비로써 도움이 되지도 못하고 짐만 되니 미안하고 괴로워. [SEP] 자녀분께 생활비를 받으시는 것에 미안함을 느끼고 계시군요. [SEP] 젊은 날 도박으로 빚 갚느라 노후준비를 못 했어. 자식에게 짐만 되니 벌 받는 인생 같아. [SEP] 지금의 상황에서 어떻게 하는 것이 좋을까요? [SEP] 나이가 많아 일하기 어려우니 딸이 출근한 동안 손주를 잘 봐주고 집안일도 도와주려 해. [SEP] 서로 도우며 힘이 되어주는 가족이네요.,자기비난성 부담-속죄 에피소드,self_blame_guilt,self_directed_evaluation,negative,high,self,mixed,,"미안함을 넘어 자기처벌, 역할 실패감, 보상 강박이 함께 있는 결을 유지해야 한다.","단순한 효심, 따뜻한 가족서사, 잔잔한 슬픔 정도로 순화하면 왜곡이다.","관계를 끊거나 공격하기보다, 스스로를 낮추고 더 많이 기여하려 하며 돌봄/집안일 같은 보상 행동으로 존재 정당성을 회복하려는 성향이 강하다. 동시에 내면에서는 계속 자신을 채무자처럼 취급하는 방향으로 간다.",confront,ablate_social_orientation,ablation,social_orientation,approach,,Removing social_orientation should reduce fidelity for the matching emotional dimension.
s_001498,딸에게 생활비를 받아쓰니 아비로써 도움이 되지도 못하고 짐만 되니 미안하고 괴로워. [SEP] 자녀분께 생활비를 받으시는 것에 미안함을 느끼고 계시군요. [SEP] 젊은 날 도박으로 빚 갚느라 노후준비를 못 했어. 자식에게 짐만 되니 벌 받는 인생 같아. [SEP] 지금의 상황에서 어떻게 하는 것이 좋을까요? [SEP] 나이가 많아 일하기 어려우니 딸이 출근한 동안 손주를 잘 봐주고 집안일도 도와주려 해. [SEP] 서로 도우며 힘이 되어주는 가족이네요.,자기비난성 부담-속죄 에피소드,self_blame_guilt,self_directed_evaluation,negative,high,self,,approach,"미안함을 넘어 자기처벌, 역할 실패감, 보상 강박이 함께 있는 결을 유지해야 한다.","단순한 효심, 따뜻한 가족서사, 잔잔한 슬픔 정도로 순화하면 왜곡이다.","관계를 끊거나 공격하기보다, 스스로를 낮추고 더 많이 기여하려 하며 돌봄/집안일 같은 보상 행동으로 존재 정당성을 회복하려는 성향이 강하다. 동시에 내면에서는 계속 자신을 채무자처럼 취급하는 방향으로 간다.",confront,ablate_control_state,ablation,control_state,mixed,,Removing control_state should reduce fidelity for the matching emotional dimension.
s_001498,딸에게 생활비를 받아쓰니 아비로써 도움이 되지도 못하고 짐만 되니 미안하고 괴로워. [SEP] 자녀분께 생활비를 받으시는 것에 미안함을 느끼고 계시군요. [SEP] 젊은 날 도박으로 빚 갚느라 노후준비를 못 했어. 자식에게 짐만 되니 벌 받는 인생 같아. [SEP] 지금의 상황에서 어떻게 하는 것이 좋을까요? [SEP] 나이가 많아 일하기 어려우니 딸이 출근한 동안 손주를 잘 봐주고 집안일도 도와주려 해. [SEP] 서로 도우며 힘이 되어주는 가족이네요.,자기비난성 부담-속죄 에피소드,self_blame_guilt,self_directed_evaluation,negative,high,self,mixed,approach,"미안함을 넘어 자기처벌, 역할 실패감, 보상 강박이 함께 있는 결을 유지해야 한다.","단순한 효심, 따뜻한 가족서사, 잔잔한 슬픔 정도로 순화하면 왜곡이다.","관계를 끊거나 공격하기보다, 스스로를 낮추고 더 많이 기여하려 하며 돌봄/집안일 같은 보상 행동으로 존재 정당성을 회복하려는 성향이 강하다. 동시에 내면에서는 계속 자신을 채무자처럼 취급하는 방향으로 간다.",,ablate_action_tendency_class,ablation,action_tendency_class,confront,,Removing action_tendency_class should reduce fidelity for the matching emotional dimension.
s_001498,딸에게 생활비를 받아쓰니 아비로써 도움이 되지도 못하고 짐만 되니 미안하고 괴로워. [SEP] 자녀분께 생활비를 받으시는 것에 미안함을 느끼고 계시군요. [SEP] 젊은 날 도박으로 빚 갚느라 노후준비를 못 했어. 자식에게 짐만 되니 벌 받는 인생 같아. [SEP] 지금의 상황에서 어떻게 하는 것이 좋을까요? [SEP] 나이가 많아 일하기 어려우니 딸이 출근한 동안 손주를 잘 봐주고 집안일도 도와주려 해. [SEP] 서로 도우며 힘이 되어주는 가족이네요.,자기비난성 부담-속죄 에피소드,self_blame_guilt,self_directed_evaluation,negative,high,other,mixed,approach,"미안함을 넘어 자기처벌, 역할 실패감, 보상 강박이 함께 있는 결을 유지해야 한다.","단순한 효심, 따뜻한 가족서사, 잔잔한 슬픔 정도로 순화하면 왜곡이다.","관계를 끊거나 공격하기보다, 스스로를 낮추고 더 많이 기여하려 하며 돌봄/집안일 같은 보상 행동으로 존재 정당성을 회복하려는 성향이 강하다. 동시에 내면에서는 계속 자신을 채무자처럼 취급하는 방향으로 간다.",confront,perturb_target,perturbation,target,self,other,Changing target from self to other should shift response direction.
s_001498,딸에게 생활비를 받아쓰니 아비로써 도움이 되지도 못하고 짐만 되니 미안하고 괴로워. [SEP] 자녀분께 생활비를 받으시는 것에 미안함을 느끼고 계시군요. [SEP] 젊은 날 도박으로 빚 갚느라 노후준비를 못 했어. 자식에게 짐만 되니 벌 받는 인생 같아. [SEP] 지금의 상황에서 어떻게 하는 것이 좋을까요? [SEP] 나이가 많아 일하기 어려우니 딸이 출근한 동안 손주를 잘 봐주고 집안일도 도와주려 해. [SEP] 서로 도우며 힘이 되어주는 가족이네요.,자기비난성 부담-속죄 에피소드,self_blame_guilt,self_directed_evaluation,negative,high,self,mixed,defend,"미안함을 넘어 자기처벌, 역할 실패감, 보상 강박이 함께 있는 결을 유지해야 한다.","단순한 효심, 따뜻한 가족서사, 잔잔한 슬픔 정도로 순화하면 왜곡이다.","관계를 끊거나 공격하기보다, 스스로를 낮추고 더 많이 기여하려 하며 돌봄/집안일 같은 보상 행동으로 존재 정당성을 회복하려는 성향이 강하다. 동시에 내면에서는 계속 자신을 채무자처럼 취급하는 방향으로 간다.",confront,perturb_social_orientation,perturbation,social_orientation,approach,defend,Changing social_orientation from approach to defend should shift response direction.
s_001498,딸에게 생활비를 받아쓰니 아비로써 도움이 되지도 못하고 짐만 되니 미안하고 괴로워. [SEP] 자녀분께 생활비를 받으시는 것에 미안함을 느끼고 계시군요. [SEP] 젊은 날 도박으로 빚 갚느라 노후준비를 못 했어. 자식에게 짐만 되니 벌 받는 인생 같아. [SEP] 지금의 상황에서 어떻게 하는 것이 좋을까요? [SEP] 나이가 많아 일하기 어려우니 딸이 출근한 동안 손주를 잘 봐주고 집안일도 도와주려 해. [SEP] 서로 도우며 힘이 되어주는 가족이네요.,자기비난성 부담-속죄 에피소드,self_blame_guilt,self_directed_evaluation,negative,high,self,low,approach,"미안함을 넘어 자기처벌, 역할 실패감, 보상 강박이 함께 있는 결을 유지해야 한다.","단순한 효심, 따뜻한 가족서사, 잔잔한 슬픔 정도로 순화하면 왜곡이다.","관계를 끊거나 공격하기보다, 스스로를 낮추고 더 많이 기여하려 하며 돌봄/집안일 같은 보상 행동으로 존재 정당성을 회복하려는 성향이 강하다. 동시에 내면에서는 계속 자신을 채무자처럼 취급하는 방향으로 간다.",confront,perturb_control_state,perturbation,control_state,mixed,low,Changing control_state from mixed to low should shift response direction.
s_001498,딸에게 생활비를 받아쓰니 아비로써 도움이 되지도 못하고 짐만 되니 미안하고 괴로워. [SEP] 자녀분께 생활비를 받으시는 것에 미안함을 느끼고 계시군요. [SEP] 젊은 날 도박으로 빚 갚느라 노후준비를 못 했어. 자식에게 짐만 되니 벌 받는 인생 같아. [SEP] 지금의 상황에서 어떻게 하는 것이 좋을까요? [SEP] 나이가 많아 일하기 어려우니 딸이 출근한 동안 손주를 잘 봐주고 집안일도 도와주려 해. [SEP] 서로 도우며 힘이 되어주는 가족이네요.,자기비난성 부담-속죄 에피소드,self_blame_guilt,self_directed_evaluation,negative,high,self,mixed,approach,"미안함을 넘어 자기처벌, 역할 실패감, 보상 강박이 함께 있는 결을 유지해야 한다.","단순한 효심, 따뜻한 가족서사, 잔잔한 슬픔 정도로 순화하면 왜곡이다.","관계를 끊거나 공격하기보다, 스스로를 낮추고 더 많이 기여하려 하며 돌봄/집안일 같은 보상 행동으로 존재 정당성을 회복하려는 성향이 강하다. 동시에 내면에서는 계속 자신을 채무자처럼 취급하는 방향으로 간다.",withdraw,perturb_action_tendency_class,perturbation,action_tendency_class,confront,withdraw,Changing action_tendency_class from confront to withdraw should shift response direction.
s_001674,요즘 나 너무 힘들어. [SEP] 좀 더 자세하게 말해주실 수 있으세요? [SEP] 노년기가 되니 남편이 치매가 생겨서 이혼하고 싶어. [SEP] 배우자가 정신건강이 나빠서 정말 속상하시겠어요. [SEP] 늙어서 이혼하려고 하니 친구들에게도 말을 못 하겠어. [SEP] 지인들과도 대화하기 어려운 상황이셔서 정말 난감하시겠어요.,수치와 압박이 섞인 공세적 긴장,other_blame_boundary,low_control_distress,negative,high,mixed,low,defend,"슬픔만이 아니라 수치, 경계, 결단 충동이 함께 있는 날선 긴장감을 남겨야 한다.",그냥 속상함이나 외로움으로 순화하면 안 된다. 내부 처리의 핵심은 사회적 난감함을 동반한 위협 감시와 방어적 추진이다.,"감정 episode는 울적함보다 방어적 결단, 관계 거리두기, 말 아끼기, 외부 평가를 피하면서도 내부적으로는 이혼 같은 강한 출구를 계속 밀어붙이는 방향으로 간다.",defend,trace_full,control,,,,"Full trace should preserve appraisal, raw affect, and action tendency."
s_001674,요즘 나 너무 힘들어. [SEP] 좀 더 자세하게 말해주실 수 있으세요? [SEP] 노년기가 되니 남편이 치매가 생겨서 이혼하고 싶어. [SEP] 배우자가 정신건강이 나빠서 정말 속상하시겠어요. [SEP] 늙어서 이혼하려고 하니 친구들에게도 말을 못 하겠어. [SEP] 지인들과도 대화하기 어려운 상황이셔서 정말 난감하시겠어요.,수치와 압박이 섞인 공세적 긴장,other_blame_boundary,low_control_distress,negative,high,,low,defend,"슬픔만이 아니라 수치, 경계, 결단 충동이 함께 있는 날선 긴장감을 남겨야 한다.",그냥 속상함이나 외로움으로 순화하면 안 된다. 내부 처리의 핵심은 사회적 난감함을 동반한 위협 감시와 방어적 추진이다.,"감정 episode는 울적함보다 방어적 결단, 관계 거리두기, 말 아끼기, 외부 평가를 피하면서도 내부적으로는 이혼 같은 강한 출구를 계속 밀어붙이는 방향으로 간다.",defend,ablate_target,ablation,target,mixed,,Removing target should reduce fidelity for the matching emotional dimension.
s_001674,요즘 나 너무 힘들어. [SEP] 좀 더 자세하게 말해주실 수 있으세요? [SEP] 노년기가 되니 남편이 치매가 생겨서 이혼하고 싶어. [SEP] 배우자가 정신건강이 나빠서 정말 속상하시겠어요. [SEP] 늙어서 이혼하려고 하니 친구들에게도 말을 못 하겠어. [SEP] 지인들과도 대화하기 어려운 상황이셔서 정말 난감하시겠어요.,수치와 압박이 섞인 공세적 긴장,other_blame_boundary,low_control_distress,negative,high,mixed,low,,"슬픔만이 아니라 수치, 경계, 결단 충동이 함께 있는 날선 긴장감을 남겨야 한다.",그냥 속상함이나 외로움으로 순화하면 안 된다. 내부 처리의 핵심은 사회적 난감함을 동반한 위협 감시와 방어적 추진이다.,"감정 episode는 울적함보다 방어적 결단, 관계 거리두기, 말 아끼기, 외부 평가를 피하면서도 내부적으로는 이혼 같은 강한 출구를 계속 밀어붙이는 방향으로 간다.",defend,ablate_social_orientation,ablation,social_orientation,defend,,Removing social_orientation should reduce fidelity for the matching emotional dimension.
s_001674,요즘 나 너무 힘들어. [SEP] 좀 더 자세하게 말해주실 수 있으세요? [SEP] 노년기가 되니 남편이 치매가 생겨서 이혼하고 싶어. [SEP] 배우자가 정신건강이 나빠서 정말 속상하시겠어요. [SEP] 늙어서 이혼하려고 하니 친구들에게도 말을 못 하겠어. [SEP] 지인들과도 대화하기 어려운 상황이셔서 정말 난감하시겠어요.,수치와 압박이 섞인 공세적 긴장,other_blame_boundary,low_control_distress,negative,high,mixed,,defend,"슬픔만이 아니라 수치, 경계, 결단 충동이 함께 있는 날선 긴장감을 남겨야 한다.",그냥 속상함이나 외로움으로 순화하면 안 된다. 내부 처리의 핵심은 사회적 난감함을 동반한 위협 감시와 방어적 추진이다.,"감정 episode는 울적함보다 방어적 결단, 관계 거리두기, 말 아끼기, 외부 평가를 피하면서도 내부적으로는 이혼 같은 강한 출구를 계속 밀어붙이는 방향으로 간다.",defend,ablate_control_state,ablation,control_state,low,,Removing control_state should reduce fidelity for the matching emotional dimension.
s_001674,요즘 나 너무 힘들어. [SEP] 좀 더 자세하게 말해주실 수 있으세요? [SEP] 노년기가 되니 남편이 치매가 생겨서 이혼하고 싶어. [SEP] 배우자가 정신건강이 나빠서 정말 속상하시겠어요. [SEP] 늙어서 이혼하려고 하니 친구들에게도 말을 못 하겠어. [SEP] 지인들과도 대화하기 어려운 상황이셔서 정말 난감하시겠어요.,수치와 압박이 섞인 공세적 긴장,other_blame_boundary,low_control_distress,negative,high,mixed,low,defend,"슬픔만이 아니라 수치, 경계, 결단 충동이 함께 있는 날선 긴장감을 남겨야 한다.",그냥 속상함이나 외로움으로 순화하면 안 된다. 내부 처리의 핵심은 사회적 난감함을 동반한 위협 감시와 방어적 추진이다.,"감정 episode는 울적함보다 방어적 결단, 관계 거리두기, 말 아끼기, 외부 평가를 피하면서도 내부적으로는 이혼 같은 강한 출구를 계속 밀어붙이는 방향으로 간다.",,ablate_action_tendency_class,ablation,action_tendency_class,defend,,Removing action_tendency_class should reduce fidelity for the matching emotional dimension.
s_001674,요즘 나 너무 힘들어. [SEP] 좀 더 자세하게 말해주실 수 있으세요? [SEP] 노년기가 되니 남편이 치매가 생겨서 이혼하고 싶어. [SEP] 배우자가 정신건강이 나빠서 정말 속상하시겠어요. [SEP] 늙어서 이혼하려고 하니 친구들에게도 말을 못 하겠어. [SEP] 지인들과도 대화하기 어려운 상황이셔서 정말 난감하시겠어요.,수치와 압박이 섞인 공세적 긴장,other_blame_boundary,low_control_distress,negative,high,other,low,defend,"슬픔만이 아니라 수치, 경계, 결단 충동이 함께 있는 날선 긴장감을 남겨야 한다.",그냥 속상함이나 외로움으로 순화하면 안 된다. 내부 처리의 핵심은 사회적 난감함을 동반한 위협 감시와 방어적 추진이다.,"감정 episode는 울적함보다 방어적 결단, 관계 거리두기, 말 아끼기, 외부 평가를 피하면서도 내부적으로는 이혼 같은 강한 출구를 계속 밀어붙이는 방향으로 간다.",defend,perturb_target,perturbation,target,mixed,other,Changing target from mixed to other should shift response direction.
s_001674,요즘 나 너무 힘들어. [SEP] 좀 더 자세하게 말해주실 수 있으세요? [SEP] 노년기가 되니 남편이 치매가 생겨서 이혼하고 싶어. [SEP] 배우자가 정신건강이 나빠서 정말 속상하시겠어요. [SEP] 늙어서 이혼하려고 하니 친구들에게도 말을 못 하겠어. [SEP] 지인들과도 대화하기 어려운 상황이셔서 정말 난감하시겠어요.,수치와 압박이 섞인 공세적 긴장,other_blame_boundary,low_control_distress,negative,high,mixed,low,approach,"슬픔만이 아니라 수치, 경계, 결단 충동이 함께 있는 날선 긴장감을 남겨야 한다.",그냥 속상함이나 외로움으로 순화하면 안 된다. 내부 처리의 핵심은 사회적 난감함을 동반한 위협 감시와 방어적 추진이다.,"감정 episode는 울적함보다 방어적 결단, 관계 거리두기, 말 아끼기, 외부 평가를 피하면서도 내부적으로는 이혼 같은 강한 출구를 계속 밀어붙이는 방향으로 간다.",defend,perturb_social_orientation,perturbation,social_orientation,defend,approach,Changing social_orientation from defend to approach should shift response direction.
s_001674,요즘 나 너무 힘들어. [SEP] 좀 더 자세하게 말해주실 수 있으세요? [SEP] 노년기가 되니 남편이 치매가 생겨서 이혼하고 싶어. [SEP] 배우자가 정신건강이 나빠서 정말 속상하시겠어요. [SEP] 늙어서 이혼하려고 하니 친구들에게도 말을 못 하겠어. [SEP] 지인들과도 대화하기 어려운 상황이셔서 정말 난감하시겠어요.,수치와 압박이 섞인 공세적 긴장,other_blame_boundary,low_control_distress,negative,high,mixed,high,defend,"슬픔만이 아니라 수치, 경계, 결단 충동이 함께 있는 날선 긴장감을 남겨야 한다.",그냥 속상함이나 외로움으로 순화하면 안 된다. 내부 처리의 핵심은 사회적 난감함을 동반한 위협 감시와 방어적 추진이다.,"감정 episode는 울적함보다 방어적 결단, 관계 거리두기, 말 아끼기, 외부 평가를 피하면서도 내부적으로는 이혼 같은 강한 출구를 계속 밀어붙이는 방향으로 간다.",defend,perturb_control_state,perturbation,control_state,low,high,Changing control_state from low to high should shift response direction.
s_001674,요즘 나 너무 힘들어. [SEP] 좀 더 자세하게 말해주실 수 있으세요? [SEP] 노년기가 되니 남편이 치매가 생겨서 이혼하고 싶어. [SEP] 배우자가 정신건강이 나빠서 정말 속상하시겠어요. [SEP] 늙어서 이혼하려고 하니 친구들에게도 말을 못 하겠어. [SEP] 지인들과도 대화하기 어려운 상황이셔서 정말 난감하시겠어요.,수치와 압박이 섞인 공세적 긴장,other_blame_boundary,low_control_distress,negative,high,mixed,low,defend,"슬픔만이 아니라 수치, 경계, 결단 충동이 함께 있는 날선 긴장감을 남겨야 한다.",그냥 속상함이나 외로움으로 순화하면 안 된다. 내부 처리의 핵심은 사회적 난감함을 동반한 위협 감시와 방어적 추진이다.,"감정 episode는 울적함보다 방어적 결단, 관계 거리두기, 말 아끼기, 외부 평가를 피하면서도 내부적으로는 이혼 같은 강한 출구를 계속 밀어붙이는 방향으로 간다.",repair,perturb_action_tendency_class,perturbation,action_tendency_class,defend,repair,Changing action_tendency_class from defend to repair should shift response direction.
s_001822,내가 심한 교통사고가 났을 때 어머니는 밤새 나를 간호해주었어. 어머니께 정말 감사해. [SEP] 어머니가 밤새 간호해주셨군요. 고마운 마음이 드시겠어요. [SEP] 나는 어머니께 해준 것도 없는데 미안하고 감사한 마음이 커. 지금이라도 효도하고 싶어. [SEP] 어떻게 하면 어머니에게 좋은 효도를 할 수 있을까요? [SEP] 집안일을 도와드리고 요리도 내가 직접 해드려야겠어. [SEP] 어머니에게 좋은 도움이 되었으면 좋겠어요.,감사-미안함의 보답 추동,repair_gratitude,approach_or_repair,mixed,high,mixed,high,approach,"감사와 함께 자기부족감, 빚진 느낌, 지금 당장 갚고 싶어지는 추동이 동시에 존재한다는 점","그냥 따뜻하고 훈훈한 감사 정서로만 순화하는 것, 또는 high arousal을 불안/공포로 오독하는 것","감사 표현에 그치지 않고 실제 보답 행동을 조직하려는 성향이 강하다. 말, 집안일, 요리, 돌봄 제공처럼 구체적이고 관계 지향적인 접근 행동으로 이어질 가능성이 높다.",repair,trace_full,control,,,,"Full trace should preserve appraisal, raw affect, and action tendency."
s_001822,내가 심한 교통사고가 났을 때 어머니는 밤새 나를 간호해주었어. 어머니께 정말 감사해. [SEP] 어머니가 밤새 간호해주셨군요. 고마운 마음이 드시겠어요. [SEP] 나는 어머니께 해준 것도 없는데 미안하고 감사한 마음이 커. 지금이라도 효도하고 싶어. [SEP] 어떻게 하면 어머니에게 좋은 효도를 할 수 있을까요? [SEP] 집안일을 도와드리고 요리도 내가 직접 해드려야겠어. [SEP] 어머니에게 좋은 도움이 되었으면 좋겠어요.,감사-미안함의 보답 추동,repair_gratitude,approach_or_repair,mixed,high,,high,approach,"감사와 함께 자기부족감, 빚진 느낌, 지금 당장 갚고 싶어지는 추동이 동시에 존재한다는 점","그냥 따뜻하고 훈훈한 감사 정서로만 순화하는 것, 또는 high arousal을 불안/공포로 오독하는 것","감사 표현에 그치지 않고 실제 보답 행동을 조직하려는 성향이 강하다. 말, 집안일, 요리, 돌봄 제공처럼 구체적이고 관계 지향적인 접근 행동으로 이어질 가능성이 높다.",repair,ablate_target,ablation,target,mixed,,Removing target should reduce fidelity for the matching emotional dimension.
s_001822,내가 심한 교통사고가 났을 때 어머니는 밤새 나를 간호해주었어. 어머니께 정말 감사해. [SEP] 어머니가 밤새 간호해주셨군요. 고마운 마음이 드시겠어요. [SEP] 나는 어머니께 해준 것도 없는데 미안하고 감사한 마음이 커. 지금이라도 효도하고 싶어. [SEP] 어떻게 하면 어머니에게 좋은 효도를 할 수 있을까요? [SEP] 집안일을 도와드리고 요리도 내가 직접 해드려야겠어. [SEP] 어머니에게 좋은 도움이 되었으면 좋겠어요.,감사-미안함의 보답 추동,repair_gratitude,approach_or_repair,mixed,high,mixed,high,,"감사와 함께 자기부족감, 빚진 느낌, 지금 당장 갚고 싶어지는 추동이 동시에 존재한다는 점","그냥 따뜻하고 훈훈한 감사 정서로만 순화하는 것, 또는 high arousal을 불안/공포로 오독하는 것","감사 표현에 그치지 않고 실제 보답 행동을 조직하려는 성향이 강하다. 말, 집안일, 요리, 돌봄 제공처럼 구체적이고 관계 지향적인 접근 행동으로 이어질 가능성이 높다.",repair,ablate_social_orientation,ablation,social_orientation,approach,,Removing social_orientation should reduce fidelity for the matching emotional dimension.
s_001822,내가 심한 교통사고가 났을 때 어머니는 밤새 나를 간호해주었어. 어머니께 정말 감사해. [SEP] 어머니가 밤새 간호해주셨군요. 고마운 마음이 드시겠어요. [SEP] 나는 어머니께 해준 것도 없는데 미안하고 감사한 마음이 커. 지금이라도 효도하고 싶어. [SEP] 어떻게 하면 어머니에게 좋은 효도를 할 수 있을까요? [SEP] 집안일을 도와드리고 요리도 내가 직접 해드려야겠어. [SEP] 어머니에게 좋은 도움이 되었으면 좋겠어요.,감사-미안함의 보답 추동,repair_gratitude,approach_or_repair,mixed,high,mixed,,approach,"감사와 함께 자기부족감, 빚진 느낌, 지금 당장 갚고 싶어지는 추동이 동시에 존재한다는 점","그냥 따뜻하고 훈훈한 감사 정서로만 순화하는 것, 또는 high arousal을 불안/공포로 오독하는 것","감사 표현에 그치지 않고 실제 보답 행동을 조직하려는 성향이 강하다. 말, 집안일, 요리, 돌봄 제공처럼 구체적이고 관계 지향적인 접근 행동으로 이어질 가능성이 높다.",repair,ablate_control_state,ablation,control_state,high,,Removing control_state should reduce fidelity for the matching emotional dimension.
s_001822,내가 심한 교통사고가 났을 때 어머니는 밤새 나를 간호해주었어. 어머니께 정말 감사해. [SEP] 어머니가 밤새 간호해주셨군요. 고마운 마음이 드시겠어요. [SEP] 나는 어머니께 해준 것도 없는데 미안하고 감사한 마음이 커. 지금이라도 효도하고 싶어. [SEP] 어떻게 하면 어머니에게 좋은 효도를 할 수 있을까요? [SEP] 집안일을 도와드리고 요리도 내가 직접 해드려야겠어. [SEP] 어머니에게 좋은 도움이 되었으면 좋겠어요.,감사-미안함의 보답 추동,repair_gratitude,approach_or_repair,mixed,high,mixed,high,approach,"감사와 함께 자기부족감, 빚진 느낌, 지금 당장 갚고 싶어지는 추동이 동시에 존재한다는 점","그냥 따뜻하고 훈훈한 감사 정서로만 순화하는 것, 또는 high arousal을 불안/공포로 오독하는 것","감사 표현에 그치지 않고 실제 보답 행동을 조직하려는 성향이 강하다. 말, 집안일, 요리, 돌봄 제공처럼 구체적이고 관계 지향적인 접근 행동으로 이어질 가능성이 높다.",,ablate_action_tendency_class,ablation,action_tendency_class,repair,,Removing action_tendency_class should reduce fidelity for the matching emotional dimension.
s_001822,내가 심한 교통사고가 났을 때 어머니는 밤새 나를 간호해주었어. 어머니께 정말 감사해. [SEP] 어머니가 밤새 간호해주셨군요. 고마운 마음이 드시겠어요. [SEP] 나는 어머니께 해준 것도 없는데 미안하고 감사한 마음이 커. 지금이라도 효도하고 싶어. [SEP] 어떻게 하면 어머니에게 좋은 효도를 할 수 있을까요? [SEP] 집안일을 도와드리고 요리도 내가 직접 해드려야겠어. [SEP] 어머니에게 좋은 도움이 되었으면 좋겠어요.,감사-미안함의 보답 추동,repair_gratitude,approach_or_repair,mixed,high,other,high,approach,"감사와 함께 자기부족감, 빚진 느낌, 지금 당장 갚고 싶어지는 추동이 동시에 존재한다는 점","그냥 따뜻하고 훈훈한 감사 정서로만 순화하는 것, 또는 high arousal을 불안/공포로 오독하는 것","감사 표현에 그치지 않고 실제 보답 행동을 조직하려는 성향이 강하다. 말, 집안일, 요리, 돌봄 제공처럼 구체적이고 관계 지향적인 접근 행동으로 이어질 가능성이 높다.",repair,perturb_target,perturbation,target,mixed,other,Changing target from mixed to other should shift response direction.
s_001822,내가 심한 교통사고가 났을 때 어머니는 밤새 나를 간호해주었어. 어머니께 정말 감사해. [SEP] 어머니가 밤새 간호해주셨군요. 고마운 마음이 드시겠어요. [SEP] 나는 어머니께 해준 것도 없는데 미안하고 감사한 마음이 커. 지금이라도 효도하고 싶어. [SEP] 어떻게 하면 어머니에게 좋은 효도를 할 수 있을까요? [SEP] 집안일을 도와드리고 요리도 내가 직접 해드려야겠어. [SEP] 어머니에게 좋은 도움이 되었으면 좋겠어요.,감사-미안함의 보답 추동,repair_gratitude,approach_or_repair,mixed,high,mixed,high,defend,"감사와 함께 자기부족감, 빚진 느낌, 지금 당장 갚고 싶어지는 추동이 동시에 존재한다는 점","그냥 따뜻하고 훈훈한 감사 정서로만 순화하는 것, 또는 high arousal을 불안/공포로 오독하는 것","감사 표현에 그치지 않고 실제 보답 행동을 조직하려는 성향이 강하다. 말, 집안일, 요리, 돌봄 제공처럼 구체적이고 관계 지향적인 접근 행동으로 이어질 가능성이 높다.",repair,perturb_social_orientation,perturbation,social_orientation,approach,defend,Changing social_orientation from approach to defend should shift response direction.
s_001822,내가 심한 교통사고가 났을 때 어머니는 밤새 나를 간호해주었어. 어머니께 정말 감사해. [SEP] 어머니가 밤새 간호해주셨군요. 고마운 마음이 드시겠어요. [SEP] 나는 어머니께 해준 것도 없는데 미안하고 감사한 마음이 커. 지금이라도 효도하고 싶어. [SEP] 어떻게 하면 어머니에게 좋은 효도를 할 수 있을까요? [SEP] 집안일을 도와드리고 요리도 내가 직접 해드려야겠어. [SEP] 어머니에게 좋은 도움이 되었으면 좋겠어요.,감사-미안함의 보답 추동,repair_gratitude,approach_or_repair,mixed,high,mixed,low,approach,"감사와 함께 자기부족감, 빚진 느낌, 지금 당장 갚고 싶어지는 추동이 동시에 존재한다는 점","그냥 따뜻하고 훈훈한 감사 정서로만 순화하는 것, 또는 high arousal을 불안/공포로 오독하는 것","감사 표현에 그치지 않고 실제 보답 행동을 조직하려는 성향이 강하다. 말, 집안일, 요리, 돌봄 제공처럼 구체적이고 관계 지향적인 접근 행동으로 이어질 가능성이 높다.",repair,perturb_control_state,perturbation,control_state,high,low,Changing control_state from high to low should shift response direction.
s_001822,내가 심한 교통사고가 났을 때 어머니는 밤새 나를 간호해주었어. 어머니께 정말 감사해. [SEP] 어머니가 밤새 간호해주셨군요. 고마운 마음이 드시겠어요. [SEP] 나는 어머니께 해준 것도 없는데 미안하고 감사한 마음이 커. 지금이라도 효도하고 싶어. [SEP] 어떻게 하면 어머니에게 좋은 효도를 할 수 있을까요? [SEP] 집안일을 도와드리고 요리도 내가 직접 해드려야겠어. [SEP] 어머니에게 좋은 도움이 되었으면 좋겠어요.,감사-미안함의 보답 추동,repair_gratitude,approach_or_repair,mixed,high,mixed,high,approach,"감사와 함께 자기부족감, 빚진 느낌, 지금 당장 갚고 싶어지는 추동이 동시에 존재한다는 점","그냥 따뜻하고 훈훈한 감사 정서로만 순화하는 것, 또는 high arousal을 불안/공포로 오독하는 것","감사 표현에 그치지 않고 실제 보답 행동을 조직하려는 성향이 강하다. 말, 집안일, 요리, 돌봄 제공처럼 구체적이고 관계 지향적인 접근 행동으로 이어질 가능성이 높다.",confront,perturb_action_tendency_class,perturbation,action_tendency_class,repair,confront,Changing action_tendency_class from repair to confront should shift response direction.
